jis_code	url	system_type	crawl_status	exclusion_reason	exclusion_detail	policy_checked_at	policy_fingerprint
01000	https://pref-hokkaido.gijiroku.com/voices/g07v_search.asp	gijiroku.com	enabled			2026-08-02	e8501aa35bb5f70543d58ecf06cda10984f141d4689769fdc16b5ef9f5e6115e
01100	https://sapporo.gijiroku.com/voices/g07v_search.asp	gijiroku.com	enabled			2026-08-02	03b85a6eacc8b10405242f7c1f5c50b4a896fa10e59a714101c259eadaf888a9
01202	https://ssp.kaigiroku.net/tenant/hakodate/SpMinuteSearch.html	kaigiroku.net	enabled				b0337e1de05e398b3b44d08fc86b298a4136db59c971f97a0bac59d22aa823c4
01203	https://www.city.otaru.lg.jp/categories/bunya/gikai/kaigoroku/	独自	enabled			2026-08-02	e9b889459c7a68ac9dd6dd9648464d8ebc1501c25341971c5d70ec5ea8691417
01204	https://ssp.kaigiroku.net/tenant/asahikawa/SpMinuteSearch.html	kaigiroku.net	enabled				2ea965d56cfb9ce639a41e9e47e50e2d14db3407ca8e127200b2d8dd9e8de3a0
01205	https://ssp.kaigiroku.net/tenant/muroran/MinuteSearch.html	kaigiroku.net	enabled				6236abf166212f9a3a3b04d74e3a9304c81dd6e2a3b039ff8e0aa0ad71449d8c
01206	https://ssp.kaigiroku.net/tenant/kushiro/MinuteSearch.html	kaigiroku.net	enabled				dd4a8ad4ea97e312cdc0bc8664fc7e2e2829e677d1c2c6ffb219790215984336
01207	https://ssp.kaigiroku.net/tenant/obihiro/SpMinuteSearch.html	kaigiroku.net	enabled				8c62f62baa55fe8b8c571ccf2215bb6603123eaed38e66767286de91853d608a
01208	https://ssp.kaigiroku.net/tenant/kitami/MinuteSearch.html	kaigiroku.net	enabled				c1f74e7bc63f3f0eac0ef5fa7afca30a30ec8502ab9bb06e10881299681813f0
01209	https://www.city.yubari.lg.jp/site/gikai/list13.html	独自	enabled			2026-08-02	6b2b0fe9ae7a2aaa369cfd688944f9a8e62373e0252fbe9d92deda252401499d
01210	https://iwamizawa-gikai.gijiroku.com/voices/	gijiroku.com	enabled			2026-08-02	a4f2fc2f058765f84430d4d51fa27d0cf11cb5956382dae5beb5196fa285ba1b
01211	https://www.city.abashiri.hokkaido.jp/site/gikai/1581.html	独自	enabled			2026-08-02	93699ae30d3c87c297e1c6244cc18a8bccbe60ce301656949042e0954413cd66
01212	https://rumoi.gijiroku.com/voices/g07v_search.asp	gijiroku.com	enabled			2026-08-02	4ed06befe0bc877e91ca670621a88e89a1758f96490443724eb43d8060a239cf
01213	https://ssp.kaigiroku.net/tenant/tomakomai/SpMinuteSearch.html	kaigiroku.net	enabled				26c343bc16436fe729582d2a4b41c1941efd15be94a1bc86ea2957fbcdffa155
01214	https://ssp.kaigiroku.net/tenant/wakkanai/MinuteSearch.html	kaigiroku.net	enabled				9e9e2de95fc0e8bd78d6a434bb180bcada44677fecfb95a060fc3cb08b9e05c8
01215	https://www.city.bibai.hokkaido.jp/site/gikai/list16.html	独自	enabled	robots_unreachable	https://www.city.bibai.hokkaido.jp/robots.txt / HTTP 403	2026-08-02	18c9acd015ecc41f893a8ce56d6c03d65a390092b49753468176087843584d0d
01216	https://ssp.kaigiroku.net/tenant/ashibetsu/SpMinuteSearch.html	kaigiroku.net	enabled				97e6e9be10c138dd1a21bc9d64746a60e8484e4bd10a60d1b92e850607fdd2f1
01217	https://www.city.ebetsu.hokkaido.jp/soshiki/kodomokateika/38470.html	独自	enabled			2026-08-02	590391606ac9c0c59e2200d32ed85985711f6968d81cbc83000d205865f9b033
01218	https://www.city.akabira.hokkaido.jp/docs/7512.html	独自	enabled			2026-08-02	3b4226c1dcf4cc8b3d8e18708057839f3ec590f6801551f4f201ae41ff00178b
01219	https://mombetsu.jp/gikai/minutes/	独自	enabled			2026-08-02	9b02fe6e3ff3b1d4c3a792737df523f904906cd9e37b723c67463b3356f38571
01220			unresolved	source_url_unresolved	会議録の代表URLを未特定	2026-08-02	f4e7b529b2f42d53c257bc2782b0eb5f954301ab8fd137382d26585cfc739c60
01221	https://ssp.kaigiroku.net/tenant/nayoro/MinuteSearch.html	kaigiroku.net	enabled				dffa40b66459f3575066fa38711d9e52ebc58b1922f54367b71cc8773230fe80
01222	https://www.city.mikasa.hokkaido.jp/assembly/detail/00016816.html	独自	enabled			2026-08-02	9103d21fea7c4ca75454ff2f5fa5c3aa8bf88ccfbdfad176ec9c6c3561a71769
01223	https://ssp.kaigiroku.net/tenant/nemuro/MinuteSearch.html	kaigiroku.net	enabled				57997ad9931796a30fcf6a9555613f6ac237599bac6ad8f67fcc855d12ab7dc1
01224	https://ssp.kaigiroku.net/tenant/chitose/MinuteSearch.html	kaigiroku.net	enabled				a5500cebc58d175a0dbede0c38e2397a610887ceb326baefbd6d228b3e164f25
01225	https://www.city.takikawa.lg.jp/page/2872.html	独自	enabled			2026-08-02	9f290c79f6cf64a4e481e9bb264cce6c69f07b4e632be49d983a9260e8693aa1
01226	https://www.city.sunagawa.hokkaido.jp/shisei/shigikai/kaigiroku/	static-kaigiroku-dir	enabled			2026-08-02	4cee097a82b5aac9aa18198e62c3da8821fa9a786aee5608fadc553f046e3a4e
01227	https://www.city.utashinai.hokkaido.jp/hotnews/detail/00003817.html	独自	enabled			2026-08-02	1786c2cf5b55bd4b98ae1bf1d89ad62e6f6180c3f53415f449af07650522e247
01228	https://fukagawa.gijiroku.com/voices/g08v_search.asp	gijiroku.com	enabled			2026-08-02	07f27742b77e1d04d08246a9e6e0b3cdf89b322b5ee0565e20f2bf047f8f59fb
01229	https://www.city.furano.hokkaido.jp/shigikai/kaigi/teireikai/#teirei_kaigiroku	独自	enabled			2026-08-02	1e313fcefb1712197656ffe2df7af215bf745c8ea0ab58549a87c29e95ad2edd
01230	https://ssp.kaigiroku.net/tenant/noboribetsu/MinuteSearch.html	kaigiroku.net	enabled				b17cb4f3c57cf7f4927ad759471299589af2a797f80b16bb8bd480a732fb6a70
01231	https://ssp.kaigiroku.net/tenant/eniwa/MinuteSearch.html	kaigiroku.net	enabled				7ae8fcaa20e36b1173fa72d689173eddbafce2347f8f16a8af527acffaa63e79
01233	https://ssp.kaigiroku.net/tenant/date/SpMinuteSearch.html	kaigiroku.net	enabled				e4279fd1c518e171c783bc144598ad184f79a14bdaff677e2c2c688d6d91f493
01234	https://ssp.kaigiroku.net/tenant/kitahiroshima/MinuteSearch.html	kaigiroku.net	enabled				78ea58c8c0fd8b1852d77eed5a15d811cd062b8ae71eea1361b0d37ccc70be62
01235	https://ssp.kaigiroku.net/tenant/ishikari/SpMinuteSearch.html	kaigiroku.net	enabled				5a399ae00c4561eeca57e459a70a71c3f7a3a886530139eeaaa691009185bdd0
01236	https://ssp.kaigiroku.net/tenant/hokuto/SpMinuteSearch.html	kaigiroku.net	enabled				93b750a4ffc1caea7de542e08d27e4bdee5e14dffcb146697db3d0646ab56bc0
01303			unresolved	source_url_unresolved	会議録の代表URLを未特定	2026-08-02	f4e7b529b2f42d53c257bc2782b0eb5f954301ab8fd137382d26585cfc739c60
01304			unresolved	source_url_unresolved	会議録の代表URLを未特定	2026-08-02	f4e7b529b2f42d53c257bc2782b0eb5f954301ab8fd137382d26585cfc739c60
01331	https://www.town.matsumae.hokkaido.jp/hotnews/detail/00000317.html	独自	enabled			2026-08-02	a5b5bbd3a2898803c66b0da8fc4a55bf8e3e3b0b1f1bc7193ca67ff16ced78e9
01332	https://www.town.fukushima.hokkaido.jp/gikai/%e4%bc%9a%e8%ad%b0%e8%b3%87%e6%96%99%e3%83%bb%e6%98%a0%e5%83%8f/?year_of_conferenceMaterial=2026&kind_of_conferenceMaterial=9	独自	enabled			2026-08-02	9e7a45729990657ffa421897af2c6e89d4e49e4e86e547a7000a4d9449061286
01333	https://www.town.shiriuchi.hokkaido.jp/chosei/gikai/kaigiroku/r01/	独自	enabled			2026-08-02	313defe58bc50c65037a9ccb2e802bd3162b2d86c7f63c44de3904c888b14ac3
01334	https://www.town.kikonai.hokkaido.jp/gikai/kaigiroku/R7/	独自	enabled			2026-08-02	1e70cffebc9a841de72aeb8c917acafb954bb2358f47407474c9b010a3896f94
01337	https://www.town.nanae.hokkaido.jp/hotnews/category/471.html	独自	enabled			2026-08-02	c4a7ff65efdd83580739d70af6e5825487b4d0def9f004c5c2e736604f418986
01343			unresolved	source_url_unresolved	会議録の代表URLを未特定	2026-08-02	f4e7b529b2f42d53c257bc2782b0eb5f954301ab8fd137382d26585cfc739c60
01345	https://www.town.hokkaido-mori.lg.jp/gyoseijoho/gikai/1037.html	独自	enabled			2026-08-02	b6163ff2bdc195a5cd3382c6a03f2e06bb9bb2723d58bfa536e36d47c15811c2
01346	https://www.town.yakumo.lg.jp/site/gikai/r8-kaigiroku-zenkyou.html	独自	enabled			2026-08-02	332dc650894b62839d19fcf9e6f947225aa58062b75ab3a2758471ee0f6fec7c
01347	https://www.town.oshamambe.lg.jp/site/gikai/list28.html	独自	enabled	robots_unreachable	https://www.town.oshamambe.lg.jp/robots.txt / HTTP 403	2026-08-02	0f9509820bb92691f6d95387c4515db569cde1b98969725e31f07fe0236fca77
01361	https://www.hokkaido-esashi.jp/gikai/gikai.html	独自	enabled			2026-08-02	960d34d16e96121cad4b0d33d6a88cb7e4b606a06b68254ae21fd8332c1d98a1
01362	https://www.town.kaminokuni.lg.jp/hotnews/detail/00001010.html	独自	enabled			2026-08-02	dfbefd59e70559ca55b2970590409fb14c66a8945d86dde7a712fbb7d8cfd622
01363	https://www.town.assabu.lg.jp/site/gikai/list32.html	独自	enabled	robots_unreachable	https://www.town.assabu.lg.jp/robots.txt / HTTP 403	2026-08-02	1b51401b7f1677b428019a258fbb8d71445c5a1ee5500e7cd5709971b6b1ec73
01364			unresolved	source_url_unresolved	会議録の代表URLを未特定	2026-08-02	f4e7b529b2f42d53c257bc2782b0eb5f954301ab8fd137382d26585cfc739c60
01367			unresolved	source_url_unresolved	会議録の代表URLを未特定	2026-08-02	f4e7b529b2f42d53c257bc2782b0eb5f954301ab8fd137382d26585cfc739c60
01370			unresolved	source_url_unresolved	会議録の代表URLを未特定	2026-08-02	f4e7b529b2f42d53c257bc2782b0eb5f954301ab8fd137382d26585cfc739c60
01371	https://www.town.setana.lg.jp/gikai/kaigiroku/	static-kaigiroku-dir	enabled			2026-08-02	18a9544c57d300356530a39b2b48d73b2b81d77617e24640bec027bff10f2936
01391			unresolved	source_url_unresolved	会議録の代表URLを未特定	2026-08-02	f4e7b529b2f42d53c257bc2782b0eb5f954301ab8fd137382d26585cfc739c60
01392			unresolved	source_url_unresolved	会議録の代表URLを未特定	2026-08-02	f4e7b529b2f42d53c257bc2782b0eb5f954301ab8fd137382d26585cfc739c60
01393			unresolved	source_url_unresolved	会議録の代表URLを未特定	2026-08-02	f4e7b529b2f42d53c257bc2782b0eb5f954301ab8fd137382d26585cfc739c60
01394	https://www.town.rankoshi.hokkaido.jp/administration/town/detail.html?content=301	独自	enabled			2026-08-02	f062673395f0e23b4765b8f0a066ca0737a1d6a54d03ae3c412bcdf1ea0a4334
01395	https://www.town.niseko.lg.jp/chosei/gikai/kaigi/	独自	enabled			2026-08-02	592e65558c5abf2e9459ff81c3da94e28864e4199c5835e7a338f7cf8a91c447
01396	https://www.vill.makkari.lg.jp/songikai/kaigiroku/	static-kaigiroku-dir	enabled			2026-08-02	df1f720596d70b10d7f4fd6630bb5ee1bab2adaaee43f1d7d598a89c24989db0
01397	https://www.vill.rusutsu.lg.jp/hotnews/detail/00004391.html	独自	enabled			2026-08-02	2f032c15ecbb1854cce61326fc27c6e32cd5f3658111c63aa0b1c4a8324c17cf
01398			unresolved	source_url_unresolved	会議録の代表URLを未特定	2026-08-02	f4e7b529b2f42d53c257bc2782b0eb5f954301ab8fd137382d26585cfc739c60
01399			unresolved	source_url_unresolved	会議録の代表URLを未特定	2026-08-02	f4e7b529b2f42d53c257bc2782b0eb5f954301ab8fd137382d26585cfc739c60
01400	https://ssp.kaigiroku.net/tenant/kutchan/SpTop.html	kaigiroku.net	enabled				306c6f6ae9867c079f4597a4bd35b513aa862d1c757d8cf924aae3e3e2e7bee7
01401			unresolved	source_url_unresolved	会議録の代表URLを未特定	2026-08-02	f4e7b529b2f42d53c257bc2782b0eb5f954301ab8fd137382d26585cfc739c60
01402			unresolved	source_url_unresolved	登録URLは教育委員会の会議録。議会会議録の公開先を未特定		f4e7b529b2f42d53c257bc2782b0eb5f954301ab8fd137382d26585cfc739c60
01403			unresolved	source_url_unresolved	会議録の代表URLを未特定	2026-08-02	f4e7b529b2f42d53c257bc2782b0eb5f954301ab8fd137382d26585cfc739c60
01404	https://www.vill.kamoenai.hokkaido.jp/hotnews/detail/00001425.html	独自	enabled			2026-08-02	23db98cc3d6867017a24635506ff49712c78fc120828eb04de94cb7778d05908
01405			unresolved	source_url_unresolved	会議録の代表URLを未特定	2026-08-02	f4e7b529b2f42d53c257bc2782b0eb5f954301ab8fd137382d26585cfc739c60
01406	https://www.town.furubira.lg.jp/town/detail.php?id=59	独自	enabled			2026-08-02	e52e9f8b6cdf7deec3a2730ba93ca89bc347b85f9356c3b74bd1434f280b072f
01407	https://www.town.niki.hokkaido.jp/section/gikai/irv97600000004s6.html	独自	enabled			2026-08-02	8b03776cd721b025fab27aec2789f2304c3153103cbf56bb50a2493c67fc1d84
01408	https://www.town.yoichi.hokkaido.jp/gikai/kaigiroku/index.html	static-kaigiroku-dir	enabled			2026-08-02	229f528b6a468755ac346f0ce272f994ab766d424f27891bf7a024d2b24324e7
01409			unresolved	source_url_unresolved	会議録の代表URLを未特定	2026-08-02	f4e7b529b2f42d53c257bc2782b0eb5f954301ab8fd137382d26585cfc739c60
01423			unresolved	source_url_unresolved	会議録の代表URLを未特定	2026-08-02	f4e7b529b2f42d53c257bc2782b0eb5f954301ab8fd137382d26585cfc739c60
01424	https://www.town.naie.hokkaido.jp/gikai/g_kaigiroku/	static-kaigiroku-dir	enabled			2026-08-02	ccbbd5ed95d167d404ed9cb8462cbee975f71d93d6f64ee7f80bd1e60ef6bd2f
01425	https://town.kamisunagawa.hokkaido.jp/gikai_jimukyoku/kekka/index.html	独自	enabled			2026-08-02	e66eb83088a42af6187182c9b9f122ca56b6f02eefc7e83313a13f222cd33cf2
01427			unresolved	source_url_unresolved	会議録の代表URLを未特定	2026-08-02	f4e7b529b2f42d53c257bc2782b0eb5f954301ab8fd137382d26585cfc739c60
01428	https://www.maoi-net.jp/kanko_nogyo/nogyoiinkai/nittei.html	独自	enabled			2026-08-02	c164313d03eec343f6f2a24017b6d7155ab7084a6d04555aabab63538e101070
01429	https://www.town.kuriyama.hokkaido.jp/site/gikai/7389.html	site-gikai-pdf	enabled	robots_unreachable	https://www.town.kuriyama.hokkaido.jp/robots.txt / HTTP 403	2026-08-02	cece6633403a9c93d21b056f7138261cde0517320b26c56e562734825b8ff68c
01430			unresolved	source_url_unresolved	登録URLは農業委員会総会の議事録。議会会議録の公開先を未特定		f4e7b529b2f42d53c257bc2782b0eb5f954301ab8fd137382d26585cfc739c60
01431			unresolved	source_url_unresolved	会議録の代表URLを未特定	2026-08-02	f4e7b529b2f42d53c257bc2782b0eb5f954301ab8fd137382d26585cfc739c60
01432	https://www.town.shintotsukawa.lg.jp/hotnews/detail/00001787.html	独自	enabled			2026-08-02	c44ca3ec2c65e85ced3ebb03ac5a5c0e4186a0d8cc96de0c775fbd469894f637
01433	https://www.town.moseushi.hokkaido.jp/gikai/gijiroku/	static-kaigiroku-dir	enabled			2026-08-02	62c1957256c40544f30274dcf14d0524941627bc9a089a41b16415553b7ac2c5
01434	https://www.town.chippubetsu.hokkaido.jp/category/detail.html?category=town&content=636	独自	enabled			2026-08-02	181de8e2faa4637de66ebf4eed47fe6a6bb6b22c8720876792a363d3e415a867
01436	https://www.town.uryu.hokkaido.jp/docs/4719.html	独自	enabled			2026-08-02	25e8b0ab67ff3d9f15b0c56a76d28953f65d8ada22250dce3b5d18ef1c9e86cc
01437	http://www.town.hokuryu.hokkaido.jp/gikaikaigiroku_r6/	独自	enabled			2026-08-02	01ddef5cbf236388d1a57d096d47fc5a8df16cc106608257a1cc45da617989b5
01438	https://www.town.numata.hokkaido.jp/section/gikai/index.html#i21	独自	enabled			2026-08-02	1048552c2d76219646aedc5a631ee46d43e0af16a45ca309c14845d91061963e
01452			unresolved	source_url_unresolved	会議録の代表URLを未特定	2026-08-02	f4e7b529b2f42d53c257bc2782b0eb5f954301ab8fd137382d26585cfc739c60
01453			unresolved	source_url_unresolved	会議録の代表URLを未特定	2026-08-02	f4e7b529b2f42d53c257bc2782b0eb5f954301ab8fd137382d26585cfc739c60
01454			unresolved	source_url_unresolved	会議録の代表URLを未特定	2026-08-02	f4e7b529b2f42d53c257bc2782b0eb5f954301ab8fd137382d26585cfc739c60
01455			unresolved	source_url_unresolved	会議録の代表URLを未特定	2026-08-02	f4e7b529b2f42d53c257bc2782b0eb5f954301ab8fd137382d26585cfc739c60
01456			unresolved	source_url_unresolved	会議録の代表URLを未特定	2026-08-02	f4e7b529b2f42d53c257bc2782b0eb5f954301ab8fd137382d26585cfc739c60
01457			unresolved	source_url_unresolved	会議録の代表URLを未特定	2026-08-02	f4e7b529b2f42d53c257bc2782b0eb5f954301ab8fd137382d26585cfc739c60
01458			unresolved	source_url_unresolved	会議録の代表URLを未特定	2026-08-02	f4e7b529b2f42d53c257bc2782b0eb5f954301ab8fd137382d26585cfc739c60
01459	https://town.biei.hokkaido.jp/administration/parliament/proceedings/proceedings8.html	独自	enabled			2026-08-02	314b0f32c17c7a9909a79e0aecfa0e94552390f65d5f04a48ae635848e581165
01460	https://www.town.kamifurano.hokkaido.jp/index.php?id=146	独自	enabled			2026-08-02	cbee470fa4edc01e9367dc18d3dc66df6741fa454f8bf3522b974d09521395be
01461			unresolved	source_url_unresolved	会議録の代表URLを未特定	2026-08-02	f4e7b529b2f42d53c257bc2782b0eb5f954301ab8fd137382d26585cfc739c60
01462			unresolved	source_url_unresolved	登録URLは農業委員会総会の議事録。議会会議録の公開先を未特定		f4e7b529b2f42d53c257bc2782b0eb5f954301ab8fd137382d26585cfc739c60
01463	https://www.vill.shimukappu.lg.jp/shimukappu/section/gikai/index.html#i5	独自	enabled			2026-08-02	88fb92e03e8948fc5f938e7918da2a553392d687ee0d5b7d117b64b42fd8ba63
01464	https://www.town.wassamu.hokkaido.jp/congress-secretariat/hearing-browse/	独自	enabled			2026-08-02	eda0efe899041c3b167455c7abda5e4c82318e41a3b1ba94f02e02d6fdcbc43b
01465			unresolved	source_url_unresolved	会議録の代表URLを未特定	2026-08-02	f4e7b529b2f42d53c257bc2782b0eb5f954301ab8fd137382d26585cfc739c60
01468	https://www.town.shimokawa.hokkaido.jp/section/2021/08/post-133-1.html	独自	enabled			2026-08-02	800ec4f97f67cb161c17be06958e244f63130df44fada02620547221b057364e
01469			unresolved	source_url_unresolved	会議録の代表URLを未特定	2026-08-02	f4e7b529b2f42d53c257bc2782b0eb5f954301ab8fd137382d26585cfc739c60
01470			unresolved	source_url_unresolved	会議録の代表URLを未特定	2026-08-02	f4e7b529b2f42d53c257bc2782b0eb5f954301ab8fd137382d26585cfc739c60
01471			unresolved	source_url_unresolved	会議録の代表URLを未特定	2026-08-02	f4e7b529b2f42d53c257bc2782b0eb5f954301ab8fd137382d26585cfc739c60
01472	https://www.town.horokanai.hokkaido.jp/gikai/giroku	独自	enabled			2026-08-02	1fd1f29ae35d35a87a3cd14179e63638d1d0ce76b4b0e87d33ab97c9ef7a5990
01481			unresolved	source_url_unresolved	会議録の代表URLを未特定	2026-08-02	f4e7b529b2f42d53c257bc2782b0eb5f954301ab8fd137382d26585cfc739c60
01482	https://www.town.obira.hokkaido.jp/hotnews/detail/00004061.html	独自	enabled			2026-08-02	85736d3531dda4574d342175f27b1ecf4376c9c15f9aafe2f30c1a175441df69
01483			unresolved	source_url_unresolved	会議録の代表URLを未特定	2026-08-02	f4e7b529b2f42d53c257bc2782b0eb5f954301ab8fd137382d26585cfc739c60
01484	https://www.town.haboro.lg.jp/gikai-iinkai/gikai/gijiroku/	static-kaigiroku-dir	enabled			2026-08-02	5b030169a5382b72a415e228bdccffac2337c11ab96f4db4090e8b8e13cb2060
01485	https://www.vill.shosanbetsu.lg.jp/topics/gikaijimu/20200401.html	独自	enabled			2026-08-02	a6851607de2687e12171763b485d59ccbeb8bd1bbf42fea6730a4841c5341b5b
01486	https://www.town.embetsu.hokkaido.jp/docs/4088.html	独自	enabled			2026-08-02	05a84e8c0c5033fc97d08d3d309684d1884d97ead2a96375bf1edfc6abbefbf6
01487			unresolved	source_url_unresolved	会議録の代表URLを未特定	2026-08-02	f4e7b529b2f42d53c257bc2782b0eb5f954301ab8fd137382d26585cfc739c60
01511			unresolved	source_url_unresolved	登録URLは農業委員会総会の議事録。議会会議録の公開先を未特定		f4e7b529b2f42d53c257bc2782b0eb5f954301ab8fd137382d26585cfc739c60
01512	http://www.town.hamatonbetsu.hokkaido.jp/town/detail.php?content=78	独自	enabled			2026-08-02	44d0e50ffd84515e2e1642f6ba9f1ec8b5f5a8f90c7868404eb8ad02b3d9a07d
01513	https://www.town.nakatombetsu.hokkaido.jp/bunya/5988/	独自	enabled			2026-08-02	3741cafcf89efe0c5408156a485f3009da3e259b7d9bdfd22722762f881bd73d
01514	https://www.esashi.jp/gikai/meeting/minutes.html	独自	enabled			2026-08-02	6afc0d8b5f5b6308148594efe19c40f4b7a1786604058b2a7e2df9346dd4508f
01516			unresolved	source_url_unresolved	会議録の代表URLを未特定	2026-08-02	f4e7b529b2f42d53c257bc2782b0eb5f954301ab8fd137382d26585cfc739c60
01517			unresolved	source_url_unresolved	登録URLは総合教育会議の議事録。議会会議録の公開先を未特定		f4e7b529b2f42d53c257bc2782b0eb5f954301ab8fd137382d26585cfc739c60
01518			unresolved	source_url_unresolved	会議録の代表URLを未特定	2026-08-02	f4e7b529b2f42d53c257bc2782b0eb5f954301ab8fd137382d26585cfc739c60
01519			unresolved	source_url_unresolved	会議録の代表URLを未特定	2026-08-02	f4e7b529b2f42d53c257bc2782b0eb5f954301ab8fd137382d26585cfc739c60
01520	https://www.town.horonobe.lg.jp/www4/section/gikai/le009f0000008a13.html	独自	enabled			2026-08-02	3b65f9adbb89434e6e25625d06d5d3e22dc99f1465dfdce5b21379523afc671d
01543	https://www.town.bihoro.hokkaido.jp/site/gikai/18672.html	独自	enabled			2026-08-02	f472a7989c0527869f548c1b4d8d73ab3612e36539d2487105a181572f8e94e7
01544	https://www.town.tsubetsu.hokkaido.jp/choseijoho/tsubetsugikai/2/index.html	独自	enabled			2026-08-02	06e9b5b7c201fe16b0586fd61c28d875293a072a482d1fe9dc999fc818944b53
01545			unresolved	source_url_unresolved	会議録の代表URLを未特定	2026-08-02	f4e7b529b2f42d53c257bc2782b0eb5f954301ab8fd137382d26585cfc739c60
01546	https://www.town.kiyosato.hokkaido.jp/administration/?category=112	独自	enabled			2026-08-02	841025eac9a907f7d73664e7a6bdfaecfeb169c88cc1180c521adf7dad4f87fe
01547	https://www.town.koshimizu.hokkaido.jp/gikai/category/182.html	独自	enabled			2026-08-02	5fdc91c948bc948bd04623c8eb42a528b3812766139942f775e15c7f5268cc8f
01549			unresolved	source_url_unresolved	会議録の代表URLを未特定	2026-08-02	f4e7b529b2f42d53c257bc2782b0eb5f954301ab8fd137382d26585cfc739c60
01550	https://www.town.oketo.hokkaido.jp/gikai/kaigiroku/	static-kaigiroku-dir	enabled			2026-08-02	3f0bbdebc818bce9eec90756c8627f090f34ad4ea64c8a7114da16a47c230bb8
01552	https://www.town.saroma.hokkaido.jp/gikai/hongikai/kaigiroku.html	独自	enabled			2026-08-02	0ee84f8c07e2ddb27441f8a4b21e8ede7e6576ed8042e1790e892762956fd419
01555	https://engaru.jp/information/page.php?id=398	独自	enabled			2026-08-02	9ded0fdcdcd2cf88ec13e220f416a3aa69322331536f3b82c7f21aa61ad4a2e6
01559			unresolved	source_url_unresolved	会議録の代表URLを未特定	2026-08-02	f4e7b529b2f42d53c257bc2782b0eb5f954301ab8fd137382d26585cfc739c60
01560	https://www.town.takinoue.hokkaido.jp/chosei/sangyo/nougyo/nougyoiinkai/sokaigijiroku.html	独自	enabled			2026-08-02	1c9fa2337c3b33e9305fe098a4435ca8736339d3601602ee0f1aacdf9a7f44f3
01561			unresolved	source_url_unresolved	会議録の代表URLを未特定	2026-08-02	f4e7b529b2f42d53c257bc2782b0eb5f954301ab8fd137382d26585cfc739c60
01562			unresolved	source_url_unresolved	登録URLは総合教育会議の会議録。議会会議録の公開先を未特定		f4e7b529b2f42d53c257bc2782b0eb5f954301ab8fd137382d26585cfc739c60
01563	http://www1.town.oumu.hokkaido.jp/dbp/phpdb.php?table=minutes&skin=folder	独自	enabled			2026-08-02	76cdcac5c356115c59626ebb30335136c11e4a8f78a6de75c8997ea04fcc1a9c
01564	https://www.town.ozora.hokkaido.jp/machinoshirase/chogikai/6/3744.html	独自	enabled			2026-08-02	ae4b97b9c627d007c8683ed11820b9a8affcff7a752d8fc6098884e9e2d90188
01571	https://www.town.toyoura.hokkaido.jp/hotnews/detail/00006367.html	独自	enabled			2026-08-02	589071680114c876ef85d03b876d571ec1b96b8e55802a80acddfd7db113bb97
01575	https://www.town.sobetsu.lg.jp/shinchaku/2020/02/post-274.html	独自	enabled			2026-08-02	a397437ffd11c02a2005ebe1745525c976e9b1f806451dde5dbb7bdc0ae666c0
01578	https://www.town.shiraoi.hokkaido.jp/docs/page2014063000011.html	独自	enabled				a09fc51720786e2852669a7b231f207fdd933d5b566b298022d831b63a8b282e
01581	https://ssp.kaigiroku.net/tenant/atsuma/SpMinuteSearch.html	kaigiroku.net	enabled				5bb2ad2b473df5a3b1bc2d926e558b5d1ec12b10196fca34d3334640a48d099e
01584	http://www.town.toyako.hokkaido.jp/town_administration/town_council/toc006/	独自	enabled	robots_unreachable	http://www.town.toyako.hokkaido.jp/robots.txt / HTTP 403	2026-08-02	bb5729f491c0edab755cab36d902025c312d93eefc4c8873bdb1d646a293a327
01585	https://www.town.abira.lg.jp/gyosei/kaigiroku	独自	enabled			2026-08-02	b13d93c83ff5ae7bc9f1b2c161b0b4733b7ae5c2fc984eab720420a796d2ca85
01586	http://www.town.mukawa.lg.jp/2872.htm	独自	enabled			2026-08-02	a35f988699f558f43d6e74f9e48d6c75f20cb3eb7da8e7241b658d6d2321aa06
01601	https://ssp.kaigiroku.net/tenant/hidakahokkaido/MinuteSearch.html	kaigiroku.net	enabled				b78cc5082778965aca8b46dacafe9a310e3bd57baa0af10122a4b25a9efae105
01602	https://www.town.biratori.hokkaido.jp/soshikikarasagasu/gikaijimukyoku/gijikakari_shomugakari/1/1/4/kaigiroku/2052.html	独自	enabled			2026-08-02	d62ee80e307ec3b15c31733476c83cc9a65ba6d0c9dd048ed7c65e7f9bab9517
01604	https://www.niikappu.jp/gyose/gikai/gikai_kaigiroku.html	独自	enabled			2026-08-02	0a8439fd341a35a811116f3705ccdec8f6f07d0323baeea876fe67eb79f8a968
01607			unresolved	source_url_unresolved	会議録の代表URLを未特定	2026-08-02	f4e7b529b2f42d53c257bc2782b0eb5f954301ab8fd137382d26585cfc739c60
01608			unresolved	source_url_unresolved	会議録の代表URLを未特定	2026-08-02	f4e7b529b2f42d53c257bc2782b0eb5f954301ab8fd137382d26585cfc739c60
01609			unresolved	source_url_unresolved	会議録の代表URLを未特定	2026-08-02	f4e7b529b2f42d53c257bc2782b0eb5f954301ab8fd137382d26585cfc739c60
01610	https://www.shinhidaka-hokkaido.jp/gikai/detail/00000185.html	独自	enabled			2026-08-02	e02fb3636e8a9108b4036261dde7a2a348e95859347d6d38ad4d8f3e65c79e6b
01631	http://www.town.otofuke.hokkaido.dbsr.jp/index.php/	dbsr	enabled				c9b8b277552a824936a5ddab55602ba70117ceb46ad9caf4f224691553c1c38c
01632	https://www.shihoro.jp/assembly/news/detail.php?news=278	独自	enabled			2026-08-02	4c8229c8563f8181d6553e680c807b2dfd97e60cab9b14b0786aea7f889323ce
01633	https://www.kamishihoro.jp/gikai/	独自	enabled				a60c7a2bb99575fc9bfa9e4cd65bff519dc0d2472895aeaf060dc7c4310b0523
01634	https://www.town.shikaoi.lg.jp/gikai/gijiroku/	static-kaigiroku-dir	enabled			2026-08-02	bf5c93ec1f6ca08acd446d40e4592339996e6db6a9c87568f42b324c2e0c80a5
01635	https://shintoku-town.jp/gyousei/gikai/kaigiroku/	static-kaigiroku-dir	enabled			2026-08-02	cf1c99af258e3ba9da6d75cba3999c97a1374fdb8c8f5a1d302c6804f923741a
01636	https://www.town.shimizu.hokkaido.jp/gikai/past/kaigiroku2/index.html	static-kaigiroku-dir	enabled			2026-08-02	cd4b9c0f221f1acfc9a5615e903b026bad3cf47ac4c612362f231d849f12e715
01637	https://ssp.kaigiroku.net/tenant/memuro/SpMinuteSearch.html	kaigiroku.net	enabled				35c48df18da7b760c04a0b929c326788207ae60de1051f56aef257b6f06c4bac
01638	https://www.vill.nakasatsunai.hokkaido.jp/gikai/kaigiroku/	static-kaigiroku-dir	enabled	robots_unreachable	https://www.vill.nakasatsunai.hokkaido.jp/robots.txt / HTTP 403	2026-08-02	5422c4f415ce7b676523b587cfd8c73e2eb8f68a625da76a356e884adf86437c
01639	https://www.sarabetsu.jp/shigoto/agri/nogyoiinnkai/gijiroku/	独自	enabled			2026-08-02	d4b218d51da8ec9690d561105b93220ed06ee4901669f78086ee2dbd49a15615
01641	https://www.town.taiki.hokkaido.jp/choseijoho/taikichogikai/1698.html	独自	enabled			2026-08-02	fffe1d9134d43307fc5968bdf4ede01dac63025ff12fa060d600265a35e76474
01642	https://www.town.hiroo.lg.jp/gikai/gikaikaigiroku/gikaikaigiroku_r07/	独自	enabled	robots_unreachable	https://www.town.hiroo.lg.jp/robots.txt / HTTP 403	2026-08-02	992efecedd9baa62af7866bd560ffc1181dba439f73fe66a467019aadd7d9002
01643	https://www.town.makubetsu.lg.jp/gikai/hongikai/gikaikaigiroku/	static-kaigiroku-dir	enabled			2026-08-02	c45bea79ef70ec1168fa73db7e516ae329f9cfd99dc12f400771ca629c2068cd
01644			unresolved	source_url_unresolved	登録URLは教育委員会・総合教育会議の会議録。議会会議録の公開先を未特定		f4e7b529b2f42d53c257bc2782b0eb5f954301ab8fd137382d26585cfc739c60
01645	https://www.toyokoro.jp/site/gikai/7050.html	site-gikai-pdf	enabled			2026-08-02	0987570d7dd18b70254ced9b74020f245dedcf796ab0fa48c47606d93b6ff391
01646	https://www.town.honbetsu.hokkaido.jp/web/parliament/parliament04.html	独自	enabled			2026-08-02	2feeed6bdcd6cb76231ba63078fce508b62f925e42e375caa874361691e7a830
01647			unresolved	source_url_unresolved	会議録の代表URLを未特定	2026-08-02	f4e7b529b2f42d53c257bc2782b0eb5f954301ab8fd137382d26585cfc739c60
01648	https://www.rikubetsu.jp/gikai/kaigiroku/	static-kaigiroku-dir	enabled			2026-08-02	fc3839806cd77488034865ea34500db1a42d4e7912bd678528e276aa964622cd
01649	https://www.urahoro.jp/council/?category=120	独自	enabled			2026-08-02	b2c902af2db00604b1980a10b714edd31d54f98e8c105207b75af7d9e2d00477
01661	http://www.town.kushiro.lg.jp/gikai/gijiroku/2026.html	独自	enabled			2026-08-02	00a8695e8c64d2f3d1c15f9c80992a9830e02e4870375f13e5fa904c719b2126
01662	https://www.akkeshi-town.jp/chogikai/minutes/	独自	enabled	robots_unreachable	https://www.akkeshi-town.jp/robots.txt / HTTP 403	2026-08-02	c7a73bc3a2e1e0fa16c8918d94ebbc0ff9c111eb1bba45d35cc60da6afafeb6f
01663	https://www.townhamanaka.jp/gyousei/kaigi/	独自	enabled			2026-08-02	c72561a11e65c4ff9372cd015648bdccb61aa4a148efeaed8f125984878d1982
01664			unresolved	source_url_unresolved	会議録の代表URLを未特定	2026-08-02	f4e7b529b2f42d53c257bc2782b0eb5f954301ab8fd137382d26585cfc739c60
01665			unresolved	source_url_unresolved	会議録の代表URLを未特定	2026-08-02	f4e7b529b2f42d53c257bc2782b0eb5f954301ab8fd137382d26585cfc739c60
01667			unresolved	source_url_unresolved	会議録の代表URLを未特定	2026-08-02	f4e7b529b2f42d53c257bc2782b0eb5f954301ab8fd137382d26585cfc739c60
01668			unresolved	source_url_unresolved	会議録の代表URLを未特定	2026-08-02	f4e7b529b2f42d53c257bc2782b0eb5f954301ab8fd137382d26585cfc739c60
01691	https://betsukai.jp/gikai/kaigikekka/result_isshitsu/	独自	enabled	robots_unreachable	https://betsukai.jp/robots.txt / HTTP 403	2026-08-02	6e6d0ace0e96a2e9f6e379fdc3cbc18a4559b0e1554884e67bb5cb539f3574e2
01692			unresolved	source_url_unresolved	会議録の代表URLを未特定	2026-08-02	f4e7b529b2f42d53c257bc2782b0eb5f954301ab8fd137382d26585cfc739c60
01693			unresolved	source_url_unresolved	会議録の代表URLを未特定	2026-08-02	f4e7b529b2f42d53c257bc2782b0eb5f954301ab8fd137382d26585cfc739c60
01694	https://www.rausu-town.jp/pages/view/151	独自	enabled			2026-08-02	4803f356fa278ba84e760cdc8f7d9ed4cc1e92a9dc4c3da21604a76568fe9172
01695			unresolved	source_url_unresolved	会議録の代表URLを未特定	2026-08-02	f4e7b529b2f42d53c257bc2782b0eb5f954301ab8fd137382d26585cfc739c60
01696			unresolved	source_url_unresolved	会議録の代表URLを未特定	2026-08-02	f4e7b529b2f42d53c257bc2782b0eb5f954301ab8fd137382d26585cfc739c60
01697			unresolved	source_url_unresolved	会議録の代表URLを未特定	2026-08-02	f4e7b529b2f42d53c257bc2782b0eb5f954301ab8fd137382d26585cfc739c60
01698			unresolved	source_url_unresolved	会議録の代表URLを未特定	2026-08-02	f4e7b529b2f42d53c257bc2782b0eb5f954301ab8fd137382d26585cfc739c60
01699			unresolved	source_url_unresolved	会議録の代表URLを未特定	2026-08-02	f4e7b529b2f42d53c257bc2782b0eb5f954301ab8fd137382d26585cfc739c60
01700			unresolved	source_url_unresolved	会議録の代表URLを未特定	2026-08-02	f4e7b529b2f42d53c257bc2782b0eb5f954301ab8fd137382d26585cfc739c60
02000	http://www.pref.aomori.dbsr.jp/index.php/	dbsr	enabled				de792daae77c8fe1c97640d440088aa2868dc90268c5c5c2fa8db927b653e5a5
02201	http://www.city.aomori.aomori.dbsr.jp/index.php/	dbsr	enabled				b74e123b95c23baa61452c9cdaced395e53e6a7928b7ae201fe5178e1c912a8e
02202	http://www.kensakusystem.jp/hirosaki/index.html	kensakusystem	enabled			2026-08-02	05da78436929dc371dc73922daa2296d88de77b0cdc5fd5962f319e4436a7b81
02203	http://www2.city.hachinohe.aomori.jp/kaigiroku/voices/g07v_search.asp	voices	enabled			2026-08-02	b8a152366ea4fd35f7bf0a195d4a272f2a9d2af1d85112a4be6f35a89050e9e4
02204	https://www.city.kuroishi.aomori.jp/shisei/gikai/gikai_kaigiroku.html#R07	独自	enabled			2026-08-02	239f5b1ad6a99f3222c3ed20b3fc74d28788388677e7a153221e894cb7fff93c
02205	https://www.city.goshogawara.lg.jp/gikai/7-1kaigiroku.html	独自	enabled			2026-08-02	bdb9f3f021e84606131c48b831180b50aef22035159ab3432db6c3869fb0ef45
02206	https://ssp.kaigiroku.net/tenant/towada/SpMinuteSearch.html	kaigiroku.net	enabled				c585b65c76ca1c2f25703f412ddb1a2595c5e16397c740794bc5c6348aa100a8
02207			unresolved	source_url_unresolved	登録URLは農業委員会総会の議事録。議会会議録の公開先を未特定		f4e7b529b2f42d53c257bc2782b0eb5f954301ab8fd137382d26585cfc739c60
02208	https://ssp.kaigiroku.net/tenant/mutsu/MinuteSearch.html	kaigiroku.net	enabled				5a0c91fac6b4db6923015a66df964421893c9e3ff78948e51723126764ab75f3
02209	https://www.city.tsugaru.aomori.jp/joho/mokuteki/administration/shigikai/kaigiroku/5573.html	独自	enabled			2026-08-02	072a665e112845c2bcba2a67dc01f5be5c409475e2312526a61898e6fb42b108
02210	https://www.city.hirakawa.lg.jp/jouhou/gikai/nittei/kaigiroku.html	独自	enabled			2026-08-02	f37e767878082e2462d9fc310a13e15a89f96128fb922e90f595078dafda4cdf
02301	https://www.town.hiranai.aomori.jp/chosei/gikai/1422.html	独自	enabled			2026-08-02	20a18ad7720644373109f68f8970ba36a732937c7a4ac1dbcda50a015424f7d5
02303	https://www.town.imabetsu.lg.jp/gyousei/gikai/2025-0317-1111-1.html	独自	enabled			2026-08-02	c609fc5080d38b92eeb5e436ecf73e67a6ecb5fa90fa6063d8520dcf1292f5ac
02304	https://www.vill.yomogita.lg.jp/sonsei/gikai/gijiroku.html	独自	enabled			2026-08-02	239b9f3554c8816776fb471bec2ea769d469e177a58c36405b4278e0c30a67e3
02307			unresolved	source_url_unresolved	会議録の代表URLを未特定	2026-08-02	f4e7b529b2f42d53c257bc2782b0eb5f954301ab8fd137382d26585cfc739c60
02321	https://www.town.ajigasawa.lg.jp/about_town/gikai/gikai-kaigiroku.html	独自	enabled			2026-08-02	3e7fa1d31ddde7d0a02b1d15548cca3ec62aa3d3fe52a6cbcd8e2a707aa530a5
02323			unresolved	source_url_unresolved	会議録の代表URLを未特定	2026-08-02	f4e7b529b2f42d53c257bc2782b0eb5f954301ab8fd137382d26585cfc739c60
02343			unresolved	source_url_unresolved	会議録の代表URLを未特定	2026-08-02	f4e7b529b2f42d53c257bc2782b0eb5f954301ab8fd137382d26585cfc739c60
02361			unresolved	source_url_unresolved	会議録の代表URLを未特定	2026-08-02	f4e7b529b2f42d53c257bc2782b0eb5f954301ab8fd137382d26585cfc739c60
02362	http://www.town.owani.lg.jp/gyousei/gikai/teireikairinjikai/index.html	独自	enabled				9b869413bbb8590f0e0211053aaa294b22acbed4ce45ed8a1bd42356cf3d8649
02367	http://www.vill.inakadate.lg.jp/docs/2025072300030/	独自	enabled			2026-08-02	6b7716c55859ef652a69179d98430928e0bf64ca4bd132a29ccab6d96993e9f5
02381	https://www.town.itayanagi.aomori.jp/administration/salary/sougoukyouikukaigi_siryoutou.html	独自	enabled			2026-08-02	4feb589f01c503096b4de122dd611716db1d9cff95431d22ea9c44ddf8ff0cde
02384			unresolved	source_url_unresolved	会議録の代表URLを未特定	2026-08-02	f4e7b529b2f42d53c257bc2782b0eb5f954301ab8fd137382d26585cfc739c60
02387			unresolved	source_url_unresolved	会議録の代表URLを未特定	2026-08-02	f4e7b529b2f42d53c257bc2782b0eb5f954301ab8fd137382d26585cfc739c60
02401	https://www.town.noheji.aomori.jp/life/chosei/gikai/2787/3	独自	enabled			2026-08-02	58f2c3ca8d703f7f5a370db59d552d5ff912aa117cb68e65f357438207a3551b
02402	https://www.town.shichinohe.lg.jp/gyosei/gikai/post-455.html	独自	enabled			2026-08-02	e822d5ad09021fd13a2d39a0931236f3d5fdab3ed180358a09682c7c97188d53
02405	https://www.town.rokunohe.aomori.jp/docs/2023051900005/	独自	enabled			2026-08-02	d689a4f01b0e76ea6fe8bbce16e72c3a6247e0c7feaa7627a0517fd600559483
02406	https://www.town.yokohama.lg.jp/index.cfm/10,0,47,html	独自	enabled			2026-08-02	9ac2906dec82b8235b13620d6cfe015b35cfd70f585f30108328b94155d58511
02408	https://www.town.tohoku.lg.jp/chousei/gikai/gikai_kaigiroku.html	独自	enabled			2026-08-02	77e1afbc1dcc3ff4c67d3c29e2b61dbe3cc705c2861a14b8690535f9fb8db86a
02411	https://www.vill.rokkasho.aomori.dbsr.jp/	dbsr	enabled				bded9b60f4ce8cfbeb6139f389329e59d22649a98f38f0114cb789c8c8d4174e
02412	https://www.town.oirase.aomori.jp/site/gikai/list19-60.html	site-gikai-pdf	enabled			2026-08-02	7f0e273ca37d76113723d5aef1057bd1b74fc5d7df011251545459983afe16cd
02423			unresolved	source_url_unresolved	会議録の代表URLを未特定	2026-08-02	f4e7b529b2f42d53c257bc2782b0eb5f954301ab8fd137382d26585cfc739c60
02424			unresolved	source_url_unresolved	会議録の代表URLを未特定	2026-08-02	f4e7b529b2f42d53c257bc2782b0eb5f954301ab8fd137382d26585cfc739c60
02425			unresolved	source_url_unresolved	会議録の代表URLを未特定	2026-08-02	f4e7b529b2f42d53c257bc2782b0eb5f954301ab8fd137382d26585cfc739c60
02426			unresolved	source_url_unresolved	会議録の代表URLを未特定	2026-08-02	f4e7b529b2f42d53c257bc2782b0eb5f954301ab8fd137382d26585cfc739c60
02441	https://www.town.sannohe.aomori.jp/choseijoho/gikai/gikaijouhou/3/3881.html	独自	enabled			2026-08-02	d80e4bc9dc7b7a474695a1d1eec01d13755b91ff43c8657c5996ee2799cc6dac
02442	https://www.town.gonohe.aomori.jp/chosei/gikai/gikai_kaigiroku_H28.html	独自	enabled			2026-08-02	c6020c19200291345e7f0762904082e8ba04a6b819efd40c6abd0c4d69e225f7
02443	https://www.town.takko.lg.jp/index.cfm/13,0,45,190,html	独自	enabled			2026-08-02	69c43c45652491ffb9c22e89fd8c6927716c2d26d0e00829f95d47bc7b49d46c
02445			unresolved	source_url_unresolved	会議録の代表URLを未特定	2026-08-02	f4e7b529b2f42d53c257bc2782b0eb5f954301ab8fd137382d26585cfc739c60
02446	https://www.town.hashikami.lg.jp/index.cfm/9,0,46,438,html	独自	enabled			2026-08-02	a0e22744a8463314302656623f9adc96aebe7995be509e4b7f65aac6c0c8c98c
02450	https://www.vill.shingo.aomori.jp/page-30802/	独自	enabled			2026-08-02	d6c9d945239ed8202386a50bc38b42312f1a353e28d064793aebb792139ed46f
03000	https://www3.pref.iwate.jp/gikai/user/www/Kensaku/	独自	enabled			2026-08-02	4ec4468a9846900a47ca007402969f9b0274947493ea909745c53d8064026095
03201	https://ssp.kaigiroku.net/tenant/morioka/MinuteSearch.html	kaigiroku.net	enabled				851cc92c430f7682e7dc850c61adfdd58eb356970a5379c101c77b0a634a4831
03202	https://ssp.kaigiroku.net/tenant/miyako/SpMinuteSearch.html	kaigiroku.net	enabled				4ce8bd90e45b9584b6f4a8d4bd185b20ac07d8e771b76ca05339236d31df7bfd
03203	https://ssp.kaigiroku.net/tenant/ofunato/SpMinuteSearch.html	kaigiroku.net	enabled				da8a4769dcfbca93972f4f17e15d6d39353a6a5085f1a6594433ddb369033429
03205	https://ssp.kaigiroku.net/tenant/hanamaki/SpMinuteSearch.html	kaigiroku.net	enabled				820c2fecca57a01dc4a6e5048864d0a80dac7f3d2826250122e2e5ddcbc6bb6d
03206	https://ssp.kaigiroku.net/tenant/kitakami/SpMinuteSearch.html	kaigiroku.net	enabled				7a3093d7be91a5d86794e69cf854b12a3547edd62a45d6a04fb43e631e9a023c
03207	https://ssp.kaigiroku.net/tenant/kuji/MinuteSearch.html	kaigiroku.net	enabled				ba071a345a88d9892f01e18d7ae8855c16813d2ff751c80cc852917ef8617d91
03208			unresolved	source_url_unresolved	会議録の代表URLを未特定	2026-08-02	f4e7b529b2f42d53c257bc2782b0eb5f954301ab8fd137382d26585cfc739c60
03209	http://www.kensakusystem.jp/ichinoseki/index.html	kensakusystem	enabled			2026-08-02	b66a263910ebb9b117719e855c27850208c915c934f27ac17bb5f0d7b33955b2
03210	https://ssp.kaigiroku.net/tenant/rikuzentakata/SpMinuteSearch.html	kaigiroku.net	enabled				3fa97c14eef35fb1041058646c0b2c4a83423f120da50575efce9bfaf2617c39
03211	https://ssp.kaigiroku.net/tenant/kamaishi/MinuteSearch.html	kaigiroku.net	enabled				b9b2da4af945dc291751b378fd33775cec6be4a5bfa0fb3288387c161fc9e69a
03213	https://ssp.kaigiroku.net/tenant/ninohe/SpMinuteSearch.html	kaigiroku.net	enabled				63a2e3596281addb3330e9584ce6650b723349410917603fc57e2adfe7d10621
03214	https://www.city.hachimantai.lg.jp/site/gikai/30029.html	独自	enabled			2026-08-02	152765f5570795672d0d906ed6615c34c116a1d3cb61adfb7c4a1cbfd2254715
03215	https://ssp.kaigiroku.net/tenant/oshu/SpMinuteSearch.html	kaigiroku.net	enabled				e340949ad658a9d23444b5e416dd5b59976e53f5d17b15cf38704f500cd2ded8
03216	https://ssp.kaigiroku.net/tenant/takizawa/SpMinuteSearch.html	kaigiroku.net	enabled				3ec37f8373fccc512e583a1b3c10a31b6d186ab9bfe10f776b7ef567ecb752f3
03301	https://ssp.kaigiroku.net/tenant/shizukuishi/SpMinuteSearch.html	kaigiroku.net	enabled				9f260a15fe732b6fbac134c88dcdf988c0dd91a0228295b5d2b4e2528435b673
03302			unresolved	source_url_unresolved	会議録の代表URLを未特定	2026-08-02	f4e7b529b2f42d53c257bc2782b0eb5f954301ab8fd137382d26585cfc739c60
03303			unresolved	source_url_unresolved	会議録の代表URLを未特定	2026-08-02	f4e7b529b2f42d53c257bc2782b0eb5f954301ab8fd137382d26585cfc739c60
03321	https://ssp.kaigiroku.net/tenant/shiwa/SpMinuteSearch.html	kaigiroku.net	enabled				338538bd6d7fd2bd03bfdb08ae410b3080ad5f856b119e7c2b0359d08e67f2fc
03322	https://www.town.yahaba.iwate.jp/soshiki/gikai/yahabagikai/gijiroku/	static-kaigiroku-dir	enabled			2026-08-02	6f29a62ee732cc272be36c3be7509a6fc4239dccc7105edd4832056a0bcb38da
03366			unresolved	source_url_unresolved	会議録の代表URLを未特定	2026-08-02	f4e7b529b2f42d53c257bc2782b0eb5f954301ab8fd137382d26585cfc739c60
03381	https://ssp.kaigiroku.net/tenant/kanegasaki/SpMinuteSearch.html	kaigiroku.net	enabled				55f8618398f5ce8b7014adcf8032edbfae215a22b27e08ec5fbf2296cb2dc141
03402			unresolved	source_url_unresolved	会議録の代表URLを未特定	2026-08-02	f4e7b529b2f42d53c257bc2782b0eb5f954301ab8fd137382d26585cfc739c60
03441	https://www.town.sumita.iwate.jp/tag/%E4%BC%9A%E8%AD%B0%E9%8C%B2	独自	enabled			2026-08-02	67574fb1ad5d2809bde9b468a4726d346e67694eb4972db9e00ad2b17411d17d
03461	https://www.town.otsuchi.iwate.jp/gyosei/gikai/kaigiroku/	static-kaigiroku-dir	enabled			2026-08-02	f53d66275b1a65c958d2541677d70665a472089ffc0d4cd7ca9d187c90e79bcd
03482	https://www.town.yamada.iwate.jp/chousei/gikai/kaigiroku/	static-kaigiroku-dir	enabled			2026-08-02	23a2a3e383faf8dba81722b45be4755a1aa8aa70f27e90dbb25f6925452510dc
03483	https://www.town.iwaizumi.lg.jp/docs/2018091200016/	独自	enabled			2026-08-02	bcc658fb017d32b925458097d0936819c6732f8aacdd0ccbbadf7217987253fa
03484	https://www.vill.tanohata.iwate.jp/docs/2018022800049/	独自	enabled			2026-08-02	21b56c1b8bf8d025ec77f7b2196f3ab3f4036d1980327062a8e7517fc32b0e7f
03485	https://www.vill.fudai.iwate.jp/docs/300.html	独自	enabled			2026-08-02	8d2d6e90d64d1eb4155f782cf5d17bb5cb88a2cc80f3eeadbd497e2639f4bad2
03501	https://www.town.karumai.iwate.jp/article/gyosei/gikai/kaigirokudata/	static-kaigiroku-dir	enabled			2026-08-02	27f58fa16ecfcaac26873f116fea74ad0a1c97d8290df38fb96dce13c5a54e82
03503	https://www.vill.noda.iwate.jp/soshiki/gikaijimukyoku/nodasongikai/1845.html	独自	enabled			2026-08-02	af0861f5f3b251c4ca6f4363cfc6c16a0e1d1cf02622c0dbf79c188b33945114
03506	https://www.vill.kunohe.iwate.jp/docs/2709.html	独自	enabled			2026-08-02	9c52deb4c0381a290d2590a87e03cecfda9e6b97bd4f905e7272366654fbe031
03507	https://www.town.hirono.iwate.jp/doc/2026031300016/	独自	enabled			2026-08-02	4fa6e1a2a77bf0da8b021b7510cbcd60b07b0b81f31821e7996a963fc7389d3d
03524	https://ssp.kaigiroku.net/tenant/ichinohe/SpTop.html	kaigiroku.net	enabled				590d34aa49be4ae79226565aa67b02beaa41cd0811e85aa419b6763a074f368d
04000	https://ssp.kaigiroku.net/tenant/prefmiyagi/SpMinuteSearch.html	kaigiroku.net	enabled				d97b5e9c737e1f3c3005dd7e5adbb181043807697226f622ee87c7e38d304974
04100	https://www.city.sendai.miyagi.dbsr.jp/index.php/	dbsr	enabled				e598d80c3e3f86ab17b318164e887b3b288a2a1f8f89a311e1c86642e00d06a9
04202	https://ssp.kaigiroku.net/tenant/ishinomaki/SpMinuteSearch.html	kaigiroku.net	enabled				ba6ff1b2cd08d9e64423ab26513507244d3eeb275ecf515a865cbc76507af1f8
04203	https://www.city.shiogama.miyagi.jp/soshiki/2/47219.html	独自	enabled			2026-08-02	7f53469495fa2bede52a167ed613b0e3364a4f5dbba8f0add80f4f50a91e06ea
04205	https://www.city.kesennuma.miyagi.dbsr.jp/index.php/	dbsr	enabled				e57b92db4d89c40313bd34e1d2e86968feef4e625c315a30b058a948a80b1570
04206	http://www.city.shiroishi.miyagi.dbsr.jp/index.php/	dbsr	enabled				e158aa4dcc27101f8347b7f385a8de037d57403369ff80a9dc3797c2a45ea652
04207	https://www.city.natori.miyagi.dbsr.jp/index.php/	dbsr	enabled				74c773913f8d7cbd078725ee33aed4b666d192e08aee01fcc723c4be1f6a331f
04208	https://www.city.kakuda.miyagi.dbsr.jp/index.php/	dbsr	enabled				a684229f9720be77789159243b5fb0c66e82a7e41ebb90f67e90da64f966311f
04209	https://www.city.tagajo.miyagi.dbsr.jp/index.php/	dbsr	enabled				6b79f856c2fca08a3a34ded1dd107b591198c36499e7949e851d2fec2ed34883
04211	https://www.city.iwanuma.miyagi.dbsr.jp/index.php/	dbsr	enabled				77995c904ea255b2f676253d591086b8f3ca9d05058f630e7c66bd61f866e57c
04212	https://www.city.tome.miyagi.dbsr.jp/index.php/	dbsr	enabled				ccba94be8420475fe6c5775e9b6c6e5d359b472d7425b6c40a6aea577d8a5630
04213	https://www.city.kurihara.miyagi.dbsr.jp/index.php/	dbsr	enabled				7cfaeb23834060b7d4de38914c7ca180cfc2ee9c8f8de4b2b724c39f4f8d1326
04214	https://ssp.kaigiroku.net/tenant/higashimatsushima/SpMinuteSearch.html	kaigiroku.net	enabled				f05744450cd32efac1359f38d099b94e53638a5c50408409d8a13fac12e72472
04215	https://ssp.kaigiroku.net/tenant/oosaki/SpMinuteSearch.html	kaigiroku.net	enabled				1494682d4fa327aedf532127e50ed4fd902315713cefec969f29ce8abdc40bac
04216	https://www.city.tomiya.miyagi.dbsr.jp/index.php/	dbsr	enabled				8421b7b931e8fbab9fe30892af52e87149d11381a955498782379b378fcdcefc
04301	https://www.town.zao.miyagi.jp/kurashi_guide/gikai_senkyo/gikai/gijiroku/index.html	独自	enabled			2026-08-02	c985d7a38c0fb22f1b23e0af1a8b62845760a85b0c2cd7b9c5237b3e89ef9fef
04302	https://town.shichikashuku.miyagi.jp/town/gikai/gijiroku.html	独自	enabled			2026-08-02	7370a0764761bb53365cd10ab04c83ac9bfd398f31e9dda8103b7fa4666def80
04321	https://www.town.ogawara.miyagi.dbsr.jp/index.php/	dbsr	enabled				00800bbe729ed3c40db8cab5675ef741fa5ec52a6f05d2cd5ced1cfb299bde65
04322			unresolved	source_url_unresolved	会議録の代表URLを未特定	2026-08-02	f4e7b529b2f42d53c257bc2782b0eb5f954301ab8fd137382d26585cfc739c60
04323	https://www.town.shibata.miyagi.dbsr.jp/index.php/	dbsr	enabled				9a43f47b5ac11fcf0eb69112b26136306020ceedd6fb37ed0f2c13a5fb51583a
04324	https://www.town.kawasaki.miyagi.jp/site/gikai/10823.html	site-gikai-pdf	enabled	robots_unreachable	https://www.town.kawasaki.miyagi.jp/robots.txt / HTTP 403	2026-08-02	d43552f43120f69839be5f5b27da7a4f6ca29a48b63ab212de029c8c6d36a2c1
04341			unresolved	source_url_unresolved	会議録の代表URLを未特定	2026-08-02	f4e7b529b2f42d53c257bc2782b0eb5f954301ab8fd137382d26585cfc739c60
04361	https://www.town.watari.miyagi.dbsr.jp/index.php/	dbsr	enabled				6066f087deec7654b0b61645839b6a33b8723481d3440502cc52429add3eb529
04362	https://www.town.yamamoto.miyagi.dbsr.jp/	dbsr	enabled				91e5eeb81eb2ccd8622cd201e362619e8276f1ff5e8ab30e2f0c8c575120a42a
04401			unresolved	source_url_unresolved	会議録の代表URLを未特定	2026-08-02	f4e7b529b2f42d53c257bc2782b0eb5f954301ab8fd137382d26585cfc739c60
04404	https://www.shichigahama.com/benricho/joho/gikai4-010-10126.html	独自	enabled			2026-08-02	7952ce6753a2c7fda6b2ca12cfce45350aee84c92166684ba61c665ade453d57
04406	https://www.town.rifu.miyagi.jp/gyosei/chosei/rifuchogikai/2/kaigirokur4.html	独自	enabled			2026-08-02	df6fa301e3def175f6bef8971410bbf9d7800695d8b2057be278c559bcc49a58
04421	https://www.town.taiwa.miyagi.jp/choseijoho/gikai/kaigiroku/4126.html	独自	enabled			2026-08-02	e1d33f41412ec6b9edfa6aa9288167d71b2eb320baab0367928d3fd971591e36
04422	https://www.town.miyagi-osato.lg.jp/site/oosato-gikai/kaigiroku.html	site-gikai-pdf	enabled			2026-08-02	a54e900f6b9c83e3b1d65b0a6754bb590092fc8f2397fafb8f88f9310fa424bf
04424	https://www.village.ohira.miyagi.jp/6/4/3/1/index.html	独自	enabled			2026-08-02	31b76877be691311e68724613d841cd7ffd44eddffcc9c01edd7b04592a85b6a
04444	https://www.town.shikama.miyagi.jp/soshiki/gikai/1/kaigiroku/2235.html	独自	enabled			2026-08-02	6940e08f133610181299990eaeeefeda98dbba19fd32361ebdfb8bb844c876a9
04445	https://www.town.kami.miyagi.jp/choseijoho/kamimachigikai/gijiroku/5468.html	独自	enabled			2026-08-02	2c9d9e7b9d1dad06d91adcb83051814beb5c0482963e8bf6c8983af6864e996f
04501	https://www.town.wakuya.miyagi.jp/gyose/gikai/kaigiroku.html	独自	enabled			2026-08-02	bca7036f6ad121138ed2d083abe99be634db364563dc09b362da583d22e08365
04505	https://www.town.misato.miyagi.dbsr.jp/index.php/	dbsr	enabled				342ad6dba83e84da38a73e45aa22150b337bfd1b37f1bc197fd620166f6a21b5
04581	https://www.town.onagawa.miyagi.dbsr.jp/index.php/	dbsr	enabled				ea234dc196ea547fa984aeb875440a788c2f29a40aa54864db1fede8cdd663a0
04606	https://www.town.minamisanriku.miyagi.jp/gikai/minutes/20260304kaigiroku12gatukaigi.html	独自	enabled			2026-08-02	0b2205242025331c0601136611a6b82db955e567b038f0f4679d2f7ef90654a4
05000	https://ssp.kaigiroku.net/tenant/prefakita/SpMinuteSearch.html	kaigiroku.net	enabled				14c0c439f3832c487dc75531e7f6cce8cc5fc2efc12b6c1aeb52dbd11dd70cb0
05201	https://akitashigikai.gijiroku.com/voices/g07v_search.asp	gijiroku.com	enabled			2026-08-02	a32869ba0609bdd9ef6d6e818cbd4b3b735735a1ffc037caccd2c7a41f2656c2
05202	https://ssp.kaigiroku.net/tenant/noshiro/SpMinuteSearch.html	kaigiroku.net	enabled				52e82d89c87ccfd914e5633b96a9cafa09279185edac3ab1ebce5a687dc545bc
05203	https://ssp.kaigiroku.net/tenant/yokote/pg/index.html	kaigiroku.net	enabled				8efbc14eccad9f6595e2275bdb8a3811cae24280448a670a1ebca088211c497d
05204	https://www.city.odate.lg.jp/city/handbook/handbook13/page56/kaigiroku	独自	enabled			2026-08-02	5dfc9ba489af681bdf1d728ff623a900df917797f0c2d2ed3bb6acb201f9cf01
05206	https://ssp.kaigiroku.net/tenant/oga/SpMinuteSearch.html	kaigiroku.net	enabled				0a08e89f83207b4274b1c75857393a18d4207cca915c1ba99395f2e76215f8f5
05207	https://ssp.kaigiroku.net/tenant/yuzawa/SpMinuteSearch.html	kaigiroku.net	enabled				724aafacaff734d8f98e42a128586eca1460eadfabb24bb798ca848112ecadc7
05209	http://www.kensakusystem.jp/kazuno/index.html	kensakusystem	enabled			2026-08-02	f08b566f6c49dd83c94c0ceaef49967eadf57805543253844f483596594828e3
05210	https://ssp.kaigiroku.net/tenant/yurihonjo/SpMinuteSearch.html	kaigiroku.net	enabled				174df15b6e12572ebff16ca6c2a4dfeb253e4a4c055bfee127fa02f50b7475d5
05211	https://www.city.katagami.lg.jp/soshiki/gikaijimukyoku/kaigiroku/4188.html	独自	enabled			2026-08-02	2788d37c6db2ec3ccd75930addf4c005245895a47ba7cb203b8b1dbbdec74a6e
05212	https://www.city.daisen.lg.jp/genre/administration/council/plenarysession	独自	enabled			2026-08-02	5365a0e6df00ca96e7d80cf28b5e32237bb596d1664f175657f23c6fdf840122
05213	https://ssp.kaigiroku.net/tenant/kitaakita/SpMinuteSearch.html	kaigiroku.net	enabled				296567d7b37dff0bde1358d0f4f3000767cd5d54c4f46f69e506a509feb87077
05214			unresolved	source_url_unresolved	会議録の代表URLを未特定	2026-08-02	f4e7b529b2f42d53c257bc2782b0eb5f954301ab8fd137382d26585cfc739c60
05215	https://ssp.kaigiroku.net/tenant/semboku/SpMinuteSearch.html	kaigiroku.net	enabled				8aebc03eabd705e66e87ef15087b429cd2315f87d0fd903bf941e63310f7e35a
05303	https://www.town.kosaka.akita.jp/kurashi_gyosei/kosakamachigikai/kaigiroku/1655.html	独自	enabled			2026-08-02	9eeaf85124a0b66752bd6d7b46fbf45661e0d174606f5023c69f5eaec1d10502
05327	https://www.vill.kamikoani.akita.jp/info/663	独自	enabled			2026-08-02	1b4e625b223450bfb1f95e7c20ecf3f28c3163b5d57a4cd985cca3e649fd5909
05346	https://www.town.fujisato.akita.jp/town/c613/	static-kaigiroku-dir	enabled			2026-08-02	7ea974ecb01038bc2ca24ce9f1822979e2acbe5400f8fe243c0c1048466e24f2
05348	https://www.town.mitane.akita.dbsr.jp/	dbsr	enabled				af8ebfd94715b49db91f1070d07be00bb6c8394829805b619cc5348313e03ac0
05349	https://www.town.happo.lg.jp/genre/kurashi/ghosei/gikai/gijiroku	独自	enabled			2026-08-02	087c950b2c6315ac8b94a76a3e2a5e97d26d11bcd06fb2363b0eadb26730648f
05361	https://www.town.gojome.akita.jp/town/gikai/kaigiroku/	static-kaigiroku-dir	enabled			2026-08-02	6cedb652e04657cfddee668ac08498908da88a7fb3e22d94e807bf4ca27b3e9b
05363	https://www.town.hachirogata.akita.jp/gikai/1001560/1004527/index.html	独自	enabled			2026-08-02	10e84c6bed3b173e9f0400798be1c6e46a2639c98d5d15613cb380d078e6b417
05366			unresolved	source_url_unresolved	会議録の代表URLを未特定	2026-08-02	f4e7b529b2f42d53c257bc2782b0eb5f954301ab8fd137382d26585cfc739c60
05368			unresolved	source_url_unresolved	会議録の代表URLを未特定	2026-08-02	f4e7b529b2f42d53c257bc2782b0eb5f954301ab8fd137382d26585cfc739c60
05434	https://www.town.misato.akita.jp/genre/chousei/gikai/kaigiroku	独自	enabled			2026-08-02	61c86d8bc3364839d4648c77363e38cfec20105af7789fc470832f89eaba52dd
05463	https://www.town.ugo.lg.jp/administration/detail.html?id=2314&category_id=51	独自	enabled			2026-08-02	6d7b11d5b693fab627f5143b768a45a81f67c8b28be45d9a804e0dc1789c5bd5
05464			unresolved	source_url_unresolved	会議録の代表URLを未特定	2026-08-02	f4e7b529b2f42d53c257bc2782b0eb5f954301ab8fd137382d26585cfc739c60
06000	https://ssp.kaigiroku.net/tenant/prefyamagata/SpMinuteSearch.html	kaigiroku.net	enabled				22ee3b4ed868f746955e6bc81ec97170ba9d5b030646e9ff34eb93e9adca4962
06201	http://www.kensakusystem.jp/yamagata-c/index.html	kensakusystem	enabled			2026-08-02	e76e9d7975318d87cca16d68f7e25f27e39b73d5c008ab75af5b2c42c2cfbef8
06202	https://www.city.yonezawa.yamagata.jp/gikai/teirei_rinji_kaigi/5492.html	独自	enabled			2026-08-02	a21aa14fd8fce542fa3675d9bbe8d227d3aab692f526ee7e42d18f333bce6612
06203	https://ssp.kaigiroku.net/tenant/tsuruoka/SpMinuteSearch.html	kaigiroku.net	enabled				8cd2aedfcd5287224402b765924ae6c550354fc960e2cd34c10822519aa38a5e
06204	https://ssp.kaigiroku.net/tenant/sakata/MinuteSearch.html	kaigiroku.net	enabled				bc17c42f8aa80ea80b9301c9401b1f2226da6f582f988ecbca06d87487043dc4
06205	https://www.city.shinjo.yamagata.jp/s015/030/010/20150322115800.html	独自	enabled			2026-08-02	f5fb078b8a51cf1d9825e6f16daa415908034be4bf76e9460db850537a5bfadf
06206	https://www.city.sagae.yamagata.jp/shigikai/gijiroku/search.html	独自	enabled			2026-08-02	b7679e6e1a8db30c3389505a2fbe037c71ff0df501ff4f758074ee2e771e8413
06207	https://www.city.kaminoyama.yamagata.dbsr.jp/	dbsr	enabled				7d97365c9cc561bee1ddd7df60baa792e0459202b0c146a76315de253d103186
06208	https://ssp.kaigiroku.net/tenant/murayama/SpMinuteSearch.html	kaigiroku.net	enabled				2d932881e36ad0b72dfcb43eb445fdb012ad8a5f19688e88736757500efce558
06209	https://www.city.nagai.yamagata.jp/shigikai/kaigiroku/index.html	独自	enabled			2026-08-02	d9778d5b95b73696309c9eec9a96d8943b8c9a1fef3a53ee8a47bdf5cb657af0
06210	https://ssp.kaigiroku.net/tenant/tendo/SpMinuteSearch.html	kaigiroku.net	enabled				95d5ce78dc36c61a41b2f0ce208f5ca706d3087e5a84263fac1db807a700815b
06211	https://city.higashine.netj.jp/kensaku/mokuji.html	msearch	enabled			2026-08-02	0f0987420b469340a28e4df761218132d7bae7dc3e747a6c93ef1354d45c41bd
06212			unresolved	source_url_unresolved	会議録の代表URLを未特定	2026-08-02	f4e7b529b2f42d53c257bc2782b0eb5f954301ab8fd137382d26585cfc739c60
06213	http://www.city.nanyo.yamagata.jp/gikaikaigiroku/	独自	enabled			2026-08-02	e9298494d056097391c9cc55ce07f622cffe53220491cde16f676caf31a7475c
06301			unresolved	source_url_unresolved	会議録の代表URLを未特定	2026-08-02	f4e7b529b2f42d53c257bc2782b0eb5f954301ab8fd137382d26585cfc739c60
06302	https://www.town.nakayama.yamagata.jp/gikai/bocho/2299.html	独自	enabled			2026-08-02	1f99f1ed751feca72644baa22aa18554c1fe07b9d3d5cf2077745990471768db
06321	https://www.town.kahoku.yamagata.jp/gyouseizyouhou/kahokutyougikai/kaigiroku/7635.html	独自	enabled			2026-08-02	11ff0e92287bf967416cee683e7d9a33290b591032e5f30d61569c6f2b96af5c
06322	https://www.town.nishikawa.yamagata.jp/site/gikai/7120.html	site-gikai-pdf	enabled			2026-08-02	79e14c17ef99f32ce402334a5e50d28a95c4f36abe90bb62715a9b4e6495ceb7
06323			unresolved	source_url_unresolved	会議録の代表URLを未特定	2026-08-02	f4e7b529b2f42d53c257bc2782b0eb5f954301ab8fd137382d26585cfc739c60
06324	https://www.town.oe.yamagata.jp/government/chousei/council/chougikai_kaigiroku/1869	独自	enabled			2026-08-02	be7afea07a9019c90c2766fea9d230e792fabcb87f8c12a38ab847ad61523f38
06341	https://www.town.oishida.yamagata.jp/chousei/chousei/kaigiroku/index.html	独自	enabled			2026-08-02	dde2f64dc6ae3c4cc9667f70ec50068a847ecd2e7d76f16a4e8d46916e7ea103
06361	https://www.town.kaneyama.yamagata.jp/kaneyamamachigikai/1325.html	独自	enabled			2026-08-02	5d7c6bc39c4a4c2dd366ac5bdcd805bb428cb56fea48f215f712b3011ee6cb3f
06362			unresolved	source_url_unresolved	会議録の代表URLを未特定	2026-08-02	f4e7b529b2f42d53c257bc2782b0eb5f954301ab8fd137382d26585cfc739c60
06363	https://www.town.funagata.yamagata.jp/li/gikai/010/index.html	独自	enabled			2026-08-02	8fb1b8d2be4a20b45ac0c6b33eaac0a7631dc9727320eabae108472a426ee808
06364	https://www.town.mamurogawa.yamagata.jp/chosei/gikai/2/4737.html	独自	enabled			2026-08-02	20701e24f0881575f871d6cf30548cc44f68efdb5429a269efea09bbc1f0e119
06365	https://www.vill.ohkura.yamagata.jp/gyoseijoho/okurasongikai/2301.html	独自	enabled			2026-08-02	a345c7da2efce357d997d6ab706a05176e1f4bc6573289381ef10b654de19249
06366			unresolved	source_url_unresolved	会議録の代表URLを未特定	2026-08-02	f4e7b529b2f42d53c257bc2782b0eb5f954301ab8fd137382d26585cfc739c60
06367	https://smart.discussvision.net/smart/tenant/tozawa/WebView/rd/council_1.html	discussvision	enabled			2026-08-02	e2e2d4cf6c45409a6332db3b90ccd257b8609e7d58512b958244081fcbdfac1b
06381	https://www.town.takahata.yamagata.dbsr.jp/index.php/	dbsr	enabled				1af9039875cdd47036cca69788c05861dfcc6e8708a2a5ccf798e4a9e8809f10
06382	https://www.town.kawanishi.yamagata.jp/gikai/kaigiroku/	static-kaigiroku-dir	enabled			2026-08-02	d9e30397a270c0d6b6add36209aff6fe177e3bc5b42eebe83a7352ae11718250
06401	https://www.town.oguni.yamagata.dbsr.jp/index.php/	dbsr	enabled				9b0c96b5b021a32150d8e810f56217c9fdd2b8812a9424e3c2b9cee8e8126ba0
06402	https://www.town.shirataka.lg.jp/1138.htm	独自	enabled			2026-08-02	45c4eed0436114f696e24dda8dd9aa1bff060f40390a119a70a01eddf46e0d8b
06403	https://www.town.iide.yamagata.jp/004/R40210.html	独自	enabled			2026-08-02	1985f6f87dbe4dbfe404120067e323ea353419040984d304b1c34638e075da48
06426	https://www.town.mikawa.yamagata.jp/gikai/gikaikatutudoukekka/gikaikaigiroku.html	独自	enabled			2026-08-02	83c283756d956e086ecffa19901b2090bb8619042856ae6b61f03902494ac701
06428	https://ssp.kaigiroku.net/tenant/shounai/SpMinuteSearch.html	kaigiroku.net	enabled				94e1c84536637529ea858af15111cef1f8ddd0a9a327cc3e1c2bac4adb9bafa1
06461	https://www.town.yuza.yamagata.jp/archive/contents-778	独自	enabled			2026-08-02	d60190ac083d165f374f6291c2a77c310edc78925307ecf3026b7e0dd44ebe5a
07000	https://ssp.kaigiroku.net/tenant/fukushima/SpMinuteSearch.html	kaigiroku.net	enabled				301f6b1a37a8d0dd0cbfd0a29b26f1ea923e5743d0344b7bf772837739cebfa4
07201	https://www.city.fukushima.fukushima.jp/gikai/kaigiroku/3903.html	独自	enabled			2026-08-02	4b9a241816004f23444069f58ef340ac94f3b80b295f48ca0348393bdc5645a4
07202	https://ssp.kaigiroku.net/tenant/aizuwakamatsu/SpMinuteSearch.html	kaigiroku.net	enabled				521815f0d21ff15ceb6c4bad6b432d51be309002c89b3dfedbc3c2093ddb474f
07203	https://ssp.kaigiroku.net/tenant/koriyama/SpMinuteSearch.html	kaigiroku.net	enabled				36236b5655721611ff45bc0eaeadd7ba182cb71e41eb7f9be8ddcb888b705b5b
07204	https://ssp.kaigiroku.net/tenant/iwaki/SpMinuteSearch.html	kaigiroku.net	enabled				79d283ce7db88c0084c437f189778dcf21207a41bfbb9a5c3f8eba4ffd482cdc
07205	https://ssp.kaigiroku.net/tenant/shirakawa/SpMinuteSearch.html	kaigiroku.net	enabled				9406dba36880a9c489c6485c9df2d711ecffee8d331590363d30751fc290fb73
07207	http://gikai.city.sukagawa.fukushima.jp/voices/g07v_search.asp	voices	enabled			2026-08-02	63af3f44a35c970758b194e0de70e3579c66d09bbca67d549cc7f4864883348b
07208	https://www.city.kitakata.fukushima.dbsr.jp/index.php/	dbsr	enabled				35fd1283a3fd76fe29c239754e759cc885481472fc7bdab89e1cc87d19136d97
07209	https://ssp.kaigiroku.net/tenant/soma/SpMinuteSearch.html	kaigiroku.net	enabled				570c1ea5354e2c0c68c1862d9beba9d85a57cb89b3e739809e88a43077403945
07210	https://ssp.kaigiroku.net/tenant/nihonmatsu/SpMinuteSearch.html	kaigiroku.net	enabled				cf0142eb2cbe4cf48c1269c45c1aa4a46f778ac6d1e9969a89fc0f28ebe969c8
07211	https://ssp.kaigiroku.net/tenant/tamura/MinuteSearch.html	kaigiroku.net	enabled				cf10894939e878f6e7f42baad21882ea4148565added62c6e4a359641699a96d
07212	https://ssp.kaigiroku.net/tenant/minamisoma/MinuteSearch.html	kaigiroku.net	enabled				26501603e8ba0b9c4486b444b79352ebf6fc989b38f68a10d29efb0620d12bf1
07213	https://ssp.kaigiroku.net/tenant/datecity/SpMinuteSearch.html	kaigiroku.net	enabled				11c2fe5c7e693d1f37b2277cb14bd01c1ddcbdb2cfa0affbfed8fea03eeebd73
07214	https://ssp.kaigiroku.net/tenant/motomiya/SpMinuteSearch.html	kaigiroku.net	enabled				1fb7fbe05c32d7ff64aca6afd8011cc025bc6aa31d07b7cda47e9830e551138a
07301	https://www.town.koori.fukushima.dbsr.jp/index.php/	dbsr	enabled				9676d57c85987b4f69bd19ac53aa8b5d7582c1adb730b2abafcfce72504d5d10
07303	https://ssp.kaigiroku.net/tenant/kunimi/SpMinuteSearch.html	kaigiroku.net	enabled				87c6fbd917e05762ac97d1fa61015133dc80a64bfe361b9c840a9c128bd7f71d
07308	http://www.kensakusystem.jp/kawamata/index.html	kensakusystem	enabled			2026-08-02	2a00de46bd29e4d6f548db21c163a8458506ac89cdf9a743ac4087a1815aef21
07322	https://www.vill.otama.fukushima.jp/otama_songikai/kaigiroku/	static-kaigiroku-dir	enabled	robots_unreachable	https://www.vill.otama.fukushima.jp/robots.txt / HTTP 403	2026-08-02	f0dc52ffc227dae1591770ae7410fd25729dd54a966be83e8f1a9862718d744d
07342	https://www.town.kagamiishi.fukushima.jp/gikai/gijiroku/2026/index.html	独自	enabled			2026-08-02	ad2ad5b0d5b956d8e666a5526daf0ed1ba52efbafc737fffae2ff2635fb19032
07344	https://www.vill.tenei.fukushima.jp/site/gikai/list19-54.html	site-gikai-pdf	enabled			2026-08-02	d69dc894c055f390aeebb9f5c2423f86f2abcaf59b6e894d9cdc31d6d1f395d3
07362	https://www.town.shimogo.fukushima.jp/shimogo/gikai/652.html	独自	enabled			2026-08-02	b3966d928eca5b33353faebfbd7853a8466c277f8c31798b86ff569887fb6c22
07364			unresolved	source_url_unresolved	会議録の代表URLを未特定	2026-08-02	f4e7b529b2f42d53c257bc2782b0eb5f954301ab8fd137382d26585cfc739c60
07367	https://www.town.tadami.lg.jp/parliament/minutes/index.html	独自	enabled			2026-08-02	8d658d7eea6ffb0ca2f063985c4f3cb108197ecfc1888ec3ef94f3f0e3047bd3
07368	https://www.town.minamiaizu.lg.jp/official/soshikikarasagasu/gikaijimukyoku/minamiaizumachigikai/2/izennnokaigiroku/766.html	独自	enabled			2026-08-02	9ccbbf6c208c4b536f581f692f2645657804c139c6cf272e8d6dee9fc5dbb7e3
07402	https://www.kensakusystem.jp/kitashiobara-vod/index.html	kensakusystem	excluded	video_only	録画映像のみ公開で会議録本文なし（kensakusystem の -vod 版）	2026-08-02	35561bd80289f2482a05b11ea7aa4ccb8732f67a0a29e2e179826bcae87260f9
07405			unresolved	source_url_unresolved	会議録の代表URLを未特定	2026-08-02	f4e7b529b2f42d53c257bc2782b0eb5f954301ab8fd137382d26585cfc739c60
07407	https://www.town.bandai.fukushima.jp/site/gikai/teieri-record.html	独自	enabled			2026-08-02	cde6d5fe2141860b8b870e112ce9dda7442e11b89bfd0afc937da11eb236b415
07408			unresolved	source_url_unresolved	会議録の代表URLを未特定	2026-08-02	f4e7b529b2f42d53c257bc2782b0eb5f954301ab8fd137382d26585cfc739c60
07421	https://www.town.aizubange.fukushima.jp/site/gikai/9700.html	site-gikai-pdf	enabled			2026-08-02	4e60585c3480fa42944b43ea4ccc07cb6115cb3df40a0bdfcc7cc50191fe96b0
07422			unresolved	source_url_unresolved	会議録の代表URLを未特定	2026-08-02	f4e7b529b2f42d53c257bc2782b0eb5f954301ab8fd137382d26585cfc739c60
07423	https://www.town.yanaizu.fukushima.jp/docs/2025121500022/	独自	enabled			2026-08-02	3cfe893fb64abc14914e227c34d3fc110b71bf49c72a94da7b886afc3136798b
07444	https://www.town.mishima.fukushima.jp/soshiki/gikai/	独自	enabled	robots_unreachable	https://www.town.mishima.fukushima.jp/robots.txt / HTTP 403		4aeb48027fc3b457dd29534d12370b1d9bbbc217eb17e2ecad047e9ba8bc40cc
07445			unresolved	source_url_unresolved	会議録の代表URLを未特定	2026-08-02	f4e7b529b2f42d53c257bc2782b0eb5f954301ab8fd137382d26585cfc739c60
07446			unresolved	source_url_unresolved	会議録の代表URLを未特定	2026-08-02	f4e7b529b2f42d53c257bc2782b0eb5f954301ab8fd137382d26585cfc739c60
07447			unresolved	source_url_unresolved	会議録の代表URLを未特定	2026-08-02	f4e7b529b2f42d53c257bc2782b0eb5f954301ab8fd137382d26585cfc739c60
07461	https://ssp.kaigiroku.net/tenant/nishigo/pg/index.html	kaigiroku.net	enabled				cc39e33a030f3734484455f05aa776156293b2f94a412084df84104c445da344
07464	https://ssp.kaigiroku.net/tenant/izumizaki/SpMinuteSearch.html	kaigiroku.net	enabled				08067e7e3bfdcad8791e994c7bf39b205336a523d3b0516c4ecf091a24ddfbec
07465	https://ssp.kaigiroku.net/tenant/nakajima/SpMinuteSearch.html	kaigiroku.net	enabled				97629ea36a42b764c79891e7bf1d9934c8a5613094b3d9a9a6e32a70c114cea7
07466	https://www.town.yabuki.fukushima.jp/page/dir000841.html	独自	enabled			2026-08-02	d4a289d9fa2a6a9b3f9333f81c444e341d1f928b139a0214b29bc5d6f37476d0
07481	https://ssp.kaigiroku.net/tenant/tanagura/SpMinuteSearch.html	kaigiroku.net	enabled				83fd7ade56496ce786fec1ad54dd10f022f528e6dc96fcca129197b5add087aa
07482	https://ssp.kaigiroku.net/tenant/yamatsuri/MinuteSearch.html	kaigiroku.net	enabled				5ea32eebc728f9b0ea80033f233fdc2a36c82fa3f5b6a84c63721e5ea46cfa32
07483	https://ssp.kaigiroku.net/tenant/hanawa/SpMinuteSearch.html	kaigiroku.net	enabled				aeb7b6c33a2df4d083f1ced2c89f75cca5859ab27ae72f30b8fa3d910f47eb47
07484			unresolved	source_url_unresolved	会議録の代表URLを未特定	2026-08-02	f4e7b529b2f42d53c257bc2782b0eb5f954301ab8fd137382d26585cfc739c60
07501	http://www.town.ishikawa.fukushima.dbsr.jp/index.php/	dbsr	enabled				8ae11a504d7e164b3fca0f4c2f699225e9e3982f9bcd9885e4796f6b1f6c3161
07502	https://www.vill.tamakawa.fukushima.jp/gikai/	独自	enabled			2026-08-02	eb7290f13e36d685aee4a15bb6fa1d865741053217e0a1098dd66d1ed126c9b6
07503	https://ssp.kaigiroku.net/tenant/hirata/SpMinuteSearch.html	kaigiroku.net	enabled				7bd968a3d14d3302b1aadf419d90d15ed3fcd6e4280a0c964aa5dc0b2dbe39f1
07504	https://www.town.asakawa.fukushima.jp/gikai/kiroku/	独自	enabled			2026-08-02	69dfcb9870b124e20c697ac03881bd6b36c37665400e3e24835f274da01bd3e2
07505	https://ssp.kaigiroku.net/tenant/furudono/MinuteSearch.html	kaigiroku.net	enabled				c2ddf7995caed472a6c682e704aec693517c4ad4305eda81c1c0e9d6ab3abd2a
07521			unresolved	source_url_unresolved	会議録の代表URLを未特定	2026-08-02	f4e7b529b2f42d53c257bc2782b0eb5f954301ab8fd137382d26585cfc739c60
07522			unresolved	source_url_unresolved	会議録の代表URLを未特定	2026-08-02	f4e7b529b2f42d53c257bc2782b0eb5f954301ab8fd137382d26585cfc739c60
07541	https://www.town.hirono.fukushima.jp/faq/gikai/1001696/1002743.html	独自	enabled			2026-08-02	07f3747aeaf2bd808132119b6a46f5f405cb298e7afa85264e189af13f831ede
07542			unresolved	source_url_unresolved	会議録の代表URLを未特定	2026-08-02	f4e7b529b2f42d53c257bc2782b0eb5f954301ab8fd137382d26585cfc739c60
07543	https://www.tomioka-town.jp/soshiki/gikai/1029.html	独自	enabled			2026-08-02	3e0b5d99593726b219ed5c0b6b5a9d784602f1e092dafc9568c6d3478386b15b
07544	https://ssp.kaigiroku.net/tenant/kawauchi/SpMinuteSearch.html	kaigiroku.net	enabled				ce7a620c158048a587fedf235589d2dee54fcd2aec2af0f59ca42af60b44335e
07545			unresolved	source_url_unresolved	会議録の代表URLを未特定	2026-08-02	f4e7b529b2f42d53c257bc2782b0eb5f954301ab8fd137382d26585cfc739c60
07546	https://www.town.fukushima-futaba.lg.jp/12665.htm	独自	enabled			2026-08-02	c22eb818edac007ed968c519dbafcdfcbb5d97e09799efaa186737e9408af795
07547	https://www.town.namie.fukushima.jp/site/gikai/gichou-kousai.html	site-gikai-pdf	enabled			2026-08-02	5d309d9e5ca15a56002320b7045cba8c63937731a25c03be423d366d3213bdfc
07548			unresolved	source_url_unresolved	会議録の代表URLを未特定	2026-08-02	f4e7b529b2f42d53c257bc2782b0eb5f954301ab8fd137382d26585cfc739c60
07561	http://shinchi-k.k-quick.net/index.html	独自	enabled			2026-08-02	a52fc3358dcdc58cbcfcde880a6f0c71a6a44de1d487510d2ebe113f9aded6b3
07564	https://www.vill.iitate.fukushima.jp/site/gikai/list24.html	独自	enabled			2026-08-02	03c53a032fdc30769a273742de2e55a61400493454e255df262bf4ccba46bace
08000	https://www.pref.ibaraki.dbsr.jp/index.php/	dbsr	enabled				74c1e3989f9de0e248ebc9b14bf8c7f55358fbaf197bd11232c23d3d75df3bbf
08201	https://ssp.kaigiroku.net/tenant/mito/SpMinuteSearch.html	kaigiroku.net	enabled				259b8cdeb6d00a48ec838ce312912f2e5312c0116771d37438b26e205ea6aa74
08202	https://www.city.hitachi.ibaraki.dbsr.jp/index.php/	dbsr	enabled				7e25c0c5c38e93df94500f395568aae838fae0fc312a67ef0298a47dc731f338
08203	https://ssp.kaigiroku.net/tenant/tsuchiura/MinuteSearch.html	kaigiroku.net	enabled				bef727a58777b23d4ebeb4198ed9447e037f9e9cd69b708cb2e01754c532a7e6
08204	https://ssp.kaigiroku.net/tenant/koga/MinuteSearch.html	kaigiroku.net	enabled				a497ce7bffdf5acbb56eb9dbf50a0eb3c5b5c33f888835ac4002375fef9851c4
08205	http://www.city.ishioka.ibaraki.dbsr.jp/index.php/	dbsr	enabled				2f2bcca00ef28d39f645536ff947e9b2e0999176e4d322061027e30f2e6a2dff
08207	https://ssp.kaigiroku.net/tenant/yuki/MinuteSearch.html	kaigiroku.net	enabled				12a907c1c2aac79c1ee14cc304b85f6dbfb0d4cf8620939ef1b668d3eade1bec
08208	https://ssp.kaigiroku.net/tenant/ryugasaki/SpMinuteSearch.html	kaigiroku.net	enabled				4de9f2b285d677a861030568d7a71c7a623f5f83f9b444b7844fa614b8e36554
08210	http://www.kensakusystem.jp/shimotsuma/index.html	kensakusystem	enabled			2026-08-02	4ba50092ef4b293829d31775688795d4507a1c06c94f836f32d7466b62a65864
08211	https://www.city.joso.ibaraki.dbsr.jp/index.php/	dbsr	enabled				d1bf0cefc99188d3dfdf0570acbcd64a8e645e3c7bc875e67ba9bb1387609f86
08212	https://www.city.hitachiota.ibaraki.dbsr.jp/	dbsr	enabled				1effd09b637ddcab13a3f3df79d7c660c265cd44311f64fa8d3a9f3d1ac93e82
08214	https://ssp.kaigiroku.net/tenant/takahagi/MinuteSearch.html	kaigiroku.net	enabled				6714f8bc6d0b114766c9cdef308a371027bd3057d3558c17018dc4cd2ab2b66d
08215	https://ssp.kaigiroku.net/tenant/kitaibaraki/MinuteSearch.html	kaigiroku.net	enabled				6ec81702b88112e190568b1781aba418b20a7f412200247b9cde63b4dde4fd1d
08216	http://kasama.gijiroku.com/voices/g08v_search.asp	gijiroku.com	enabled			2026-08-02	63fb963613ae915e39128da86cac092f5ccb0135df32d49184a13c6e799507bb
08217	https://ami-search.amivoice.com/toride/usr/	amivoice	enabled			2026-08-02	43e99b779fc9a525921d79aed8e7653415680a9f852dec2340e3898be59c14aa
08219	https://www.city.ushiku.ibaraki.dbsr.jp/	dbsr	enabled				b5b1b4d3676e6c8942ba648cc140d018617ba38d35822f783668476751816e56
08220	https://tsukuba.gijiroku.com/voices/g08v_search.asp	gijiroku.com	enabled			2026-08-02	25d15ae75c3b9266660e394887f0234acd65b2cdcc69e80049044a09723317bd
08221	https://hitachinaka.gijiroku.com/voices/g08v_search.asp	gijiroku.com	enabled			2026-08-02	dd631caeee5ec8f19688b88fcc02740be8744c763eeb50aad714dcc00ea96a34
08222	https://ssp.kaigiroku.net/tenant/kashima/SpMinuteSearch.html	kaigiroku.net	enabled				5a8088ff2b357c230c1597c458eb5e6a3c601294006b6c018ac82bc2e4070fe2
08223	https://ssp.kaigiroku.net/tenant/itako/SpMinuteSearch.html	kaigiroku.net	enabled				5f500b20005a403de0516833f88f22d6c4c4e5c72b6a37d4c42f9df0021c16af
08224	https://moriya.gijiroku.com/voices/g08v_search.asp	gijiroku.com	enabled			2026-08-02	8eda8ec2223d0c85020a6d3eabc19897056e039cbc6aadd875a0e06c8a34668d
08225	https://ssp.kaigiroku.net/tenant/hitachiomiya/SpMinuteSearch.html	kaigiroku.net	enabled				692e5532fd504099352f8af0bd029854e850e87e263f9e20cdee7ec4cf452805
08226	https://www.city.naka.lg.jp/gikai/teireikai/	独自	enabled				d5126697bbcd405267554af1ebffd57bf5d6749747f0b88dca032759d2f4e032
08227	https://ssp.kaigiroku.net/tenant/chikusei/MinuteSearch.html	kaigiroku.net	enabled				1441aaca95ef274e665d93eed33d9d6ad9777987efbd333259596b29ea71c9ee
08228	https://ssp.kaigiroku.net/tenant/bando/SpMinuteSearch.html	kaigiroku.net	enabled				d88a9f60c8eec931155c1d65cda5e432749d20211c116d89d21e557df35efd39
08229	https://inashiki.gijiroku.com/voices/g08v_search.asp	gijiroku.com	enabled			2026-08-02	5db78db8a3b9dbb21360327935d1b67a6853727d0aa30487ae32086dbeaaecaa
08230	https://ssp.kaigiroku.net/tenant/kasumigaura/SpMinuteSearch.html	kaigiroku.net	enabled				a5f04f35ca79753f21568ebf40495ab7ae910001191663b9a5592c1744c509ce
08231	https://www.city.sakuragawa.lg.jp/data/gikai/kaigiroku/index.html	static-kaigiroku-dir	enabled			2026-08-02	8ab9c76e70b47b6d165bb8b32e45f0573e64f0e03f057482d45d1d4a846dae96
08232	https://ssp.kaigiroku.net/tenant/kamisu/SpMinuteSearch.html	kaigiroku.net	enabled				0bd86a2dc4735818ad2403e6ffd6fd39f5edc90ad13aaf5551796c8af821d308
08233	https://ssp.kaigiroku.net/tenant/namegata/SpMinuteSearch.html	kaigiroku.net	enabled				6f2a35a79f2632121991cff8639cd799b8c1419e459bc56a3e78974122207110
08234	https://ssp.kaigiroku.net/tenant/hokota/MinuteSearch.html	kaigiroku.net	enabled				6686b55adb3020b44db9711910e98ed8e04d3480cea805e1046671850a5bb5e7
08235	https://tsukubamirai.gijiroku.com/voices/g08v_search.asp	gijiroku.com	enabled			2026-08-02	fce12573eb76a6e88ffc4f04d95b40f3ed61bea94876c7c7684834aadf2e97a5
08236	https://ssp.kaigiroku.net/tenant/omitama/SpMinuteSearch.html	kaigiroku.net	enabled				29a7183b5e3b8f4dbd5e2073bb13ab642329b61f86b2bea21b946926ed358bb9
08302	https://ssp.kaigiroku.net/tenant/ibaraki/SpMinuteSearch.html	kaigiroku.net	enabled				772c9b9b92d083cb4a2d287f9b8e065a2f6528997baece71392268ae0737ac52
08309	https://www.town.oarai.lg.jp/oaraigikai/%E8%AD%B0%E4%BA%8B%E9%8C%B2	独自	enabled			2026-08-02	b9f1f13d9c00bfc34e092157a53ad83865e50141223465a633afa34cb8c00511
08310			unresolved	source_url_unresolved	会議録の代表URLを未特定	2026-08-02	f4e7b529b2f42d53c257bc2782b0eb5f954301ab8fd137382d26585cfc739c60
08341	https://ssp.kaigiroku.net/tenant/tokai/SpMinuteSearch.html	kaigiroku.net	enabled				ff5ec4bdc086e2faded718f3130c08fb92477116b3440a3e40ebf03b194f6420
08364	https://ssp.kaigiroku.net/tenant/daigo/SpMinuteSearch.html	kaigiroku.net	enabled				652d4e694de0a0d56bc49269feb3c682936dc23f2f7219c0d1a7a0fcc1ebae12
08442	https://www.vill.miho.lg.jp/gyousei/mihomura-annai/gikai/gikaikaigiroku/	独自	enabled			2026-08-02	e357a1ced41f5f1488f741f680ff206b6c33c6fbe0a4a4acb7c7915c5bf8bb94
08443	https://www.town.ami.lg.jp/0000000309.html	独自	enabled			2026-08-02	8d431abe62ed8629e86f2deb328ffd46325fcfa336829dbd84e1aa28a6356f84
08447	https://www.town.ibaraki-kawachi.lg.jp/page/dir000122.html	独自	enabled			2026-08-02	cf9509cb65e9cb7a0034f7416537c70bd57be6f6ed4ae20da7f5af467134d151
08521	https://www.town.ibaraki-yachiyo.lg.jp/page/dir000425.html	独自	enabled			2026-08-02	54a6d0554ae5cb239994a9476fa2a96a0b80c71d228f963cf2c647c544be5037
08542			unresolved	source_url_unresolved	会議録の代表URLを未特定	2026-08-02	f4e7b529b2f42d53c257bc2782b0eb5f954301ab8fd137382d26585cfc739c60
08546	https://www.town.ibaraki-sakai.lg.jp/page/dir000145.html	独自	enabled			2026-08-02	252ac20bff6a6dc41c5829c1efd161870b572ba8468790c811500ecafd5fbb73
08564	https://www.town.tone.ibaraki.jp/parliament/kaigiroku/	static-kaigiroku-dir	enabled			2026-08-02	3d6d916a6a10ad6e56b668652737f22854418efbe4afa4968063012de4def0f2
09000	https://pref-tochigi.gijiroku.com/voices/g07v_search.asp?Sflg=2	gijiroku.com	enabled			2026-08-02	5fc65eb7abe818ebe36a07b03da31c9840e7b009a568302386203f3ec1079f93
09201	http://www.kensakusystem.jp/utsunomiya/index.html	kensakusystem	enabled			2026-08-02	e0bf278a2003feb76afe0cf7268465518374a77fa8e1ed37e466ff34144245e4
09202	https://ssp.kaigiroku.net/tenant/ashikaga/MinuteSearch.html	kaigiroku.net	enabled				5bf784d7e41630fe778d6b34fe7da94161da1792db9ae1690a3619b21ea25193
09203	https://ssp.kaigiroku.net/tenant/tochigi/MinuteSearch.html	kaigiroku.net	enabled				31d3d82c2f809b63e26ca60715ff348d7e99c3701c469aa66ddd5c7d9ad4c965
09204	https://ssp.kaigiroku.net/tenant/sano/MinuteSearch.html	kaigiroku.net	enabled				9bb5c5ed25da6bb407cef1e89bc764bee775e0d910e24cdaed452c5d2688b69d
09205	http://www.kensakusystem.jp/kanuma-c/index.html	kensakusystem	enabled			2026-08-02	cae1d46c05fa326ea988f200ab56f449ed97308f1a735ec33dfb608865363214
09206	https://ssp.kaigiroku.net/tenant/nikko/SpMinuteSearch.html	kaigiroku.net	enabled				5b43030ddfb9f35e009de820d8b5867db37129ee4f718dcf6f4394afba85cd2c
09208	https://ssp.kaigiroku.net/tenant/oyama/MinuteSearch.html	kaigiroku.net	enabled				81f5bf8ce1f3bf1d8ba83e2313b3209b33bf047c673f94c7d162e75996ea9937
09209	https://ssp.kaigiroku.net/tenant/moka/MinuteSearch.html	kaigiroku.net	enabled				01dc1717bd7b6a67ee5b9f1e0698f03dd00fd38f96679ef261d405c3abed9160
09210	https://ssp.kaigiroku.net/tenant/ohtawara/MinuteSearch.html	kaigiroku.net	enabled				e03679c5e562ff3b5688adcf7fd864d27907fac8b1a6223140d48f73ab2ba51d
09211	https://ssp.kaigiroku.net/tenant/yaita/SpMinuteSearch.html	kaigiroku.net	enabled				bc885a33b1a8ea8100a503b0a9bc0fe1bb9342f7932cf49774f2e53f7418f9e1
09213	https://ssp.kaigiroku.net/tenant/nasushiobara/SpMinuteSearch.html	kaigiroku.net	enabled				2b73608b76d8f95f715a7b9cb62d6f588baf811089fb449d284f540ae53e1ed6
09214	https://ssp.kaigiroku.net/tenant/sakura/SpMinuteSearch.html	kaigiroku.net	enabled				7549e3ff9cf78ceac71dd7249d9daedb4a64090ca65d1be11763efe3f8ee13db
09215	https://www.city.nasukarasuyama.lg.jp/city-council/minutes/	独自	enabled			2026-08-02	60518e13b02cc25920e95f8883b408f20d6cc4bf9ac942ba6af42132471fb171
09216	https://ssp.kaigiroku.net/tenant/shimotsuke/SpMinuteSearch.html	kaigiroku.net	enabled				066e73df927addf4ea3dcc1682b2b598786ea97d8757152e515bb7a77a83df8f
09301	https://www.town.kaminokawa.lg.jp/0192/genre2-0-001.html	独自	enabled				82d2daf630c68ecb524a39df869de29e629cdf8da51aca6448916144c6060bf3
09342	https://ssp.kaigiroku.net/tenant/mashiko/MinuteSearch.html	kaigiroku.net	enabled				7f91160c7339b92e1167a103011a07bd4bea22ab7e7b7540285b022a7be4441d
09343	https://www.town.motegi.tochigi.jp/motegi/nextpage.php?cd=5118&syurui=2	独自	enabled			2026-08-02	369ac780b15f137ee0b7ee44cd970e267068911156a1249740935e376c8cdc60
09344	https://ssp.kaigiroku.net/tenant/ichikai/SpMinuteSearch.html	kaigiroku.net	enabled				2935bce4efb695b0ad52894d7bc8c7a7aa107ba8cef220bcf1e7468aeb4618e9
09345	https://ssp.kaigiroku.net/tenant/haga/SpMinuteSearch.html	kaigiroku.net	enabled				8ec962254d4d6daf433de9193bd28f066176474286a32f39fff59d616115beb4
09361	https://ssp.kaigiroku.net/tenant/mibu/SpMinuteSearch.html	kaigiroku.net	enabled				6324ba222b4b61e2532cf0e0e2bda4afb7fd261533c8ad75c5fdd54341724d5a
09364	https://ssp.kaigiroku.net/tenant/nogi/SpMinuteSearch.html	kaigiroku.net	enabled				b3750a2ea22587d500cb23d38b97898f74c35d9499234382c9e0943b913d8e41
09384	https://ssp.kaigiroku.net/tenant/shioya/SpMinuteSearch.html	kaigiroku.net	enabled				7e15fdd120f05e0bd2843b22616c98b08226e077939066ded8017cb36ac97d46
09386	https://ssp.kaigiroku.net/tenant/takanezawa/SpMinuteSearch.html	kaigiroku.net	enabled				b26482ace9993e02aacfa0232f3a26c638b06ca6ee1028ba095bbc6ad36923b6
09407	https://ssp.kaigiroku.net/tenant/nasu/MinuteSearch.html	kaigiroku.net	enabled				42a2b014c3e311ef480e9b712b940bcd270363bd8aae050dccbf52ed9d0ca62b
09411			unresolved	source_url_unresolved	登録URLが404。移転先の会議録一覧を未特定		f4e7b529b2f42d53c257bc2782b0eb5f954301ab8fd137382d26585cfc739c60
10000	https://www07.gijiroku.com/voices/g07v_search.asp	gijiroku.com	enabled			2026-08-02	207949935cc672c8b8ff171ac17487f87bc68a8edaad151bc576312fabd7b868
10201	http://www.city.maebashi.gunma.dbsr.jp/index.php/	dbsr	enabled				53982f8590c2c6d7d9fc8133e5bb6eef16e874a882299ad02634bfdbaf5d47ce
10202	http://takasaki.gijiroku.com/voices/g08v_search.asp	gijiroku.com	enabled			2026-08-02	597d365f32cb18ed9b8799a238dca6ef92da0bc54938775010f5ce1f40c52f4a
10203	https://ssp.kaigiroku.net/tenant/kiryu/MinuteSearch.html	kaigiroku.net	enabled				e01ab72198707fd3b6d0a7d62c619b8055ff130afa5bc39a48e2f35904656f8e
10204	http://www.city.isesaki.gunma.dbsr.jp/index.php/	dbsr	enabled				7e2460c10cdc10b113340ff31fc325b1c3d10c4989fa5ff34aa7a2965ac91ac8
10205	http://ota.gijiroku.com/voices/g08v_search.asp	gijiroku.com	enabled			2026-08-02	5296f881f271f7ada48fd03de40b6affd0868b9a142f02698665009fe622906c
10206	https://www.city.numata.gunma.dbsr.jp/index.php/	dbsr	enabled				6465682aa2fb93ce31ada995efcb878058118e54928ca3b17a9ba05cf5b48e18
10207	https://ssp.kaigiroku.net/tenant/tatebayashi/MinuteSearch.html	kaigiroku.net	enabled				6c324db881bc699e5d0952c4a802e16fd8f693b6e1a79077b8c93572b2771e9d
10208	https://ssp.kaigiroku.net/tenant/shibukawa/MinuteSearch.html	kaigiroku.net	enabled				378777b24c63561a1af6177685906c08bea448b8accd0ec9a85010dcfe930602
10209	http://fujioka.gijiroku.com/voices/index.asp	gijiroku.com	enabled			2026-08-02	5b27e94fd1c311048164cd0c38a3748b7f63133b7e806852b1c5db56f074e0cc
10210	https://ssp.kaigiroku.net/tenant/tomioka/MinuteSearch.html	kaigiroku.net	enabled				d3371ddb21fca15f6576ad6ded6fe6867f1c07572831dae99c067b62c6f52205
10211	https://ssp.kaigiroku.net/tenant/annaka/SpMinuteSearch.html	kaigiroku.net	enabled				994f4f3e614fe697f70fa4faad7a4e36f25c2235f2f26f9d7a1f618452e614c6
10212	https://ssp.kaigiroku.net/tenant/midori/MinuteSearch.html	kaigiroku.net	enabled				a501f693b769f86b424c515a7e43583f16da188d84cc82da5db26b42a6898cd0
10344	https://www.vill.shinto.gunma.jp/gikai/assembly/000297/index.html	独自	enabled			2026-08-02	e96feb7a86f7aba5a21ea5324f562548098020d40265b2a954aa431da2d0c1da
10345			unresolved	source_url_unresolved	会議録の代表URLを未特定	2026-08-02	f4e7b529b2f42d53c257bc2782b0eb5f954301ab8fd137382d26585cfc739c60
10366			unresolved	source_url_unresolved	会議録の代表URLを未特定	2026-08-02	f4e7b529b2f42d53c257bc2782b0eb5f954301ab8fd137382d26585cfc739c60
10367			unresolved	source_url_unresolved	会議録の代表URLを未特定	2026-08-02	f4e7b529b2f42d53c257bc2782b0eb5f954301ab8fd137382d26585cfc739c60
10382	https://www.town.shimonita.lg.jp/gikai/m01/m02/2024_gikai_kaigiroku.html	独自	enabled			2026-08-02	4a57bd066466519af98e60d401964493ca4f888e4216ffe90a71a077b900f30d
10383			unresolved	source_url_unresolved	会議録の代表URLを未特定	2026-08-02	f4e7b529b2f42d53c257bc2782b0eb5f954301ab8fd137382d26585cfc739c60
10384	https://www.town.kanra.lg.jp/gikai/kaigiroku/index.html	独自	enabled			2026-08-02	b06eaaeaa1fe66d59bd77db6cea012b63368be424bd88e3119bd767212224cbb
10421	https://www.town.nakanojo.gunma.jp/site/nakanojo-gikai/1097.html	site-gikai-pdf	enabled			2026-08-02	c00d141792c6b64c8b1c50679f52f21e0b1b3c357053070777a7283a9d177af1
10424	https://www.town.naganohara.gunma.jp/administration/?category=72	独自	enabled			2026-08-02	a176e1fd5b48fe1845cd9effba3b325d806fdd9448aed59bedf72b34403a8faa
10425			unresolved	source_url_unresolved	会議録の代表URLを未特定	2026-08-02	f4e7b529b2f42d53c257bc2782b0eb5f954301ab8fd137382d26585cfc739c60
10426	https://www.town.kusatsu.gunma.jp/www/contents/1654156951891/index.html	独自	enabled			2026-08-02	870df4181c256674c9e8ab0e760944e904c370385ba96350fd25d69d7b580a00
10428	https://vill.takayama.gunma.jp/gikai/gijiroku.html	独自	enabled			2026-08-02	79fac8bc61e1fb0eca3754823291cbbb6bb40741736e4f0758683e3c08fda49a
10429	https://www.town.higashiagatsuma.gunma.jp/www/gikai/genre/1204443645837/index.html	独自	enabled			2026-08-02	64efcabb2778f98ee3fe9c81be42fa3cce83aabd6a7c9504b71833360990b2d9
10443	https://www.vill.katashina.gunma.jp/gaiyou/kakuka/gikai/2016-0330-1855-38.html	独自	enabled			2026-08-02	f5c46db1448aaeb0a20fb78e0362e27b5c3b6815bfec106a4e46974fff8c8c3f
10444			unresolved	source_url_unresolved	会議録の代表URLを未特定	2026-08-02	f4e7b529b2f42d53c257bc2782b0eb5f954301ab8fd137382d26585cfc739c60
10448			unresolved	source_url_unresolved	会議録の代表URLを未特定	2026-08-02	f4e7b529b2f42d53c257bc2782b0eb5f954301ab8fd137382d26585cfc739c60
10449	https://www.town.minakami.gunma.jp/politics/08gikai/gijiroku/	static-kaigiroku-dir	enabled			2026-08-02	3d9627e75f46e188bb3ac844c075b882d17e277471dd56106a9968458c0f3eb0
10464	https://www.town.tamamura.lg.jp/docs/2025052200015/	独自	enabled			2026-08-02	c3017a8ad82c3166b3bacf3b5d9fb4a5d2b8693eca685e8b3f25a5d0fcc98dc8
10521	https://www.town.itakura.gunma.jp/d000070/d000030/index.html	独自	enabled			2026-08-02	06c0f35158343569e3d1a301aee87960bdb5356f89a265a05555e3b9de850ae1
10522	https://www.town.meiwa.gunma.jp/life/soshiki/gikai/meiwamachigikai/index.html	独自	enabled			2026-08-02	b0bae293dcb443f5aa5a1dbd7c1a7ab8089d65d6289c22a3108d4691f02c99eb
10523	https://www.town.chiyoda.gunma.jp/gikai/gikai15.html	独自	enabled			2026-08-02	09764252bbea9c8832fe721a712b24a391777c75be1fa304d284f8ecd9044bf8
10524	https://ssp.kaigiroku.net/tenant/oizumi/MinuteSearch.html	kaigiroku.net	enabled				e8e7a68f20c22c2e354ed2acad2510f91b459ecba6aabb6832d18b380146a17f
10525	https://www.town.ora.gunma.jp/s049/070/020/077/gikai-kaigiroku-R7.html	独自	enabled			2026-08-02	a156ac1b2a50f4169387eac503c595e1545788977d06d302782bc940e435907f
11000	https://ssp.kaigiroku.net/tenant/prefsaitama/MinuteSearch.html	kaigiroku.net	enabled				23e0cbf61bd3e743bb71a7870099690a89944cdf501ffd210b4768100785fab0
11100	https://ssp.kaigiroku.net/tenant/saitama/SpMinuteSearch.html	kaigiroku.net	enabled				90013a19b8e34e31d611066d528aba2009b6da1027889d76b9bd8b4bb8a721fb
11201	https://www.city.kawagoe.saitama.dbsr.jp/index.php/	dbsr	enabled				beb4408d32e314d0d41b57a7083768394d40b7fa923be9eb01c94e9f65ff4e28
11202	https://ssp.kaigiroku.net/tenant/kumagaya/MinuteSearch.html	kaigiroku.net	enabled				686faca60ca5156fbafd393a87ddcf340825e019bf1f56a2ba76d13604655357
11203	https://ssp.kaigiroku.net/tenant/kawaguchi/SpMinuteSearch.html	kaigiroku.net	enabled				f477e6c5069cdfe0453cf14ab3a72c1c5e7212d4c5cfcca8f005375e4bb00436
11206	https://ssp.kaigiroku.net/tenant/gyoda/SpMinuteSearch.html	kaigiroku.net	enabled				3e98c4a759cfb0dff067b5b9b16505d88659b227518bb8343345bbe5f474225b
11207	https://ssp.kaigiroku.net/tenant/chichibu/MinuteSearch.html	kaigiroku.net	enabled				614f5ca884d426ee53239051c802839dbfa790888fdd51537df337e987f0c61b
11208	https://ssp.kaigiroku.net/tenant/tokorozawa/pg/index.html	kaigiroku.net	enabled				c012146ef772e28dda6ac13e785ba9fa603116d1c10332fe3ff072cda4d888df
11209	https://ssp.kaigiroku.net/tenant/hanno/MinuteSearch.html	kaigiroku.net	enabled				82b1baee06dbb9b952f83e3cd7392207085b02e62f241b7f8f0dd4d0946b54e2
11210	https://ssp.kaigiroku.net/tenant/kazo/SpMinuteSearch.html	kaigiroku.net	enabled				ee1f9758661ca94079f556e50fe239bc08c936928e86bdf2a61e77f2dc354ab7
11211	https://ssp.kaigiroku.net/tenant/honjo/MinuteSearch.html	kaigiroku.net	enabled				b2d9ca1f18333e072c27be2ca150372035f1d74ee3257eaf79d8aac1664b23a7
11212	https://ssp.kaigiroku.net/tenant/higashimatsuyama/MinuteSearch.html	kaigiroku.net	enabled				229d4090034b8ee8fe514ab0d2b6ba2418bbc846ba76a8a3ac529895ea29812a
11214	https://www.kasukabe-shigikai.jp/voices/g07v_search.asp	voices	enabled			2026-08-02	6231bb42904e6dab902a03d32c2f238019910b3035efc59d7253a04af294038d
11215	http://sayama.gijiroku.com/voices/g08v_search.asp	gijiroku.com	enabled			2026-08-02	b20be31788f7b75ffd74dda2ec8090880e07d2b136c4871ceb97cec9c105a053
11216	https://ssp.kaigiroku.net/tenant/hanyu/SpMinuteSearch.html	kaigiroku.net	enabled				189b2fa221f7442b2b0595d1752025fd39dd6c7fde0342f7fe70a17811b9830d
11217	https://ssp.kaigiroku.net/tenant/kounosu/MinuteSearch.html	kaigiroku.net	enabled				8761be081d496179ccaaa7205ae32131bfb9efdee2159a3df015758f1d55c43a
11218	https://ssp.kaigiroku.net/tenant/fukaya/MinuteSearch.html	kaigiroku.net	enabled				5154b22ced768f6f5d069441f8189c566b4b616174e7a18333d6bbc188c343d8
11219	https://ssp.kaigiroku.net/tenant/ageo/MinuteSearch.html	kaigiroku.net	enabled				06ed6a17301cb4d3e1d59b138ed98f19f14a77023ac6a6a6dfacc2f9509ec1b9
11221	http://www.soka-shigikai.jp/voices/g07v_search.asp	voices	enabled			2026-08-02	5822143a15d675054a6c9c661cfa62f2dd89591b2059edcee0d8ac46c2015f56
11222	https://ssp.kaigiroku.net/tenant/koshigaya/SpMinuteSearch.html	kaigiroku.net	enabled				0e1eb78e514c9b9d2e76e6c53ea19d4c746e7f0c6ae86f8e3103b0efacc9751e
11223	http://warabi.gijiroku.com/gikai/voices/g08v_search.asp	gijiroku.com	enabled			2026-08-02	34b764f94cdd7483abda12ca846cffd9807a6c84014eefc04ee7bbce704b2783
11224	https://www.city.toda.saitama.jp/soshiki/411/sui-gyomu-kaigiroku-list.html	独自	enabled			2026-08-02	287b2431cf42ac0ba9036b37a208e106724e588213b2dd7c3dd24474d78cdb5f
11225	http://www3.city.iruma.saitama.jp/voices/g07v_search.asp	voices	enabled			2026-08-02	18587618a589b92c0d2fbe0a6e0d7d5344084101d78f6663976bc3d78ab1fc88
11227	https://ssp.kaigiroku.net/tenant/asaka/SpMinuteSearch.html	kaigiroku.net	enabled				d87d5e6f33eb9ae9d84fe67aecd59c963c1be17a459310cc49f60b0c48df9cc2
11228	https://ssp.kaigiroku.net/tenant/shiki/SpMinuteSearch.html	kaigiroku.net	enabled				74f36650c401e63a68e61d50b283190e5c97c4dfdc70959a13ebc6051dc1f977
11229	https://ssp.kaigiroku.net/tenant/wako/SpMinuteSearch.html	kaigiroku.net	enabled				8aa0be9d3959dd60bfcc52890b5a59bd2fe1048b293e989d98a1be8eeafb3de6
11230	https://niiza.gijiroku.com/voices/g08v_search.asp	gijiroku.com	enabled			2026-08-02	4240192af450f0d1e6acd3ddedc3bc5a5181af246e4300ac7ce89735744627c2
11231	https://ssp.kaigiroku.net/tenant/okegawa/SpMinuteSearch.html	kaigiroku.net	enabled				7af7b68e42c46ffd58785ac6261868096c0f3e5d9295a6dea6154a3633c8ec0c
11232	https://ssp.kaigiroku.net/tenant/kuki/MinuteSearch.html	kaigiroku.net	enabled				2dd7b56fafa44332273a3fea39882024c79eebe78585bf8c2fb28c35abb2721f
11233	https://ssp.kaigiroku.net/tenant/kitamoto/MinuteSearch.html	kaigiroku.net	enabled				e023490fbb0f6b916e5b0c4d55887b5f4940007679ee45bc200f805232043450
11234	https://ssp.kaigiroku.net/tenant/yashio/SpMinuteSearch.html	kaigiroku.net	enabled				2491a168167b568ad4204805b1fcf0c35ce6465d580b4bb8a55de58c7cbc4bc9
11235	https://ssp.kaigiroku.net/tenant/fujimi/SpMinuteSearch.html	kaigiroku.net	enabled				e31098a3f9e92a7fd746d67e3f98a39d2c49ba23ae0b7b1bf3bafb38b20613ae
11237	https://ssp.kaigiroku.net/tenant/misato/SpMinuteSearch.html	kaigiroku.net	enabled				471278b8841f981dd8075a4643775987486e0fe55c14451959e9fd12f8463c71
11238	https://ssp.kaigiroku.net/tenant/hasuda/SpMinuteSearch.html	kaigiroku.net	enabled				e027f1f117923193c04c7e2c7bea51a799c4ba5003e813e18c82bf47a25c34b4
11239	https://ssp.kaigiroku.net/tenant/sakado/MinuteSearch.html	kaigiroku.net	enabled				41444ce2dc80f94247de278cf35a859274f16a31b6e253e30e7c0d6b327c37e2
11240	https://ssp.kaigiroku.net/tenant/satte/SpMinuteSearch.html	kaigiroku.net	enabled				810b907efd3c32f0995aae7c3c3af0367e8df3255ecebaf221e3646dc2a54007
11241	https://ssp.kaigiroku.net/tenant/tsurugashima/MinuteSearch.html	kaigiroku.net	enabled				4df5a4ec9b9c8fe00ce2d53940f705e6a31ff60badd9c7d7a540ff95474538b6
11242	https://ssp.kaigiroku.net/tenant/saihidaka/MinuteSearch.html	kaigiroku.net	enabled				b5a0d668d4eb6e7d460dd87bb77be648433a9152ceff6eec17954e1003b8eaf7
11243	https://ssp.kaigiroku.net/tenant/yoshikawa/SpMinuteSearch.html	kaigiroku.net	enabled				c2dea996178ac18d879d2019e7e9c3062f91067be89b3aebab1bcb17072f9870
11245	https://ssp.kaigiroku.net/tenant/fujimino/MinuteSearch.html	kaigiroku.net	enabled				8dcee9a127435589d091585873231c25e7613d85e61fcb044a2c32d9c92f99c6
11246	https://ssp.kaigiroku.net/tenant/shiraoka/MinuteSearch.html	kaigiroku.net	enabled				37fbedb6ca2fe3e6eb4571da0326b6e48b66174e948e753085ff3463c11843db
11301	https://ssp.kaigiroku.net/tenant/inamachi/SpMinuteSearch.html	kaigiroku.net	enabled				596b022bfe4af1b26b8d5d33dc9ce1274d5b0647ca53bcf63a888a60f21d5e6c
11324	https://ssp.kaigiroku.net/tenant/miyoshi/SpMinuteSearch.html	kaigiroku.net	enabled				5454e04fee5fb9e71b4f96a0f7990e466350932ae16f5ebaeebde097145a0ec2
11326	https://ssp.kaigiroku.net/tenant/moroyama/MinuteSearch.html	kaigiroku.net	enabled				e1e9162e825242cd34bfea89c5566dc8e7350182aa60f46e9467ef7b808bbde4
11327	https://ssp.kaigiroku.net/tenant/ogose/MinuteSearch.html	kaigiroku.net	enabled				7b44e2a36a02eafbe9f163b4e9235d9e5e66ecc862de9279cc45d99f67e8b81a
11341	https://www.town.namegawa.saitama.jp/section/kaigiroku/R02/R0209K/index.html	独自	enabled			2026-08-02	bdb5f0e543cd3bb7b7e01aa061f59b97278d45bbabf25815169f803331c525f6
11342	https://www.town.ranzan.saitama.jp/0000007893.html	独自	enabled			2026-08-02	eded12fc4c3848c9b8760ab1674783d714fda25fff91074a2ee4f9c4de4476c3
11343	https://ssp.kaigiroku.net/tenant/ogawa/MinuteSearch.html	kaigiroku.net	enabled				652b71c212b9f546c19ec23c8af98064d17fa38c650b3c2eaae4abf1c375a167
11346	https://ssp.kaigiroku.net/tenant/kawajima/SpMinuteSearch.html	kaigiroku.net	enabled				50e921fd638f598a85a696add4cd7858ed6eced6a90bf085c1a2f18198dbc0bd
11347	https://ssp.kaigiroku.net/tenant/yoshimi/MinuteSearch.html	kaigiroku.net	enabled				f717c7d8e42efbf30fcb7e42e6497f15b00b0874c073ce827cb0bf3aeabf197c
11348	https://ssp.kaigiroku.net/tenant/hatoyama/pg/index.html	kaigiroku.net	enabled				dc8128dc50e49bea035f60daf9738bd0e59dfe168824d75a08c4341042e30e9e
11349	https://www.town.tokigawa.lg.jp/info/156	独自	enabled			2026-08-02	ece1ab8b96735f852cae63c16997fa6b8bb77303477a848abe31e78ce11affd5
11361			unresolved	source_url_unresolved	会議録の代表URLを未特定	2026-08-02	f4e7b529b2f42d53c257bc2782b0eb5f954301ab8fd137382d26585cfc739c60
11362	https://www.town.minano.saitama.jp/section/gikai/815/	独自	enabled			2026-08-02	4e9ab31aa1a6b58630437df19801635132dfb3dc69bf42d9d0b8b6a0fdc2bd7f
11363	https://www.town.nagatoro.saitama.jp/nagatorochougikai/%E4%BC%9A%E8%AD%B0%E9%8C%B2/	独自	enabled			2026-08-02	49259a90cd9b7e1f3b366e998ec977e6e027776643d484f4d994718a7252f4bb
11365	https://www.town.ogano.lg.jp/menyu/gikai/sinkaigiroku/index.html	static-kaigiroku-dir	enabled				5aff7f1692b04a88285b543a47512a8de14ee844ad032c44c446351fd76669a5
11369	https://ssp.kaigiroku.net/tenant/higashichichibu/SpTop.html	kaigiroku.net	enabled				23b6634d3c3db2e08d69425b53f1b0adfe768ecb94d9164ac225b99079b16583
11381	https://ssp.kaigiroku.net/tenant/saimisato/MinuteSearch.html	kaigiroku.net	enabled				7a23587e43d3e8886f6e80055672ac95f71f9759d011d195814b4aa936d6be9a
11383	https://ssp.kaigiroku.net/tenant/kamikawa/MinuteSearch.html	kaigiroku.net	enabled				162a43ad3771b62ce31e21e2fedcc8e8db1e4064df0177997a02fb45ebcbb4c5
11385	https://www.town.kamisato.saitama.jp/1797.htm	独自	enabled			2026-08-02	c754cf9e02b94091324f7c0748430572adf257a710934d44e53d8186c22b3490
11408	https://ssp.kaigiroku.net/tenant/yorii/SpMinuteSearch.html	kaigiroku.net	enabled				27732a3ab5fbe3e41660625ee8d23632cba10e11d582abaebbc01dc913df36be
11442	https://ssp.kaigiroku.net/tenant/miyashiro/SpMinuteSearch.html	kaigiroku.net	enabled				0ec88f42405d9e3157a74e5085d067048429a951587df5338e9cc1c95f19dc2c
11464	https://ssp.kaigiroku.net/tenant/sugito/MinuteSearch.html	kaigiroku.net	enabled				faf2877ba21ecace0cb9e8e9a844c9b4c34a1a5cc6df83e94568838b1120acaf
11465	http://www.town.matsubushi.saitama.dbsr.jp/index.php/	dbsr	enabled				d13ebdefd7462882132565671fac7e550b49fbc4a6dc8610de4a407d2a5d8b5e
12000	https://pref-chiba.gijiroku.com/kaigiroku/	gijiroku.com	enabled			2026-08-02	bc8854cae9c0dbfa9fd8a89085a3da90999e8c62e3c269549349b70676cf4805
12100	http://www.city.chiba.chiba.dbsr.jp/index.php/	dbsr	enabled				f474195357b0b7022f477dbd1307050cdb9f8e900348c834c1b0a3baead883dd
12202	https://ssp.kaigiroku.net/tenant/choshi/SpMinuteSearch.html	kaigiroku.net	enabled				a19aac8dde0cbb19d7ba5e729f8ece5ac96b62b20214124be2371e14167c929e
12203	https://ssp.kaigiroku.net/tenant/ichikawa/SpTop.html	kaigiroku.net	enabled				290ba7adebb5dbf41fe16d733299325b09c32df5457f88ac6780e5dda44d1ee8
12204	https://funabashi.gijiroku.com/voices/g08v_search.asp	gijiroku.com	enabled			2026-08-02	f4628a90141c568b1c29756b3f7d154ebbfd271b027f0f200aa8ac969ad4ee70
12205	https://ssp.kaigiroku.net/tenant/tateyama/SpMinuteSearch.html	kaigiroku.net	enabled				6f90311dfd27f032f1db88dfa8d00f13e478f756bc69c16615547dc9c21b71fa
12206	http://www.city.kisarazu.chiba.dbsr.jp/index.php/	dbsr	enabled				8251750e7bebfc2c545001fb19eed127e1951e08a45046ff70ed3a03a2b87fac
12207	https://ssp.kaigiroku.net/tenant/matsudo/SpMinuteSearch.html	kaigiroku.net	enabled				d8b8d4f24eea63fb95827865ad26429f617ee4b3a78cf5fd1f5f918ce7a4f128
12208	https://ssp.kaigiroku.net/tenant/noda/MinuteSearch.html	kaigiroku.net	enabled				0916a74c80b556baf46091e5751f6241c6e26d625b422833e6b7b4b797d024e7
12210	https://www.city.mobara.chiba.jp/category/6-4-3-0-0-0-0-0-0-0.html	独自	enabled			2026-08-02	8e83b11b7eb2edf4a0a492ef3b0f31b53f835610da4f7b60c98d4b89fa1d186d
12211	https://ssp.kaigiroku.net/tenant/narita/SpMinuteSearch.html	kaigiroku.net	enabled				9f93aa9291c18506849d92cd61d101c585d81eb7d83c590da68fb9e4d277d5d1
12212	https://sakurashigikai.gijiroku.com/voices/g08v_search.asp	gijiroku.com	enabled			2026-08-02	979af6fc2b70abc011a23da2f4cdea783118d59dfb60490dbb7cbdd4b200ab0a
12213	https://ssp.kaigiroku.net/tenant/togane/SpMinuteSearch.html	kaigiroku.net	enabled				676875449d1b8b534c9777fee4c6b7039ad646e1eb4b8156b85c03b0cccf8927
12215	https://ssp.kaigiroku.net/tenant/asahi/SpTop.html	kaigiroku.net	enabled				c556e703e5ac4962285f5fa167819b7cb5da19dce35f6d5c819d884c9d78dc5f
12216	https://ssp.kaigiroku.net/tenant/narashino/SpMinuteSearch.html	kaigiroku.net	enabled				e1ac5d4de035a884b18e060111ab061fa935643d3fd26c12f584bc941dd3c250
12217	https://ssp.kaigiroku.net/tenant/kashiwa/MinuteSearch.html	kaigiroku.net	enabled				e0b2fc27a257b68a442a9c15a06b84ac7f9413f4e87a289e0949fd390ef790a5
12218			unresolved	source_url_unresolved	会議録の代表URLを未特定	2026-08-02	f4e7b529b2f42d53c257bc2782b0eb5f954301ab8fd137382d26585cfc739c60
12219	https://ssp.kaigiroku.net/tenant/ichihara/SpMinuteSearch.html	kaigiroku.net	enabled				8c21c25cc6db14bf1d612711e4213355e540bfd4fde45328a1d8b9802ffdd709
12220	https://ssp.kaigiroku.net/tenant/nagareyama/MinuteSearch.html	kaigiroku.net	enabled				6c81edca94ae6196a5206995fe2ab7069e1942f4d99c572f4d478dca17314b27
12221	https://ssp.kaigiroku.net/tenant/yachiyo/SpMinuteSearch.html	kaigiroku.net	enabled				703f924a0000ef933a51bffa8168912d0f250afa2128ad24b0a0863a33b0a07c
12222	https://ssp.kaigiroku.net/tenant/abiko/SpMinuteSearch.html	kaigiroku.net	enabled				6373c6b322fba2b0f9fb0123b66e14934a593c1c214248481285d8a61515e72b
12223	http://www.city.kamogawa.chiba.jp/VOICES/g07v_search.asp	voices	enabled			2026-08-02	539a943e5b58fd509987f2efd2fb3dd0eeb084aab03540e9b855c70d9607ef65
12224	https://ssp.kaigiroku.net/tenant/kamagaya/MinuteSearch.html	kaigiroku.net	enabled				7abb922ced63b2abfe7cae5926da53df9890f7cb04f8d0df4e68b45661ea5aa2
12225	https://ssp.kaigiroku.net/tenant/kimitsu/SpMinuteSearch.html	kaigiroku.net	enabled				5094a528130214295777b2e0bf7ca8d852e27adf1e3c56475a14a16203cadccc
12226	https://www.futtsu-gikai.jp/voices/g07v_search.asp	voices	enabled			2026-08-02	376a6f0bcffc1b6cf2b76250426869810eee01e41f7a4ec8c8cd9239be9a0781
12227	https://ssp.kaigiroku.net/tenant/urayasu/SpMinuteSearch.html	kaigiroku.net	enabled				c2c35a52de4659f31783768fb04fc6d2da0dcfcb20014322a2a4426d9853de5d
12228	https://ssp.kaigiroku.net/tenant/yotsukaido/SpMinuteSearch.html	kaigiroku.net	enabled				9f505abda772a87c26f31e4b05546ecb4c407bac236792e7c153a23b0c89423c
12229	https://ssp.kaigiroku.net/tenant/sodegaura/SpMinuteSearch.html	kaigiroku.net	enabled				43586cff03ab286a99c34763e0455f3ca624e507bef6a554aebd92d41920f592
12230	https://www.kensakusystem.jp/yachimata/index.html	kensakusystem	enabled			2026-08-02	3e6924339b54509e4250b7aa02fd025d7242358f19b2f7b0e0a9721ab969a5c0
12231	https://ssp.kaigiroku.net/tenant/inzai/MinuteSearch.html	kaigiroku.net	enabled				f037b1f179638cdd800713dccb8ae0d6bddadcbe98963125c2441053d69b217e
12232	http://www.city.shiroi.chiba.dbsr.jp/index.php/	dbsr	enabled				270aa280f3a81e2d04882d598eb5c81ff1be0060f4b9076a954e815680559b94
12233	https://ssp.kaigiroku.net/tenant/tomisato/SpMinuteSearch.html	kaigiroku.net	enabled				66253a554807064080884b08bc5550ec1694640173104b48dfffc1e0913c4033
12234	http://www.city.minamiboso.chiba.dbsr.jp/index.php/	dbsr	enabled				94882ed592f43cab87c9fa6b86272d2e2a6b5b5ad0afae7bbbde5aa6f477e7ea
12235	https://ssp.kaigiroku.net/tenant/sosa/SpMinuteSearch.html	kaigiroku.net	enabled				ee5e3ca0ce010ce69e1004672ea49db6235079aafbd8c21224c6f39ee84cb264
12236	https://ssp.kaigiroku.net/tenant/katori/SpMinuteSearch.html	kaigiroku.net	enabled				875b971e4e79ae045e0931d30b7982fc9e9ddebb08cfa7e71896455381dfda23
12237	https://www.city.sammu.chiba.dbsr.jp/index.php/	dbsr	enabled				e557a4a7d37fa4ddf269ef855f4ab03c0f48e35f8638713956584b09d60b6bdc
12238	https://ssp.kaigiroku.net/tenant/isumi/SpMinuteSearch.html	kaigiroku.net	enabled				222342f5f083db6c25ac49215960bbcbd3c73986441397b47b3a3f892bdf7ef1
12239	https://ssp.kaigiroku.net/tenant/oamishirasato/pg/index.html	kaigiroku.net	enabled				9c2058487d1ad11beb2c3bae282bbbba7ad9645679254151109005cd8bbcb1d1
12322	https://ssp.kaigiroku.net/tenant/shisui/SpTop.html	kaigiroku.net	enabled				414db6716259a4c4a54567852cc43126f2a23739629834a3efd5292b42755a48
12329	http://www.kensakusystem.jp/sakae/index.html	kensakusystem	enabled			2026-08-02	12c0ceebc2b554a02c877dd722d1731deb581936962e91b67584d5653f7a87aa
12342	https://www.town.kozaki.chiba.jp/profile/gikai/schedule/index.html	独自	enabled			2026-08-02	ff8f55b16ca60e0c98c21643428bb0e002e7010a67db10c9624cf65581c4dea2
12347	https://www.town.tako.chiba.jp/docs/2024092100019/	独自	enabled			2026-08-02	2c6e5ecd9b2e1e13a7ba97d42d45a73f02e5740c2b8077814402fcfeca446a99
12349	https://www.town.tohnosho.chiba.jp/soshiki/gikaijimukyoku/gyomu/tonoshochogikai/kaigiroku/8342.html	独自	enabled			2026-08-02	2603146fe334641db0e15a3b5ec2ee7b866a7f6120469a2c224b90a4c7645e96
12403	https://ssp.kaigiroku.net/tenant/kujukuri/SpMinuteSearch.html	kaigiroku.net	enabled				fdf8818af0abcbd8edb9a36bb68071cb4c1286f08dec0adaaebe9674dea8cc4a
12409	https://ssp.kaigiroku.net/tenant/shibayama/SpMinuteSearch.html	kaigiroku.net	enabled				a9f52de5e29a955087b0dbe5a368f058cd5a659c1069cdfd55ab37c0318e861c
12410	https://www.town.yokoshibahikari.chiba.jp/site/gikai/26918.html	site-gikai-pdf	enabled			2026-08-02	c2c0dc9d25b7220f5039485837d811d54c917b2fc73df703fbe010aca8635ed2
12421	https://www.town.ichinomiya.chiba.jp/info/gikai/2/16.html	独自	enabled			2026-08-02	f9ff936b80411c6bb085c5cebfce1cdf709c1d39fa5b08deb6f9ee6d7382eaac
12422	https://www.town.mutsuzawa.chiba.jp/kurashi/gikai/cat84	独自	enabled			2026-08-02	bafdcc062523ac6a8319aaeec29179008bc32c3c75082a764181a2a395beb858
12423	http://www.vill.chosei.chiba.dbsr.jp/index.php/	dbsr	enabled				b43a90a8e8e1acb3b0d022fc31e30e6a84da4f9312c1465a8df96232bfbb21bd
12424	https://www.town.shirako.lg.jp/0000004888.html	独自	enabled			2026-08-02	62682290cc8660ac9eb174a81d7931f9ae727efb7b5b52b115cdb7a81f69cdd2
12426	https://www.town.nagara.chiba.jp/site/gikai/9653.html	site-gikai-pdf	enabled			2026-08-02	65af7a172a694dc3fc5f459d9755538eee2d4f6e1bc62631e5e3677f26825ef9
12427	https://www.town.chonan.chiba.jp/chousei/gikai/%E4%BC%9A%E8%AD%B0%E9%8C%B2/	独自	enabled			2026-08-02	64d0d24feeabf8f91d31c9ddfb39ed3ad3c0e78c99f164790bf5e7230ab5905d
12441	https://www.town.otaki.chiba.jp/gyousei/gikai/1423.html	独自	enabled			2026-08-02	c8505c20252bff0208f77097f5792958f732ae49d62f7b83b45c48898f8cabf8
12443			unresolved	source_url_unresolved	会議録の代表URLを未特定	2026-08-02	f4e7b529b2f42d53c257bc2782b0eb5f954301ab8fd137382d26585cfc739c60
12463	https://www.town.kyonan.chiba.jp/site/machigikai/list23.html	独自	enabled			2026-08-02	7522ec250860f686dfc59d750346f56f24906cbc3fd9aee7428c1e6f19c02935
13000	https://www.record.gikai.metro.tokyo.lg.jp/	dbsr	enabled				ac08249d473f8bad20420ded6ddf8ecfd7a2726623c28e43a67bcb681a9c8b4c
13101	http://www.city.chiyoda.tokyo.dbsr.jp/index.php/	dbsr	enabled				3b2ac5291c2c98f39260f745e2f83b60e273f0269ae801bd48f308e1e5bba97e
13102	https://www.kugikai.city.chuo.lg.jp/kaigiroku/index.html	独自	enabled			2026-08-02	8206253c2f55f57b2163ae68ff430026726aff3d716ef76e41c816198f0a7dc6
13103	https://gikai2.city.minato.tokyo.jp/voices/g07v_search.asp	voices	enabled			2026-08-02	e65e4964cda1bcc98ad16ec16ddea4125fc6f578217fd530252835c4ae4a7138
13104	https://ssp.kaigiroku.net/tenant/shinjuku/SpMinuteSearch.html	kaigiroku.net	enabled				1a02fd5ed09113ceba88662a6ea42a61a69eafe9a24ab08bc6d928672027a3a8
13105	https://www.city.bunkyo.tokyo.dbsr.jp/index.php/	dbsr	enabled				8f8dbf3ab913ed47accb28d6a8dd68196ec075a48280f980b6205f20e657ff19
13106	https://taito.gijiroku.com/voices/g08v_search.asp	gijiroku.com	enabled			2026-08-02	95a86e9acdcc6bfb742d1a869522ceceb7c667270d200ce940d1102238f38670
13107	https://ssp.kaigiroku.net/tenant/sumida/SpMinuteSearch.html	kaigiroku.net	enabled				6b3b72d2700f17652f00d75bb098d12ecae8c8da7e429d411ccf8c3b99448d76
13108	http://www.city.koto.tokyo.dbsr.jp/index.php/	dbsr	enabled				9a815cf91a6bac3349f6201dfa9e10ed2f091e4d40f58f3932203d9f02a5b353
13109	https://kaigiroku.city.shinagawa.tokyo.jp/index.php/	kaigiroku-indexphp	enabled				a27c8bac703a44e9a2f02bc5323491b089765170b4b547a8e2e55c8bfb372e33
13110	http://www.kensakusystem.jp/meguro/index.html	kensakusystem	enabled			2026-08-02	045bda6febca4d54bf47561e1753e15108778e1c18fb3d48595d008bdcba4abd
13111	https://www.gikai-ota-tokyo.jp/ota/g08v_search.asp	voices	enabled			2026-08-02	a295385f34636d67a494fade8fd30b20c42d0a18df1e8360f512ee31b7aa33bb
13112	http://kugi.city.setagaya.tokyo.jp/voices/index.html	voices	enabled			2026-08-02	88f2ac80e1e7b294c82518813e090300f62246f7de96f19674dabbbf972893b3
13113	https://ssp.kaigiroku.net/tenant/shibuya/SpMinuteSearch.html	kaigiroku.net	enabled				ad202655bdffaa5018419d40456df569ec9fe6840d77087cdd17967a8eb1f5fb
13114	https://smart.discussvision.net/smart/tenant/nakano/WebView/rd/council_1.html	discussvision	enabled				9960c7a8e9fef9d3801d0722f1f9c55623e1d9f8747ecde4c22f173ef2852c0f
13115	https://suginami.gijiroku.com/voices/voices/g08v_search.asp	gijiroku.com	enabled			2026-08-02	9a19f594919f9189714c29e65b818713a6c788529a5cd9f1bb5768606f69cd80
13116	http://www.kensakusystem.jp/toshima/index.html	kensakusystem	enabled			2026-08-02	2d02f74af82af6ba0de32dcef16c6b35def145433fe16b7b7ee367c2b8b28f7f
13117	https://ssp.kaigiroku.net/tenant/kita/SpMinuteSearch.html	kaigiroku.net	enabled				a186692633c188d369f255bd3da5dba7206d2683148a67d7c5df0d9f845567bb
13118	https://ssp.kaigiroku.net/tenant/arakawa/MinuteSearch.html	kaigiroku.net	enabled				24e9aadb1c1e492dda6e0f20b2bc62727adb3074ff2c4c743d0fd08e27b7e1f8
13119	http://itabashi.gijiroku.com/voices/g07v_search.asp	gijiroku.com	enabled			2026-08-02	0ec306c747d11aa2c9a987b54783f9a7bce01d040a1a92ee8f75552be7b11dc6
13120	https://ssp.kaigiroku.net/tenant/nerima/SpMinuteSearch.html	kaigiroku.net	enabled				756de14eae1bc938de66d90c7791a3d0225c511bb49f9b90a17f74b947dbf137
13121	https://www.gikai-adachi.jp/voices/g07v_search.asp#gsc.tab=0	voices	enabled			2026-08-02	8abb8f3b6ab5f62355cf2f7d1eb7a14da491a6fd25dd57a57ed1a47adf4aced0
13122	https://www.kensakusystem.jp/katsushika/index.html	kensakusystem	enabled			2026-08-02	7eb30b705d2d5d6c4d6790ee3b8405fbca87648d16cd71b853cfdcdf8c3eb364
13123	https://www.gikai.city.edogawa.tokyo.jp/voices/g07v_search.asp	voices	enabled			2026-08-02	1d01a96f889070babad54e0c681cc0d7ca79816fd46b87ffa39bb4123208fef1
13201	https://www.city.hachioji.tokyo.dbsr.jp/index.php/	dbsr	enabled				ee377cfe3709c373dcd686cd031f87616b3a769037736befca2089116bf6b043
13202	https://ssp.kaigiroku.net/tenant/tachikawa/SpMinuteSearch.html	kaigiroku.net	enabled				45ab0bc89ff8071b0b233f06a873f3a3ec3d1696d8b904b7b067abfebd5c68a1
13203	https://www.city.musashino.tokyo.dbsr.jp/index.php/	dbsr	enabled				801d2b92e06f5f032f0ade5de7085a09c78f14dff9a248378fe1f4109cf96dbc
13204	http://www.city.mitaka.tokyo.dbsr.jp/index.php/?Template=search-simple	dbsr	enabled				2c906ddf7a346307d327414c0b20fd200607bb13ce9dae311bd95a2e3ff634a7
13205	https://ssp.kaigiroku.net/tenant/ome/MinuteSearch.html	kaigiroku.net	enabled				fc7ade26d6d80732e2cdc5d5b89a41117c2917c3548462a029f6fc221cae46d3
13206	https://www.city.fuchu.tokyo.dbsr.jp/index.php/	dbsr	enabled				8936039e3b6bd8cb13331246b0942a1de356dd3d0016fb7f31c3849d51b19157
13207	https://ssp.kaigiroku.net/tenant/akishima/MinuteSearch.html	kaigiroku.net	enabled				1b91fd346564d78880a088033d5c2cd4c1733cea24ee43c4dc4556008ea1e383
13208	https://chofucity.gijiroku.com/voices/index2.html	gijiroku.com	enabled			2026-08-02	9fd0895fefc4211fb643a8916444c3718b6a695cbd3e9ab200984124ddd3acdc
13209	https://www.gikai-machida.jp/voices/g07v_search.asp	voices	enabled			2026-08-02	0cdbf0069a94ec4e27eda2b8d981b2202671ddb2b506c0f24872d246913e88cc
13210	http://www.city.koganei.tokyo.dbsr.jp/index.php/	dbsr	enabled				ad597ec83f77a57abca1c8b36c8c1db69d5d45a617554e7cc7926ae905acb1cb
13211	https://ssp.kaigiroku.net/tenant/kodaira/SpMinuteSearch.html	kaigiroku.net	enabled				2113f1e93a89d5a5e06145d9882a5ea09759d33781358b3cd758bf2ce79b52c7
13212	http://www.city.hino.tokyo.dbsr.jp/index.php/	dbsr	enabled				03c6c33dcdbd428de44554eed893e6ff4b21a7eafd3e2d21d7ba3f4c94b9f0be
13213	https://www.city.higashimurayama.tokyo.jp/gikai/gikaijoho/kensaku/index.html	独自	enabled	robots_unreachable	https://www.city.higashimurayama.tokyo.jp/robots.txt / HTTP 403	2026-08-02	5413647e80a72cc1c1196a06de5a95295f669ce111f3333a7782faa197dc4ba8
13214	http://www.city.kokubunji.tokyo.dbsr.jp/index.php/	dbsr	enabled				9d68903b5494c73b23ee42d5d6d767330a772a982913ef9102a68c1c1a092d9a
13215	https://www.city.kunitachi.tokyo.dbsr.jp/index.php/	dbsr	enabled				2860df69a35529e59c6cf0a53afc8e64092626123ec990a8451a5538ba2e0e9d
13218	https://www.city.fussa.tokyo.dbsr.jp/index.php/	dbsr	enabled				7632586fe603fb22c258825aa013d4df98fb7b97411f643068da24e199514186
13219	https://www.city.komae.tokyo.dbsr.jp/index.php/	dbsr	enabled				6b538828f7a3e0886f16594da6bfba141fd75e8a35cc080388ea144080c7c8c3
13220	https://ssp.kaigiroku.net/tenant/higashiyamato/pg/index.html	kaigiroku.net	enabled				aa727caf990b81a34536e8f6dd70b724c30180f7cdfc289cef296442a43e0f16
13221	https://ssp.kaigiroku.net/tenant/kiyose/SpMinuteSearch.html	kaigiroku.net	enabled				6131e6785a1a1643ce3bee3f8883aeba50828026a4836e75a6d6536bf67b5687
13222	http://www.city.higashikurume.tokyo.dbsr.jp/index.php/	dbsr	enabled				05087983d544e4c355f83a5ae9507f3b7f2e9c88fe9088b7ee297a994c2f3198
13223	https://ssp.kaigiroku.net/tenant/musashimurayama/SpMinuteSearch.html	kaigiroku.net	enabled				8d024858c625df5d2b948905af980ed1489442a28c5f889685e0db2d393068b8
13224	https://www.city.tama.tokyo.dbsr.jp/index.php/	dbsr	enabled				9d469e67a065308af9784d8b40a9d169210dc8052660eca6d4e6eb2bc1af07c6
13225	http://www.city.inagi.tokyo.dbsr.jp/index.php/	dbsr	enabled				f487678aa37dbaeed875989b8bcecb830ab15f15fd64876225c2deb3b6e44fa1
13227	https://www.city.hamura.tokyo.dbsr.jp/index.php/	dbsr	enabled				a87b6b6ea2e163d7d3c2d2d7cd02811859d517f9a33ed24edf519acf3aec8ecd
13228	https://www.city.akiruno.tokyo.dbsr.jp/index.php/	dbsr	enabled				7a02d3577d2f400293e4c9d2f1d5bd7353b8a23607420e7df877310f8253382e
13229	http://www.city.nishitokyo.tokyo.dbsr.jp/index.php/	dbsr	enabled				ee4ac91bdac2fb824c6713c0b49ecaf6ab6f3f0545618afb7bf90f9c5cc446ac
13303	https://ssp.kaigiroku.net/tenant/mizuho/SpMinuteSearch.html	kaigiroku.net	enabled				cf827926aa5357a142ccd42fa7531021c77e63322d65721f9868847f9fa40558
13305	https://www.town.hinode.tokyo.dbsr.jp/	dbsr	enabled				484136ced572ed4dc72909a65220fd20793a932e0f9b0b8f3ff1b33d7a9eb4c3
13307	http://www.vill.hinohara.tokyo.dbsr.jp/index.php/	dbsr	enabled				4bc25c6ed7bcae2f5e0d273c8ede2f4b79636ec4dcf91a8dc8313f7320966877
13308	https://www.town.okutama.tokyo.jp/gyosei/8/okutamachogikai/kaigiroku/3406.html	独自	enabled			2026-08-02	5496a9affb4700452bca15e6edf37b097973758658fc303c182d366c96ab68c9
13361			unresolved	source_url_unresolved	会議録の代表URLを未特定	2026-08-02	f4e7b529b2f42d53c257bc2782b0eb5f954301ab8fd137382d26585cfc739c60
13362	https://www.toshimamura.org/about/assembly.html	独自	enabled			2026-08-02	8318cf731e36ebb4ccd4213861a5fb8ab08f499d05434097d136cae6166b357e
13363	https://smart.discussvision.net/smart/tenant/niijima/WebView/rd/council.html	discussvision	enabled			2026-08-02	84502d3bfe71ae417a2306bb2dc96e0735f2d44f52f92da16d83d13a98a2b9b6
13364			unresolved	source_url_unresolved	会議録の代表URLを未特定	2026-08-02	f4e7b529b2f42d53c257bc2782b0eb5f954301ab8fd137382d26585cfc739c60
13381			unresolved	source_url_unresolved	会議録の代表URLを未特定	2026-08-02	f4e7b529b2f42d53c257bc2782b0eb5f954301ab8fd137382d26585cfc739c60
13382			unresolved	source_url_unresolved	会議録の代表URLを未特定	2026-08-02	f4e7b529b2f42d53c257bc2782b0eb5f954301ab8fd137382d26585cfc739c60
13401			unresolved	source_url_unresolved	会議録の代表URLを未特定	2026-08-02	f4e7b529b2f42d53c257bc2782b0eb5f954301ab8fd137382d26585cfc739c60
13402			unresolved	source_url_unresolved	会議録の代表URLを未特定	2026-08-02	f4e7b529b2f42d53c257bc2782b0eb5f954301ab8fd137382d26585cfc739c60
13421	https://ssp.kaigiroku.net/tenant/ogasawara/SpTop.html	kaigiroku.net	enabled				15ad0cafd60e4f04d2b832571cba5fb1067ce0d3121225df3c80c30fa7ba366a
14000	https://ssp.kaigiroku.net/tenant/prefkanagawa/SpMinuteSearch.html	kaigiroku.net	enabled				60a722e587f4fa86715c86cb6f8e517cffc35fc90fab67849e839a7e73cbe4cd
14100	http://giji.city.yokohama.lg.jp/tenant/yokohama/MinuteSearch.html	kaigiroku.net	enabled				1de78f5688501721113524f87e20db6c3b2dba81169be5120a972b7e5e6d61ab
14130	https://www13.gijiroku.com/kawasaki_council/g07v_search.asp?Sflg=2	gijiroku.com	enabled			2026-08-02	d8f088efe54d742eea67551b64b7aaf2e8c6af798dc68053e7445f9b343b6236
14150	https://ssp.kaigiroku.net/tenant/sagamihara/SpMinuteSearch.html	kaigiroku.net	enabled				b6296d8d118c34d3abdfadbc71cef45a3329f1e04e75c66eed73de5aa2fb01d3
14201	https://ssp.kaigiroku.net/tenant/yokosuka/SpMinuteSearch.html	kaigiroku.net	enabled				5cd822678286e9df994c02036bcfda15d9e9224fe896d40b7b5a6ea464ed3545
14203	https://www.city.hiratsuka.kanagawa.dbsr.jp/index.php/	dbsr	enabled				ee2ff3438260206307f3482aa50d811fdcf8abbe41aa7a784b08c6e6c960c4c9
14204	http://www.kensakusystem.jp/kamakura/index.html	kensakusystem	enabled			2026-08-02	9fca2c2e1d836c2c1ff9b2f44ecf5a5752310d5c9951273b0df34f6a55a45c33
14205	https://shigikai.city.fujisawa.kanagawa.jp/voices/g08v_search.asp	voices	enabled			2026-08-02	b7b4e66da34845686505906169cceb0ae455e999c7dc93af64acd1b03fa40637
14206	https://ssp.kaigiroku.net/tenant/odawara/SpMinuteSearch.html	kaigiroku.net	enabled				dfd97583230e6ecb69d7136bc37806ae3bd19e3845fbd5af7ce7be48d73820bf
14207	http://info.city.chigasaki.kanagawa.jp/VOICES/g08v_search.asp	voices	enabled			2026-08-02	167d0bc66db85c0c4f2b8bc7a7c85183ff75afd5c4251399039734fe901fec45
14208	https://ssp.kaigiroku.net/tenant/zushi/SpMinuteSearch.html	kaigiroku.net	enabled				58c4d4c7fa3e3c51af505b70d49297d8bd162b904381a5a5b5d0b3b4c35df602
14210	http://www.kensakusystem.jp/miura/index.html	kensakusystem	enabled			2026-08-02	5c87f53ea04e36f12b2e37e8910db96798b6760b38002d51c9bbb29af544aeb0
14211	https://www.city.hadano.kanagawa.dbsr.jp/index.php/	dbsr	enabled				9ab15b2eb4fcb80b7a0c8e1e3aa5b5a0825e5f56cd31b883fdba8242f54e1f32
14212	https://www.city.atsugi.kanagawa.dbsr.jp/index.php/	dbsr	enabled				3506ba538cd0d58e7542127ab9888180ca09bd8872b7882e0fa5610359b4b30f
14213	http://yamato.gijiroku.com/voices/index.html	gijiroku.com	enabled			2026-08-02	0e679749e6d336cc7542e94ec7f9e23b7ffc53cf77b8e6907ca85a3b088e486b
14214	https://www.city.isehara.kanagawa.dbsr.jp/index.php/	dbsr	enabled				a305f1b2619d26d2a57cff56f863857b31832fb9c158e6f51ac3bb9140a7c800
14215	https://ebina.gijiroku.com/voices/g07v_search.asp	gijiroku.com	enabled			2026-08-02	50c2f6bf9fa3c4658a27278bccb5e4508d82571c926ee2b874e18ad784f1132f
14216	http://www.kensakusystem.jp/zama/index.html	kensakusystem	enabled			2026-08-02	e1d60ac9950f622011a2898ac51b5c1d653ccc51abc655359a19c9e656f644f6
14217	https://www.city.minamiashigara.kanagawa.dbsr.jp/	dbsr	enabled				5d493dc50c6bb1e3c365fc38286eef5a75e3b81cbbe84c17cbd079437c506a5d
14218	https://ssp.kaigiroku.net/tenant/ayase/MinuteSearch.html	kaigiroku.net	enabled				b11f23b4965b06d34ce9fb6041b093c5a69b45062808db020f6b0545cbd036b0
14301	http://www.kensakusystem.jp/hayama/index.html	kensakusystem	enabled			2026-08-02	205e4e517e016e97dd40d236d431d45bb286c891c52de20bdec5c0eb0753e9e7
14321	https://www.town.samukawa.kanagawa.dbsr.jp/index.php/	dbsr	enabled				680ba19da5a3c9f301999655d586f8c98f3b421fd8fa46e7ffe491200eb24e8a
14341	http://www.kensakusystem.jp/oiso/index.html	kensakusystem	enabled			2026-08-02	de653d32ed533c24b671310d67045d8bf119ed76912c61cfa1356ed32d96cb78
14342	http://www.town.ninomiya.kanagawa.dbsr.jp/index.php/	dbsr	enabled				0d1aaea9637b2b90735c2e024a313798ba3f95d78559378aec6296ace78079e9
14361	https://www.town.nakai.kanagawa.dbsr.jp/	dbsr	enabled				6d8bd71e66e03ca0c68493fd488f37616b164f8cb22d2ebaf296fec0950c0218
14362	https://www.kensakusystem.jp/oi/index.html	kensakusystem	enabled			2026-08-02	1591517160386341ee753e7568a8cef3ef1652e0ad2bae11d95f66518052fdb8
14363	https://town.matsuda.kanagawa.jp/site/gikai/list84.html	独自	enabled			2026-08-02	899edac2a7a6caabee5211aeda35d9bb68646416bcf371fd593d97a5dc3e7119
14364	https://www.town.yamakita.kanagawa.jp/category/14-3-0-0-0.html	独自	enabled			2026-08-02	ccf287e33c5649268c4de47b76c6c7e4f42fe60e2133eac7ae04a515d62deace
14366			unresolved	source_url_unresolved	会議録の代表URLを未特定	2026-08-02	f4e7b529b2f42d53c257bc2782b0eb5f954301ab8fd137382d26585cfc739c60
14382	https://ami-search.amivoice.com/hakone/usr/	amivoice	enabled			2026-08-02	afe8c2cabb5cd49828ccb16cd2d21b8a164e87a2e8956d712473b9b441ddb4c1
14383	http://www.kensakusystem.jp/manazuru/index.html	kensakusystem	enabled			2026-08-02	5f6d0d235da34e1ae9fb69380c098a8d556a8ca3a648002dce00903337926f80
14384	https://www.town.yugawara.kanagawa.dbsr.jp/	dbsr	enabled				c1e2cbd1edfd052ae0dea042ea01dc738a57b215a854f59c5d87eba2c27a32c9
14401	https://ssp.kaigiroku.net/tenant/aikawa/SpMinuteSearch.html	kaigiroku.net	enabled				3719e80a5a990a84e6721f88e8273e884862cc54ffac97f480d5329774a2ca1a
14402	http://www.kensakusystem.jp/kiyokawa/index.html	kensakusystem	enabled			2026-08-02	1397b27c6d8f640090599b86a4c76834f4e369d29f70e8d0d429f3015d999e60
15000	https://ssp.kaigiroku.net/tenant/prefniigata/MinuteSearch.html	kaigiroku.net	enabled				6582de4e54a357210c43765823ae77d94176f0e9f93612b366d479ce58eea68c
15100	https://www06.gijiroku.com/niigata/g08v_search.asp	gijiroku.com	enabled			2026-08-02	1bc9c381589005ce1c5bf47210e26a8126d40f1f2480df78e3345376bcc4e9f3
15202	https://www09.gijiroku.com/nagaoka/	gijiroku.com	enabled				93213763d1efe8fc58a0eeb5f1e9db74f593a68c7f4008f3b4d38255220022d9
15204	http://www.kensakusystem.jp/sanjo/index.html	kensakusystem	enabled			2026-08-02	4bbba1a5134385e2ecf2ef927638701a331c50c73992cb6c1569064d4f9aefea
15205	http://www.kensakusystem.jp/kashiwazaki/index.html	kensakusystem	enabled			2026-08-02	efd38c0612690b56139cffbb845d41e92482e6c0614442b6bba82b9ee9d2f440
15206	https://www.shibata-shigikai.jp/voices/g08v_search.asp	voices	enabled			2026-08-02	ff1b3269df7d6ad17f49967e7a30b6cbe3f9ec2fd2c8734ddf588ac8bbaa276e
15208	https://ssp.kaigiroku.net/tenant/ojiya/SpMinuteSearch.html	kaigiroku.net	enabled				03c312961adf24bc845c51acbe0a3f99233c35ba6923d456422075393c70a2bc
15209	https://www.city.kamo.niigata.jp/docs/308565.html	独自	enabled			2026-08-02	76a84fb8f31f8eb6ee306e614f6e4c234a209813772d68eb68da163ab0edf0ef
15210	https://ssp.kaigiroku.net/tenant/tokamachi/SpMinuteSearch.html	kaigiroku.net	enabled				fabf099ee1273460566d7a4fd509e2d457095668f62ba7a9071cda7d73769b11
15211	https://ssp.kaigiroku.net/tenant/mitsuke/SpMinuteSearch.html	kaigiroku.net	enabled				28362ed36c7fad9fa768c842336066913b9db527f7762479f5ff69cbbcd42ba4
15212	https://www.city.murakami.lg.jp/site/shigikai/list363.html	独自	enabled			2026-08-02	7a53b6deaf340ef514ac93a673774801af00f76cc9ea91ad6cfc21027f6cdd58
15213	https://ssp.kaigiroku.net/tenant/tsubame/SpMinuteSearch.html	kaigiroku.net	enabled				0730e5a06a1f52075a76fea349613068aa3d0afa01e4cc0992d892b4db1a8f25
15216	https://www.city.itoigawa.lg.jp/site/gikai/14782.html	site-gikai-pdf	enabled			2026-08-02	29b20816f333bd5c70f9b960c4cc125d10b1ea850a56a0ad1e5fc7a3936f91a1
15217	https://ssp.kaigiroku.net/tenant/myoko/SpMinuteSearch.html	kaigiroku.net	enabled				aaeafe9e5ae798c5b5fdc36a806f24e60c672a108dca9cd66e9ad475130dd675
15218	https://ssp.kaigiroku.net/tenant/gosen/SpMinuteSearch.html	kaigiroku.net	enabled				52b4de8bae3f30ac7acd7084af04183f7c19e272c04694139d28d954c15b2198
15222	https://ssp.kaigiroku.net/tenant/joetsu/SpMinuteSearch.html	kaigiroku.net	enabled				fd75d851d2a73f02d9117c7132e61aa2abdae09c92aae8d8f88cd9a2134e9cd9
15223	https://www.city.agano.niigata.jp/section/shigikai/kaigiroku/indx.html	static-kaigiroku-dir	enabled			2026-08-02	6b633b63aec28acbef1fb21d81f8f555f7f2c97a4319ba954b4891c6d1c4145c
15224	https://ssp.kaigiroku.net/tenant/sado/SpTop.html	kaigiroku.net	enabled				36f4fd6ff74d89814e3d0cac75f4a3cf004016974046df6e1156b6e7c004917d
15225	https://ssp.kaigiroku.net/tenant/uonuma/SpTop.html	kaigiroku.net	enabled				57b9fa4d3257d6109432acda4ac9be7bc6e22ea54757935949748e96e42997f7
15226	https://www.city.minamiuonuma.niigata.jp/gikai/kaigiroku_giketsukekka/honkaigigijiroku/	独自	enabled			2026-08-02	5062b126db001baa631efdd6d9d6e1df63d6bd60e054263c4dc319e8fee627bd
15227	https://ssp.kaigiroku.net/tenant/tainai/SpMinuteSearch.html	kaigiroku.net	enabled				8dfe3f7ffec57e491744c3546b37620f9d3fb23894c8b573a3182c0047e0028c
15307	https://www.town.seiro.niigata.jp/section/gikai/kaigiroku.html	static-kaigiroku-dir	enabled			2026-08-02	f710b7e948b2138d160288c611a84d299427f53f7a6770934534ad15cb8f56d8
15342	https://www.vill.yahiko.niigata.jp/administration/?category=104	独自	enabled			2026-08-02	8ee29a109f9cb22631088a0c6510a16d10f1378cbb9af548648f9b3067d3b826
15361	https://www.town.tagami.niigata.jp/gikai/docs/8692.html	独自	enabled			2026-08-02	9efce0a7fb187bf651589902f7edfe8a8c8b84c09e992dd4313e24c20838c9ee
15385	https://ssp.kaigiroku.net/tenant/aga/SpMinuteSearch.html	kaigiroku.net	enabled				9a29c04f1fbb260b7b67fc4dbc70d699223d759f587616c46f47c76e2fd6748a
15405	https://www.town.izumozaki.niigata.jp/gikai/kaigiroku/	独自	enabled			2026-08-02	b84faa253016c9eeb72d4c8c5ef236439ca402a94bd06838dbb9a1f02f07f493
15461	https://yuzawa-v.k-quick.net/html/giji/giji-000.html	独自	enabled			2026-08-02	5dcdb1f8c751efa0cb91b4c40998a33480158ec0e398647bb76352715120c890
15482	https://www.town.tsunan.niigata.jp/site/gikai/list40-162.html	独自	enabled	robots_unreachable	https://www.town.tsunan.niigata.jp/robots.txt / HTTP 403	2026-08-02	06ea3e82babf93c9d3dbbd6c99e00506c6cd63ba15f2a087f7895ebb9cb039b6
15504			unresolved	source_url_unresolved	会議録の代表URLを未特定	2026-08-02	f4e7b529b2f42d53c257bc2782b0eb5f954301ab8fd137382d26585cfc739c60
15581	http://www.vill.sekikawa.niigata.jp/709/251/index.html	独自	enabled			2026-08-02	3bc00f0651be2c2d705963f67e37ae4cc5b277415b63366820797b56664aadaf
15586			unresolved	source_url_unresolved	登録URLは農業委員会総会の議事録。議会会議録の公開先を未特定		f4e7b529b2f42d53c257bc2782b0eb5f954301ab8fd137382d26585cfc739c60
16000	https://www.pref.toyama.dbsr.jp/index.php/	dbsr	enabled				47579b1702cd43e8979ce1bb3f8c0ba95c9268061aca05d2bfe5bb3c19a60d8f
16201	https://www.city.toyama.toyama.dbsr.jp/index.php/	dbsr	enabled				cf95bd0b950e6e9c7f73ee6126ff50d09eea617c83d28d94da4bdbe8413f97ee
16202	https://www.city.takaoka.toyama.dbsr.jp/index.php/	dbsr	enabled				021d97a124fff562dfea859ec9cc7bb346089a3c7022e601ce8856d2b0b292af
16204	http://www.city.uozu.toyama.dbsr.jp/index.php/	dbsr	enabled				9f8ab9baf702c9ab2d3b72d2a1a0948eb50991a03522a4a177da34390fe15192
16205	https://himi.gijiroku.com/voices/index.html	gijiroku.com	enabled			2026-08-02	3d0670be6d78edb04a72b45b1f66e0abb4f00dbbf2b657c95bcb1f7e3dd9b5d2
16206	https://www.kensakusystem.jp/namerikawa/index.html	kensakusystem	enabled			2026-08-02	636a8d2079bf9c7b6fb82d2eb56dca508bdb49f0bf00211bedd611b98a1ca2a4
16207	http://www.kensakusystem.jp/kurobe/index.html	kensakusystem	enabled			2026-08-02	d522707eaa7275e835b91cd92a7e93235df0fd1a80c42fd3876136dde8a92847
16208			unresolved	source_url_unresolved	会議録の代表URLを未特定	2026-08-02	f4e7b529b2f42d53c257bc2782b0eb5f954301ab8fd137382d26585cfc739c60
16209	https://ssp.kaigiroku.net/tenant/oyabe/SpMinuteSearch.html	kaigiroku.net	enabled				1355be0e132519d8b14e0e70544a149f27eb31581e06c39c23e938bbe1ddd458
16210	https://ssp.kaigiroku.net/tenant/nanto/SpMinuteSearch.html	kaigiroku.net	enabled				0d3d32c741c3552b26e342781f1c0ea607b99791f1f2b7db48d389948300f8d8
16211	https://ssp.kaigiroku.net/tenant/imizu/SpMinuteSearch.html	kaigiroku.net	enabled				a41ed75ce1298ef8ee76d07cf3c10f868729318bed3db6c34bd0deb29c9b020c
16321	https://www.vill.funahashi.toyama.jp/kaigiroku/17-6cont/houhou.html	独自	enabled			2026-08-02	317057003470c46ab3e19dbba67f92a67644cdaa976cf0cef8eac55ae3b6f845
16322	http://www.town.kamiichi.toyama.dbsr.jp/index.php/	dbsr	enabled				54e098a9f6e8bdb778179d71ee66e622607771d41f2a3b9bacfc89dee877e90d
16323	http://www.town.tateyama.toyama.dbsr.jp/index.php/	dbsr	enabled				7c6c52e37063c9b24586449be9b7be6dfcbebaaeb428c3f0b21807712f71d5ad
16342	https://www.town.nyuzen.toyama.dbsr.jp/index.php/	dbsr	enabled				38c5e9cc99fb5153d718da198c8c69cddb6ca348955912aadeb1cb6244a7fe96
16343	http://www.town.asahi.toyama.dbsr.jp/index.php/	dbsr	enabled				c9d2fe4015abdc15d17ee71bf0221c60a79f8c94139c23cd53639bbce997bad3
17000	https://pref-ishikawa.gijiroku.com/voices/g08v_search.asp	gijiroku.com	enabled			2026-08-02	7769794a7adf8a7a044b0a9f8e95022c9de71636a2b801f8f787acd165fefe1e
17201	https://ssp.kaigiroku.net/tenant/kanazawa/SpMinuteSearch.html	kaigiroku.net	enabled				8ce649831b70d1cfd837d4f93f2bc55fe01ac9a667b992b7f6308064f776d755
17202	https://ssp.kaigiroku.net/tenant/nanao/SpMinuteSearch.html	kaigiroku.net	enabled				4260aedb0a1e4bb1c7ffeaf8948d30750771203ae24884f972853caffe4fce41
17203	http://www.city.komatsu.ishikawa.dbsr.jp/index.php/	dbsr	enabled				7e973d743127595f40c9dc1d4fa50e82d741581b41622ffeb80907312a47b63b
17204	https://ssp.kaigiroku.net/tenant/wajima/SpMinuteSearch.html	kaigiroku.net	enabled				923660494454bb59426d28cf4a91b2fedd08cf601c8587492ec313726de72a72
17205	https://www.city.suzu.ishikawa.dbsr.jp/index.php/	dbsr	enabled				43be05574b921c4bb1f4ca65d52bed7ffa703a1ed398256e7c22cace01aea15e
17206	https://ssp.kaigiroku.net/tenant/kaga/SpMinuteSearch.html	kaigiroku.net	enabled				cc2324700fbd6e57ca957caa6840ce226619bcf81ad9237476c3aa5ee2531b4a
17207	http://www.city.hakui.ishikawa.dbsr.jp/index.php/	dbsr	enabled				6dc62854c9d84ac98a1b0a428812d0998b0c2e49800d59e5d0a8d355dc405502
17209	https://www.city.kahoku.ishikawa.dbsr.jp/index.php/	dbsr	enabled				ccd85397e350a5b7d71833d87721a6ccf0ae0ded40503bdbdc3780fa28ad83cc
17210	https://ssp.kaigiroku.net/tenant/hakusan/SpMinuteSearch.html	kaigiroku.net	enabled				41790e78cd0c61560818d0d514eb1e3acb76de7444607c9a036aafad83ced861
17211	https://www.city.nomi.ishikawa.dbsr.jp/index.php/	dbsr	enabled				dd6a6830cbf6a73fc3d9d72e3ea73b17ec10d72eaf03cef66cd6b1addc9d0bc6
17212	https://ssp.kaigiroku.net/tenant/nonoichi/SpMinuteSearch.html	kaigiroku.net	enabled				49105ad1542cbee0530032951333ac92c263b1665112df9473f0815010b3fcf7
17324	http://www.town.kawakita.ishikawa.jp/gyosei1/gikai/entry-1027.html	独自	enabled			2026-08-02	fb81c3f273c18604a6d71b0dfc2fb5d357a5c51ee8549221da98a42fd3c0d6b3
17361	https://www.town.tsubata.lg.jp/page/1738.html	独自	enabled			2026-08-02	752aa79b82a88231e919f3f495ba3b2894274bbcb79df99571ea169b48f2b718
17365	https://www.town.uchinada.lg.jp/soshiki/gikai/12083.html	独自	enabled			2026-08-02	3c59997333778cbacd65a535f13ff89f591434f06fe7efb494669c31a4e69bc7
17384	https://www.town.shika.lg.jp/site/gikai/list23.html	独自	enabled			2026-08-02	4598abd0b4dd0ea516d3cc588c97f4a21e66fbd9a5433c2306223cb415a7a3a1
17386	https://www.hodatsushimizu.jp/gyosei/gyosei/2/2/8023.html	独自	enabled			2026-08-02	5f61a910858a009b9eb543b667043c504bd7b4d00022eb4753afae4546d8c239
17407	https://www.town.nakanoto.ishikawa.jp/parliament/3389.html	独自	enabled			2026-08-02	a2343094d7125c41bfb1c40ebcbfe23bb81a2939b2f950562694a7b5c67925c3
17461	https://www.town.anamizu.lg.jp/site/gikai/100411.html	site-gikai-pdf	enabled			2026-08-02	9e825838579133332b5622766765c1bff2e4ea78071b26ab65d21b9e6f75ac05
17463			unresolved	source_url_unresolved	会議録の代表URLを未特定	2026-08-02	f4e7b529b2f42d53c257bc2782b0eb5f954301ab8fd137382d26585cfc739c60
18000	https://www.pref.fukui.dbsr.jp/index.php/	dbsr	enabled				ab6989a0b3f96b923a345c4d3c6f8214e339f3daf3980e2663bacd3a520d7292
18201	https://ssp.kaigiroku.net/tenant/fukui/MinuteSearch.html	kaigiroku.net	enabled				d17fcda04ac41c2cf5e3e0e4a36f8cf4c83c0997cc9652bd9c1192578e2d7ec2
18202	https://www.city.tsuruga.fukui.dbsr.jp/index.php/	dbsr	enabled				57568d2bbfd536806d08d334b7cd4da8db224c08a32749bdb0e2eba7375b7fa3
18204	https://ssp.kaigiroku.net/tenant/obama/SpMinuteSearch.html	kaigiroku.net	enabled				9ba515178159bcbbd5f8e20c0a429d1eb88182df3a3c6926b8fcc92f74640ba6
18205	https://ssp.kaigiroku.net/tenant/ono/SpMinuteSearch.html	kaigiroku.net	enabled				3ef093c3c19fe9fd7cf39072165074e821ecb466b3c4001c0e26a4cfc57b8dfe
18206	http://www.kensakusystem.jp/katsuyama-gikai/index.html	kensakusystem	enabled			2026-08-02	289bf830adb449423f233b0841e8e0c0a99401618d52956b96881dfdb717f13b
18207	https://www.city.sabae.fukui.dbsr.jp/	dbsr	enabled				4f33b8802c56deaded125dc652bf872b4446e71b62198ffa8334b2c440b6a80d
18208	https://www.city.awara.lg.jp/gikai/kaigiroku/p014799.html	独自	enabled			2026-08-02	becf54ef7faa318a6a260e4d5a78eac3741287baa86610d4c0335e52a0d827be
18209	https://www.city.echizen.lg.jp/other/shigikai/kaigiroku/index.html	独自	enabled			2026-08-02	1573a13a8313fd968d4dee9e5604007b0b73de2fdb43823acd86092c74b6f1ea
18210	http://www.city.sakai.fukui.dbsr.jp/index.php/	dbsr	enabled				f3be94b087669bdf513c456b9df7c3d59fbeae794818f445bf2e1ec26b0986cc
18322			unresolved	source_url_unresolved	会議録の代表URLを未特定	2026-08-02	f4e7b529b2f42d53c257bc2782b0eb5f954301ab8fd137382d26585cfc739c60
18382			unresolved	source_url_unresolved	会議録の代表URLを未特定	2026-08-02	f4e7b529b2f42d53c257bc2782b0eb5f954301ab8fd137382d26585cfc739c60
18404	https://www.town.minamiechizen.lg.jp/tyougikai/kaigiroku/index.html	独自	enabled			2026-08-02	0cc1a038cc8c5256e83fd3a5278dc5d4cb40f9d36a6964130b0062c93bb9dd01
18423	https://www.town.echizen.fukui.jp/chousei/04/06/index.html	独自	enabled			2026-08-02	77f1033cbe7d7353c40fd51c30832a90ef4540414f48fb9d4ae7de9fcb38d65e
18442	https://www.town.fukui-mihama.lg.jp/site/town-council/6535.html	独自	enabled			2026-08-02	40fbb9c98b86832e136908a791eadb5b4933b6363d3519ec3872da48a21aedd3
18481	https://www.kensakusystem.jp/takahama/index.html	kensakusystem	enabled				3185a5349a1f163bdf15ef037a61b6bba3fddb4d4f6f54dcd71dc1d7a7ecc268
18483	https://ssp.kaigiroku.net/tenant/ohi/SpMinuteSearch.html	kaigiroku.net	enabled				72d2a42791a1482ea8255cd142e28c024732245e7a3df47d9affc53a3348f551
18501	https://www.town.fukui-wakasa.lg.jp/gyoseijoho/wakasachogikai/1197.html	独自	enabled			2026-08-02	b652ccaae4561ed5291cef16b049646351c594443eeb70a1e3156fe4a18da9d9
19000	https://kaigiroku.pref.yamanashi.jp/index.php/	kaigiroku-indexphp	enabled				bf7a4dd047ceac046077cf59eab7160a18c346d2a66b7389d8866dcc4760716c
19201	https://www.city.kofu.yamanashi.dbsr.jp/index.php/	dbsr	enabled				e43265ae299a0ec76c972f6f3f24552b1e192afcb2cc979619708fe2877bac9b
19202	https://ssp.kaigiroku.net/tenant/fujiyoshida/SpMinuteSearch.html	kaigiroku.net	enabled				f3f4263e7bc5a43666e276de29ec0f4e4ae667f6e7936e17679b82a0eb9b7f6b
19204	https://ssp.kaigiroku.net/tenant/tsuru/SpMinuteSearch.html	kaigiroku.net	enabled				dce661a28235a16d2556b7d7a61931146508de37a483d34e9f71d60ea9fe24ec
19205	https://ssp.kaigiroku.net/tenant/yamanashi/SpMinuteSearch.html	kaigiroku.net	enabled				731e32ee0700c8310f109cb77ac575a68d7d875efb10a3358d5e189caa36deaf
19206	https://ssp.kaigiroku.net/tenant/otsuki/MinuteSearch.html	kaigiroku.net	enabled				c4e00ed70aad32e315fac1e6010a49f2deb86d69092e663dd08ad6dac106ce7d
19207	https://ssp.kaigiroku.net/tenant/nirasaki/SpMinuteSearch.html	kaigiroku.net	enabled				ca303811545023264edb42e1f1b9df1d44077d62fff89947bb157113740ba4d5
19208	http://www.kensakusystem.jp/minami-alps/index.html	kensakusystem	enabled			2026-08-02	d3300d4a547841b01607affb55dff48031a3425b6af73c7b3dab2281b3e68230
19209	https://ssp.kaigiroku.net/tenant/cityhokuto/SpMinuteSearch.html	kaigiroku.net	enabled				9a550c91f312cb2350e591d7b3e3d7b85fdf685365fade20b669b5d01d897cec
19210	https://ssp.kaigiroku.net/tenant/kai/SpMinuteSearch.html	kaigiroku.net	enabled				d85caef33b86bbbbd33ac1e47dc38d7d21c1b6cdf4b30cb16ef69a9d9db38015
19211	https://www.city.fuefuki.yamanashi.jp/shisejoho/shigikai/gijiroku/index.html	独自	enabled			2026-08-02	f4987e5ee9dcb4f18a1393ff59ef602420521d4fd10456f8739d214ce315507b
19212	https://ssp.kaigiroku.net/tenant/uenohara/SpMinuteSearch.html	kaigiroku.net	enabled				991aa56f299ed4d2bbfb5f6372818518812b7aece0c4b3b6f12335e00f9a091b
19213	https://ssp.kaigiroku.net/tenant/koshu/SpMinuteSearch.html	kaigiroku.net	enabled				5a5b9a9c89a23c934216076843b7f9d4a539709d828e1ab71987b2b419a9fb6d
19214	https://ssp.kaigiroku.net/tenant/chuo/SpMinuteSearch.html	kaigiroku.net	enabled				cc913dc55527c68f4e0ef0201bd9bea5bf42f1bc9df5a7d4cb67538714d70ec4
19346	https://ssp.kaigiroku.net/tenant/ichikawamisato/pg/index.html	kaigiroku.net	enabled				34e6ebc26beb82776b29812c493171b92deb85db1312c4711a72d31cc558ecf2
19364	https://www.town.hayakawa.yamanashi.jp/town/assembly/assembly/2026-0330-1419-18.html	独自	enabled			2026-08-02	258f1ab955e975e42aa7a962c93a7cdda3ae5dc98cb2977541c6ad357319241e
19365			unresolved	source_url_unresolved	会議録の代表URLを未特定	2026-08-02	f4e7b529b2f42d53c257bc2782b0eb5f954301ab8fd137382d26585cfc739c60
19366	https://www.town.nanbu.yamanashi.jp/kakuka/gikai/kaigiroku.html	独自	enabled			2026-08-02	ee74bd12b28509cbeda7f9ff99229da222e10d4816c4726a20214ba000e528af
19368	https://www.town.fujikawa.yamanashi.jp/category/gikai_category/meeting/minutes/	独自	enabled			2026-08-02	2e8133208e9f60a200bf18f383bf326e9eaf625784fa22fdd8d607fa0798b515
19384	https://ssp.kaigiroku.net/tenant/showa/MinuteSearch.html	kaigiroku.net	enabled				951981395f7e41434482ce342a51185c1568b2cd4410acf39da1d6c3fb76c76a
19422	http://www.vill.doshi.lg.jp/ka/info.php?if_id=719&ka_id=7	独自	enabled			2026-08-02	ba3e714b96e82556c0dcad35f0a869f5efe1e10da1bc6a812f07fd8b6f744530
19423			unresolved	source_url_unresolved	会議録の代表URLを未特定	2026-08-02	f4e7b529b2f42d53c257bc2782b0eb5f954301ab8fd137382d26585cfc739c60
19424			unresolved	source_url_unresolved	会議録の代表URLを未特定	2026-08-02	f4e7b529b2f42d53c257bc2782b0eb5f954301ab8fd137382d26585cfc739c60
19425			unresolved	source_url_unresolved	会議録の代表URLを未特定	2026-08-02	f4e7b529b2f42d53c257bc2782b0eb5f954301ab8fd137382d26585cfc739c60
19429			unresolved	source_url_unresolved	会議録の代表URLを未特定	2026-08-02	f4e7b529b2f42d53c257bc2782b0eb5f954301ab8fd137382d26585cfc739c60
19430	https://ssp.kaigiroku.net/tenant/fujikawaguchiko/SpMinuteSearch.html	kaigiroku.net	enabled				60404a84971bcadfa4242a23c6c8fbfe9c5c38ba3cfd8c65e2c6dd48cc3d892f
19442			unresolved	source_url_unresolved	会議録の代表URLを未特定	2026-08-02	f4e7b529b2f42d53c257bc2782b0eb5f954301ab8fd137382d26585cfc739c60
19443			unresolved	source_url_unresolved	会議録の代表URLを未特定	2026-08-02	f4e7b529b2f42d53c257bc2782b0eb5f954301ab8fd137382d26585cfc739c60
20000	https://nagano.gijiroku.com/voices/g07v_search.asp?Sflg=2	gijiroku.com	enabled			2026-08-02	6bf9916c19f90aebf1163f717879e167ba1fe7c9cb6df8b1fbef4996cdbb13e4
20201	https://ssp.kaigiroku.net/tenant/nagano/SpMinuteSearch.html	kaigiroku.net	enabled				8302f601ee60600af2a4c1bc74147c5c1c52e9bd683b617a912ef9fb16a453fc
20202	https://ssp.kaigiroku.net/tenant/matsumoto/SpMinuteSearch.html	kaigiroku.net	enabled				eb88ae873810116cb1a757c7e6505020e0f311a79bfc77ecb145e9ec556ea363
20203	https://ssp.kaigiroku.net/tenant/ueda/SpMinuteSearch.html	kaigiroku.net	enabled				38ff6a3e981e81bf3e10de92d69e6e6aa17e13a78bcfdd2d221696075166371a
20204	https://ssp.kaigiroku.net/tenant/okaya/SpMinuteSearch.html	kaigiroku.net	enabled				2f2385a6f6ebfb18ce4abb60c29b140384c11355fd5b5565f555f57ebd3d6d75
20205	https://ssp.kaigiroku.net/tenant/iida/SpMinuteSearch.html	kaigiroku.net	enabled				202fa411470b378c1617d64f920e9600cf568d20406f24a5f75e636d832cefaa
20206	https://www08.gijiroku.com/voices/index.html	gijiroku.com	enabled			2026-08-02	c50879bd2188f7c85615c8d9a44c824a3da10b045d0a562fb99e6daba7c66797
20207	https://ssp.kaigiroku.net/tenant/suzaka/SpMinuteSearch.html	kaigiroku.net	enabled				64b6f7defcddb7080fe20bd0bcb5be4ae0812215295191f7a82a0a54a963e1e0
20208	https://ssp.kaigiroku.net/tenant/komoro/SpMinuteSearch.html	kaigiroku.net	enabled				daa5ef18821bca0fc4f3f04b5280b20cc1c3ded649335f5fabe272fff6506988
20209	https://ssp.kaigiroku.net/tenant/ina/SpMinuteSearch.html	kaigiroku.net	enabled				f3a6442db3835cb0ccdef78f7b8827f223fb371ac79ff150237251187f0cf666
20210	https://ssp.kaigiroku.net/tenant/komagane/SpMinuteSearch.html	kaigiroku.net	enabled				06f5c74d13a266f3f0fa83323aaf4bdfe4d2fdb0e5b736d3adaee54562822a48
20211	https://ssp.kaigiroku.net/tenant/nakano/SpMinuteSearch.html	kaigiroku.net	enabled				0b13c240516f7df50059cd3dec1c9bb0934e2190712b8d137f2dc830f9e0749b
20212	https://ssp.kaigiroku.net/tenant/omachi/SpMinuteSearch.html	kaigiroku.net	enabled				60659eb8dac8a0785b9015a522f0150c0233e8edc1a5f323d2934d5b7bc11e77
20213	https://ssp.kaigiroku.net/tenant/iiyama/SpMinuteSearch.html	kaigiroku.net	enabled				864086b2c4c5a651d25291ee88bb11f7bda18459815ae2e04a2316af5f55fa38
20214	https://ssp.kaigiroku.net/tenant/chino/SpMinuteSearch.html	kaigiroku.net	enabled				a1e7c32de7cc7aeb6fc09b756f35d5daf16afb67de3bcf2af0040322d88b8d6f
20215	https://ssp.kaigiroku.net/tenant/shiojiri/SpMinuteSearch.html	kaigiroku.net	enabled				8008ab677d7cfda3906f4148fe197be378aebfc58509542326cd5f331cac0726
20217	https://ssp.kaigiroku.net/tenant/saku/SpMinuteSearch.html	kaigiroku.net	enabled				79e1f5aa58eeeb9c187a327c6b15fe2732254237049984bdee438299e9ca14ff
20218	https://ssp.kaigiroku.net/tenant/chikuma/SpMinuteSearch.html	kaigiroku.net	enabled				2bcd9f646b3ab8b5effc4dc81bf23497ef9c18bcd81001b2142ce8159e840247
20219	https://ssp.kaigiroku.net/tenant/tomi/SpMinuteSearch.html	kaigiroku.net	enabled				7fd0371d1a26cb828dcdc29cfc9273bd4b11aa4aba9f4865bbb4a1127c2ef9fe
20220	https://ssp.kaigiroku.net/tenant/azumino/SpMinuteSearch.html	kaigiroku.net	enabled				bc312b03443bb42af9c75e31536937f45b3387a3bf9e196c93e9a83263242d76
20303	https://www.koumi-town.jp/office2/archives/gikai/post-167.html	独自	enabled			2026-08-02	e4d030c32e6f6694328585dae3bce0d25682f21512a1929a948932783ab6da06
20304	https://www.vill.kawakami.nagano.jp/www/contents/1748241653956/index.html	独自	enabled			2026-08-02	75fc7c769b1d3d2efd8446bca4b8c14585a8d233c201221a663736e8fdde983b
20305			unresolved	source_url_unresolved	会議録の代表URLを未特定	2026-08-02	f4e7b529b2f42d53c257bc2782b0eb5f954301ab8fd137382d26585cfc739c60
20306			unresolved	source_url_unresolved	会議録の代表URLを未特定	2026-08-02	f4e7b529b2f42d53c257bc2782b0eb5f954301ab8fd137382d26585cfc739c60
20307			unresolved	source_url_unresolved	会議録の代表URLを未特定	2026-08-02	f4e7b529b2f42d53c257bc2782b0eb5f954301ab8fd137382d26585cfc739c60
20309	https://ssp.kaigiroku.net/tenant/sakuho/SpMinuteSearch.html	kaigiroku.net	enabled				433657dd460f48867e00bc63062b080e962f0ddb11377f445093e5532e333440
20321	https://ssp.kaigiroku.net/tenant/karuizawa/SpMinuteSearch.html	kaigiroku.net	enabled				d7f8639bfacf39950061a55437544028c9009807ac24f25cd80332140382de18
20323			unresolved	source_url_unresolved	会議録の代表URLを未特定	2026-08-02	f4e7b529b2f42d53c257bc2782b0eb5f954301ab8fd137382d26585cfc739c60
20324	https://www.town.tateshina.nagano.jp/gyoseijoho/gikai/kaigiroku/index.html	独自	enabled			2026-08-02	7c5b0ba627b6e22e7963a30a40151b2bc4d9ee9e5b16598e9063fd1f916a2af5
20349			unresolved	source_url_unresolved	会議録の代表URLを未特定	2026-08-02	f4e7b529b2f42d53c257bc2782b0eb5f954301ab8fd137382d26585cfc739c60
20350	https://www.town.nagawa.nagano.jp/gyoseijoho/gikai/teireikai-rinjikai/1/2426.html	独自	enabled			2026-08-02	9aec0d99677d8c48067d1fa2315634dec18714c16e49b60cb4a95357f89aa7e6
20361	https://shimosuwa.gijiroku.com/voices/index.html	gijiroku.com	enabled			2026-08-02	4b26cc4b7cb50ac7f9ef4544f171ab85f6a0334e2f26f41edca23c3ae62b461a
20362	https://fujimi.gijiroku.com/voices/index.html	gijiroku.com	enabled			2026-08-02	f1315eb614832f65591e0496a1331e1df0a36f69f1603507f5f5bc27d304f4a3
20363	https://haramuragikai.gijiroku.com/voices/index.html	gijiroku.com	enabled			2026-08-02	af2bac380e25a55da4d1f1c41fa982fe57165f0bfb0f5c4283cea658747a4b03
20382	https://www.town.tatsuno.lg.jp/gyosei/soshiki/gikaijimukyoku/choseijoho/1/gikaigijiroku/index.html	独自	enabled			2026-08-02	54a754fea757a0ddc0108586f3295139df6ef45f48c6e1fec8ac2fde4f685269
20383	https://ssp.kaigiroku.net/tenant/minowa/SpMinuteSearch.html	kaigiroku.net	enabled				0a38d424f8d69cd34d010ced4d3f4cc37b602747372100a99c3c5b0d2be0a040
20384	https://www.town.iijima.lg.jp/soshikiichiran/gikaijimukyoku/gikai/gikai_kuroku/91.html	独自	enabled			2026-08-02	d36470a9ffe641aa994e271f39f507654924f6719cf884e6a04700013241350f
20385	https://www.kensakusystem.jp/minamiminowa/index.html	kensakusystem	enabled			2026-08-02	84ddf67e45fd3ffce2eb42967ab706954474eb750382034cf6f2e1e9bf01a583
20386	https://www.vill.nakagawa.nagano.jp/site/rinia/2558.html	独自	enabled			2026-08-02	3ffcf14131c40fc71d618a4ec2e153bc3a4e85e06279e069786d43ba7ae396d7
20388			unresolved	source_url_unresolved	会議録の代表URLを未特定	2026-08-02	f4e7b529b2f42d53c257bc2782b0eb5f954301ab8fd137382d26585cfc739c60
20402	https://www.town.matsukawa.lg.jp/choseijoho/matsukawamachigikai/gikainokatsudo/2561.html	独自	enabled			2026-08-02	87a866187d623803603143fede9e3bab9d2a723f968124f2607a411f8d2bed14
20403	https://www.town.nagano-takamori.lg.jp/docs/13408.html	独自	enabled			2026-08-02	5d9d838fb0dd7f8b17b42a9b6ed8a1e24e049258cef688de48097f2c6acdbf61
20404			unresolved	source_url_unresolved	会議録の代表URLを未特定	2026-08-02	f4e7b529b2f42d53c257bc2782b0eb5f954301ab8fd137382d26585cfc739c60
20407			unresolved	source_url_unresolved	会議録の代表URLを未特定	2026-08-02	f4e7b529b2f42d53c257bc2782b0eb5f954301ab8fd137382d26585cfc739c60
20409			unresolved	source_url_unresolved	会議録の代表URLを未特定	2026-08-02	f4e7b529b2f42d53c257bc2782b0eb5f954301ab8fd137382d26585cfc739c60
20410			unresolved	source_url_unresolved	会議録の代表URLを未特定	2026-08-02	f4e7b529b2f42d53c257bc2782b0eb5f954301ab8fd137382d26585cfc739c60
20411			unresolved	source_url_unresolved	会議録の代表URLを未特定	2026-08-02	f4e7b529b2f42d53c257bc2782b0eb5f954301ab8fd137382d26585cfc739c60
20412			unresolved	source_url_unresolved	会議録の代表URLを未特定	2026-08-02	f4e7b529b2f42d53c257bc2782b0eb5f954301ab8fd137382d26585cfc739c60
20413		独自	unresolved	source_url_unresolved	議会の会議録本体を公開していない（議会だより・活動記録のみ）		4cbfa55804cc923dece561c289176b88cb1e70dff6cf13b1860e65debe255031
20414			unresolved	source_url_unresolved	会議録の代表URLを未特定	2026-08-02	f4e7b529b2f42d53c257bc2782b0eb5f954301ab8fd137382d26585cfc739c60
20415			unresolved	source_url_unresolved	会議録の代表URLを未特定	2026-08-02	f4e7b529b2f42d53c257bc2782b0eb5f954301ab8fd137382d26585cfc739c60
20416			unresolved	source_url_unresolved	会議録の代表URLを未特定	2026-08-02	f4e7b529b2f42d53c257bc2782b0eb5f954301ab8fd137382d26585cfc739c60
20417			unresolved	source_url_unresolved	会議録の代表URLを未特定	2026-08-02	f4e7b529b2f42d53c257bc2782b0eb5f954301ab8fd137382d26585cfc739c60
20422			unresolved	source_url_unresolved	会議録の代表URLを未特定	2026-08-02	f4e7b529b2f42d53c257bc2782b0eb5f954301ab8fd137382d26585cfc739c60
20423			unresolved	source_url_unresolved	会議録の代表URLを未特定	2026-08-02	f4e7b529b2f42d53c257bc2782b0eb5f954301ab8fd137382d26585cfc739c60
20425			unresolved	source_url_unresolved	会議録の代表URLを未特定	2026-08-02	f4e7b529b2f42d53c257bc2782b0eb5f954301ab8fd137382d26585cfc739c60
20429			unresolved	source_url_unresolved	会議録の代表URLを未特定	2026-08-02	f4e7b529b2f42d53c257bc2782b0eb5f954301ab8fd137382d26585cfc739c60
20430			unresolved	source_url_unresolved	会議録の代表URLを未特定	2026-08-02	f4e7b529b2f42d53c257bc2782b0eb5f954301ab8fd137382d26585cfc739c60
20432		独自	unresolved	source_url_unresolved	議会の会議録本体を公開していない（お知らせ・議案結果のみ）		4cbfa55804cc923dece561c289176b88cb1e70dff6cf13b1860e65debe255031
20446	https://www.vill.omi.nagano.jp/omimura/gikai/gikaijimukyoku536.html	独自	enabled			2026-08-02	040753c28f270fcab05ffc923cf27e448face645f2bcc05b7830169eec01eb16
20448	https://www.village.ikusaka.nagano.jp/gikai/teireikai.html	独自	enabled			2026-08-02	65c810e6bdd25c6f4eb481f7e8058775b244a4cb926bc9b253c679de1ca3cb49
20450	https://www.vill.yamagata.nagano.jp/government/diet/minutes/	独自	enabled			2026-08-02	515879f9bb7ceccdf92d2b5e7ddd7b76b528737fc3aa63f848b046495b76a412
20451	https://www.vill.asahi.nagano.jp/special/asahimuragikai/giketsu_kaigiroku/3957.html	独自	enabled			2026-08-02	dd50a0638b4422f33ea4a9aa37a279b485e29da16a049b1276bb44349fed30a5
20452	https://www.vill.chikuhoku.lg.jp/gikai/kaigiroku/	static-kaigiroku-dir	enabled			2026-08-02	36430e11c0f1544c200143334431941d5d12af4e9cd099d772194476d0e8be2a
20481	https://www.ikedamachi.net/category/7-10-0-0-0-0-0-0-0-0.html	独自	enabled			2026-08-02	976070d9dc155e0fddac55ed08567e9530da4ef7632428f294a20de9c39833c8
20482	https://matsukawa.gijiroku.com/voices/index.html	gijiroku.com	enabled			2026-08-02	8ae4e8d2a690661fac4f4e6330531288cd4b44edeaa87a01b6cf186196e20ea8
20485			unresolved	source_url_unresolved	会議録の代表URLを未特定	2026-08-02	f4e7b529b2f42d53c257bc2782b0eb5f954301ab8fd137382d26585cfc739c60
20486			unresolved	source_url_unresolved	会議録の代表URLを未特定	2026-08-02	f4e7b529b2f42d53c257bc2782b0eb5f954301ab8fd137382d26585cfc739c60
20521			unresolved	source_url_unresolved	会議録の代表URLを未特定	2026-08-02	f4e7b529b2f42d53c257bc2782b0eb5f954301ab8fd137382d26585cfc739c60
20541	https://www.town.obuse.nagano.jp/docs/315287.html	独自	enabled			2026-08-02	bf752d0d2d9b3f71f4c1b91a8e8f3e52c2a471d47e8a7ea3195dba8a080ba7b6
20543	https://www.vill.takayama.nagano.jp/gikai/kaigiroku/	独自	enabled			2026-08-02	50c06860361d95488959173be272b1dbb68877202c9e1550e40cac2968768570
20561	https://www.town.yamanouchi.nagano.jp/soshiki/gikai_jimukyoku/gyomu/gikai/520.html	独自	enabled			2026-08-02	a5c2b8950956ead058151c6724b4f5714b5a42212e94126a8e8e150660a97dca
20562	https://www.vill.kijimadaira.lg.jp/categories/kubun/gyousei/gikai/kaigiroku/	独自	enabled			2026-08-02	69d1702c16914b25f73295d17cdb91c3c48b7557104f03a9e78870dd5b71b41e
20563	https://smart.discussvision.net/smart/tenant/nozawaonsen/WebView/rd/council.html	discussvision	enabled			2026-08-02	eee31661fd87071ac25b6130bbfc15705c58692ff2f4a3b01d73f75b2e35ed41
20583	https://www.town.shinano.lg.jp/docs/750.html	独自	enabled			2026-08-02	d33a8209da552adf92df160ad4d2e091515b7e646a9f1ea4b26d48015843085a
20588	https://www.vill.ogawa.nagano.jp/docs/64436.html	独自	enabled			2026-08-02	758ff3ed27b3517bac5a46d85605c283db69d416e01d33a97156619724e6d342
20590	https://www.town.iizuna.nagano.jp/gikai/kaigiroku/	独自	enabled			2026-08-02	9c647dce2d37d0e5cba29f59adae6b0248c5595e9e99b28adecfaa17f92f12c8
20602			unresolved	source_url_unresolved	会議録の代表URLを未特定	2026-08-02	f4e7b529b2f42d53c257bc2782b0eb5f954301ab8fd137382d26585cfc739c60
21000	https://ssp.kaigiroku.net/tenant/prefgifu/SpMinuteSearch.html	kaigiroku.net	enabled				47233b2d84d4aa4b5df38b600d1d9d00fc2a0fc104e00dcddc243627c584ed3e
21201	http://www.city.gifu.gifu.dbsr.jp/index.php/	dbsr	enabled				91bb0726c6b2db3c7f778a372bfa33e13d998fd9daf2864b2e9886b8b77e72a5
21202	https://www.city.ogaki.gifu.dbsr.jp/index.php/	dbsr	enabled				25b67b97c17eb6666f480853739600a28c5344caaaafc35aab0749a98fdde99b
21203	https://ssp.kaigiroku.net/tenant/takayama/SpMinuteSearch.html	kaigiroku.net	enabled				862e5d618cb7d88b3a5d100213bab3618b2f9d66896da62040a0240cc28d5e3f
21204	https://ssp.kaigiroku.net/tenant/tajimi/SpMinuteSearch.html	kaigiroku.net	enabled				ee9faed5a770e3d005e50fa54ae4e17ac509b719421e811e65506c0da9b394a3
21205	https://ssp.kaigiroku.net/tenant/seki/SpMinuteSearch.html	kaigiroku.net	enabled				1ac293dd63f06f3c421e349a6a7ae7d1fd7e0ba2bc27f548230fb448fc3aeb11
21206	https://ssp.kaigiroku.net/tenant/nakatsugawa/MinuteSearch.html	kaigiroku.net	enabled				9a7e91c6feb5f4ed3f7abec5ce4e6aa7b2e72bdafe562cf4a3a505bf1f1c4ec6
21207	https://www.city.mino.gifu.jp/docs/2720.html	独自	enabled			2026-08-02	5c157a7a5f924647ff64b6050e0656db45e8e40ad0a28db616bbec596c3e89a0
21208	http://www.kensakusystem.jp/mizunami/index.html	kensakusystem	enabled			2026-08-02	d0241d481818bda1bd30b907bec2fff036d274fb0e1f57249fdddbc27b5587c8
21209	https://ssp.kaigiroku.net/tenant/hashima/SpMinuteSearch.html	kaigiroku.net	enabled				c7bc80daf6fffd582a3c296e82caa6779e91c09fd93b445b7402786e12a69382
21210	http://www.kensakusystem.jp/ena/index.html	kensakusystem	enabled			2026-08-02	b8cb4c6a2c6c0ffa26baa5025184e484eac807b9e8227b28a0c7838823c81b14
21211	https://ssp.kaigiroku.net/tenant/minokamo/SpMinuteSearch.html	kaigiroku.net	enabled				435e78ddc2ca34df522b2b5cc17b1f6cf2badbc0599fa1dae906b7d8d5f08d60
21212	https://ssp.kaigiroku.net/tenant/toki/MinuteSearch.html	kaigiroku.net	enabled				dcd707910600553d569486ad49849a66ea5d8883d7eb93c7e7d4ef7bfa73c4f5
21213	https://kakamigahara.gijiroku.com/voices/index.html	gijiroku.com	enabled			2026-08-02	297811ce3e966c7a380755f887e995cb80da713c29136ed3cbf148b38482169e
21214	http://www.city.kani.gifu.dbsr.jp/index.php/	dbsr	enabled				602e513e79cca9ea72b3c9fb9ac2692db43097a73984efa50399120e9edcd443
21215			unresolved	source_url_unresolved	会議録の代表URLを未特定	2026-08-02	f4e7b529b2f42d53c257bc2782b0eb5f954301ab8fd137382d26585cfc739c60
21216	https://www.city.mizuho.lg.jp/13677.htm	独自	enabled			2026-08-02	12272b71ce0abb47ef326ffd755842b9bf1794c31d973e9d82945896829fb5ce
21217	https://www.city.hida.gifu.jp/site/gikai/72604.html	site-gikai-pdf	enabled			2026-08-02	58123e55bcde655792338dcc7648b63c719a27a932ba8178b5ede5002157c4e9
21218	https://www.city.motosu.lg.jp/0000001928.html	独自	enabled			2026-08-02	af79cdcb2e2af83b0c5869218339987f25ea45b4a81868e14885fc7ed08270a5
21219	https://www.city.gujo.gifu.jp/admin/gikai_kaigiroku/	独自	enabled			2026-08-02	55a8d264f775f6fe3af7ed1e688767b4d6271a6762654bf577dd9c9e46db2255
21220	https://www.city.gero.lg.jp/site/gikai/list69.html	独自	enabled	robots_unreachable	https://www.city.gero.lg.jp/robots.txt / TooManyRedirects: Exceeded 30 redirects.	2026-08-02	f78b43846730f39ce284b82e83d18a4d4d7051d0853152ddb2b9bf2fcae57d93
21221	https://www.city.kaizu.lg.jp/shisei/0000003911.html	独自	enabled			2026-08-02	b02e1d5fccf870016b839b10d5f09824e1308410a43e4c9ddeb1a1460edc8ab9
21302	https://www.town.ginan.lg.jp/3638.htm	独自	enabled			2026-08-02	c3649fe723e6137c4137d5f5bff0da6158273bbc1ccb9258fb53b00b25552552
21303	https://www.town.kasamatsu.gifu.jp/category/bunya/chouno_jouhou/gikai/gikaikaigiroku/	独自	enabled			2026-08-02	d994598ecc4cdf4f7c52ce2ec9b252aae4f0733fbcc4413e6e667b73701afd76
21341	https://www.town.yoro.gifu.jp/government/assembly/1002278/1002284/1002286.html	独自	enabled			2026-08-02	6e2d0c7f26f1017d8d5915465dc6b59bc83fb104746d7a7873576bd34fe1ab62
21361	https://www.town.tarui.lg.jp/site/gikai/list32.html	独自	enabled			2026-08-02	92b248efefab7cab4566b48cec34c17ee1c0c21d3eeb79e4744848f5f1042219
21362	https://www.town.sekigahara.gifu.jp/2679.htm	独自	enabled			2026-08-02	691e59f67c94d293836469b39d26284c67280b1b8c0415bc392e291d4ee0e50a
21381	https://www.town.godo.gifu.jp/contents/gikai/gikai08.html	独自	enabled			2026-08-02	816632a6fe06a6e85254abd2326f206a8956f1a1148f2c6f7a0eb2bc986ba51f
21382	https://town.wanouchi.gifu.jp/portal/town/parliament/kaigiroku-parliament/	独自	enabled			2026-08-02	5ae103966d21cf2a3a44becb89e02239dba45013eccce9c6c29176ba2bc5cbcc
21383	https://www.town.anpachi.lg.jp/0000002474.html	独自	enabled			2026-08-02	f6948b5efa9227e432da5f2ce07502012781c9436e58958b881f9848371d3f88
21401	https://www.town.ibigawa.gifu.dbsr.jp/	dbsr	enabled				c40332c3344b86c28f40d9788b2b1f1a5a91cac31c45147901c844901ca3ec76
21403			unresolved	source_url_unresolved	会議録の代表URLを未特定	2026-08-02	f4e7b529b2f42d53c257bc2782b0eb5f954301ab8fd137382d26585cfc739c60
21404			unresolved	source_url_unresolved	会議録の代表URLを未特定	2026-08-02	f4e7b529b2f42d53c257bc2782b0eb5f954301ab8fd137382d26585cfc739c60
21421	https://www.town.kitagata.gifu.jp/gyoseijoho/gikai/2/3731.html	独自	enabled			2026-08-02	22a9fa21a768b37ee5e891735114e460deb7288d664d9f616d11e5d2299160cd
21501			unresolved	source_url_unresolved	会議録の代表URLを未特定	2026-08-02	f4e7b529b2f42d53c257bc2782b0eb5f954301ab8fd137382d26585cfc739c60
21502			unresolved	source_url_unresolved	会議録の代表URLを未特定	2026-08-02	f4e7b529b2f42d53c257bc2782b0eb5f954301ab8fd137382d26585cfc739c60
21503	https://www.kawabe-gifu.jp/?page_id=48191	独自	enabled			2026-08-02	eacca6485fee0b34fab870eb5662a44691d7ab24b9368988bc5bce615b34f8eb
21504	https://www.hichiso.jp/top/gyosei/parlament/record/	独自	enabled			2026-08-02	da502830823ce5d65274544fffa63a1db954204a6ba6b7b46d9de989988b3694
21505	https://www.town.yaotsu.lg.jp/7533.htm	独自	enabled			2026-08-02	bd9ee9703bc12ff4610d66519afbf3c4c0a45951f2b494b121feca5ffb805485
21506			unresolved	source_url_unresolved	会議録の代表URLを未特定	2026-08-02	f4e7b529b2f42d53c257bc2782b0eb5f954301ab8fd137382d26585cfc739c60
21507	https://www.vill.higashishirakawa.gifu.jp/sonsei/gikai/kaigiroku/	独自	enabled			2026-08-02	2f45e340722806d0d00e341139835b308658bac3ae28a72495050a20f4969442
21521	https://www.town.mitake.lg.jp/portal/town/parliament/post0003625/	独自	enabled			2026-08-02	5f542e2661436a966f4157d8464c8da4aae28d0dcb3628b2d65c7369a6dde75d
21604			unresolved	source_url_unresolved	会議録の代表URLを未特定	2026-08-02	f4e7b529b2f42d53c257bc2782b0eb5f954301ab8fd137382d26585cfc739c60
22000	http://www2.pref.shizuoka.jp/all/ggiji.nsf	独自	enabled			2026-08-02	9d888e25990bfbbd3330cf1183c3b645a01e318de853c5ea80a21cf41689c8f7
22100	https://www.city.shizuoka.shizuoka.dbsr.jp/index.php/	dbsr	enabled				dd039f56fd86eb4334b8e368922d22c08ea045ecd8f12a37cb6b156584e1f634
22130	https://ssp.kaigiroku.net/tenant/hamamatsu/SpMinuteSearch.html	kaigiroku.net	enabled				af616ca5aae2303cfd42b5fdf1e8e4ac6fde48e1f39ce351f3ff1fa4898093ef
22203	https://ami-search.amivoice.com/numazu/usr/	amivoice	enabled			2026-08-02	26af7428656983ef1ebf7bea4d611cba2adf22fa63ec418d673b4d5c5741c389
22205	https://ssp.kaigiroku.net/tenant/atami/MinuteSearch.html	kaigiroku.net	enabled				9defc8adacc53b61263fcacf7bf5926f628746946f00aea835a485133d7845b7
22206	https://ssp.kaigiroku.net/tenant/mishima/SpMinuteSearch.html	kaigiroku.net	enabled				57cf366064c63821cf91738d5c8b512fb3c8a9ed65897653fd9c30d0a173b8b3
22207	https://ssp.kaigiroku.net/tenant/fujinomiya/SpMinuteSearch.html	kaigiroku.net	enabled				e5f058d395fbee5d93df5412e528e0c6aaa92db18669353108ac57b27eca2293
22208	https://itoshigikai.gijiroku.com/voices/index.html	gijiroku.com	enabled			2026-08-02	c05332e824e5dcda6cee8f6bc99dc387e5eb54b6fcb15e4cfe75f969aab07a34
22209	https://shimada.gijiroku.com/voices/g07v_search.asp?Sflg=2	gijiroku.com	enabled			2026-08-02	416ce0a8fb5569c1823de3f202454610c5fe8f574ba3b0d7283fe6090fde7a74
22210	https://fuji.gijiroku.com/voices/g07v_search.asp	gijiroku.com	enabled			2026-08-02	2283b8376042b5df7cc729882c39906a92a777cbbef6877318b1577a33222312
22211	https://ssp.kaigiroku.net/tenant/iwata/SpMinuteSearch.html	kaigiroku.net	enabled				2c2d0034b8538d00595fb48036feded73eadecb5644c99fc2ea6c02a664e4429
22212	http://www.city.yaizu.shizuoka.dbsr.jp/index.php/	dbsr	enabled				1294d14ad728895fffb68746f6ef3aa686c0f284e6d063bfac73ac1335734a63
22213	https://kakegawa.gijiroku.com/voices/index.html	gijiroku.com	enabled			2026-08-02	bd19c8495b43ef926b82ea6cb1f6f10946b902301e872ad5b3d50af290b2d6e0
22214	http://fujieda.gijiroku.com/voices/g08v_search.asp	gijiroku.com	enabled			2026-08-02	c98c594327ebc6b84c36722759c97dd95f5a66e745f3445f0c8ff1149392d460
22215	http://www.kensakusystem.jp/gotemba/index.html	kensakusystem	enabled			2026-08-02	fb6109781c909ed8253f8490fa035db78d8fe73d36fab0d111d1891eaad35308
22216	http://www.city.fukuroi.shizuoka.dbsr.jp/index.php/	dbsr	enabled				e80e220ae01388c38e234c00e5f0a4cefe7cc9f17a0da8cfaa0aa01494173ae9
22219	https://www.city.shimoda.shizuoka.jp/category/090100kaigiroku/index.html	独自	enabled			2026-08-02	1eb66ace5babdc2c3f77aea97f075a1f6ee43ad60b3cd09b10ffa84309d23bbc
22220	https://ssp.kaigiroku.net/tenant/susono/MinuteSearch.html	kaigiroku.net	enabled				e5dc2556b618eb559bbc5ec38c7c16ca0f779635caec751109f66c576236ce4a
22221	https://www.city.kosai.shizuoka.jp/soshikiichiran/gikaijimukyoku/gyomuannai/kaigiroku/7/index.html	独自	enabled			2026-08-02	18a199d670f86ba6cb73889c0f3e8bfc956016ddda4cc423aae585a6047c1a0c
22222	https://ssp.kaigiroku.net/tenant/izu/pg/index.html	kaigiroku.net	enabled				c92ff0da0b3b0066e4aca8c98a66a875c701a0ea3f4650779b5bf24dbd7ad913
22223	https://ssp.kaigiroku.net/tenant/omaezaki/MinuteSearch.html	kaigiroku.net	enabled				765edf839d3ed7c855c6d6d1f1e14d6df8a76471aa1354bec5e85aa9bbe9c8ad
22224	https://ssp.kaigiroku.net/tenant/kikugawa/MinuteSearch.html	kaigiroku.net	enabled				5724ec6c7528bd4807cf7f0ef7b9f66a4f9633dfd8efbf6560772cabb09df972
22225	https://ssp.kaigiroku.net/tenant/izunokuni/SpMinuteSearch.html	kaigiroku.net	enabled				9da333b7048723c652b746ade940d74081264ff4a27da374fcc3f34b57d25e09
22226	http://www.kensakusystem.jp/makinohara/index.html	kensakusystem	enabled			2026-08-02	352df51fa98dffe63a6905d80550d2dae6c58e91b382b603c019919385c53344
22301	https://www.town.higashiizu.lg.jp/gikai/kaigiroku/1130.html	独自	enabled			2026-08-02	a9f714fab99e6a5ac11f44581284ac81b2e56335831f01ad512703758b1836a9
22302	https://www.town.kawazu.shizuoka.jp/gyousei/gikai/kaigiroku/	独自	enabled			2026-08-02	a03c20f505b064fc0b2309a53775d9286ddb5a4a104589ce4c8bd58f4f8f1646
22304	https://www.town.minamiizu.shizuoka.jp/category/bunya/tyougikai/gijiroku/	独自	enabled			2026-08-02	d46c27d24f93007243ebc91096b6a0b24dddf9a55009aef47e0d790c348718d5
22305	https://www.town.matsuzaki.shizuoka.jp/categories/guide/chogikai/kaigiroku/	独自	enabled			2026-08-02	cca689736e03f8981ecac37fb1024f87a81c64d41ddc5f321b670dd32256f009
22306	https://www.town.nishiizu.shizuoka.jp/kakuka/gikai/gijiroku/index.html	独自	enabled			2026-08-02	84828d81f7d0fd3a9c7fb64ec778a8e87004e0894762f2818d05839a0807c58f
22325	https://ssp.kaigiroku.net/tenant/kannami/SpMinuteSearch.html	kaigiroku.net	enabled				ebd8c3db665c6d31398cbfa1f2b73bf8952bc52af9e7c77eb85c1d168b303bc1
22341	http://www.town.shimizu.shizuoka.dbsr.jp/index.php/	dbsr	enabled				91111cbe687807a78bd89d27f41e2a7be9632f3a8cd45c279c37c4acdd56faec
22342	http://www.town.nagaizumi.shizuoka.dbsr.jp/index.php/	dbsr	enabled				a4cd4a816c2f4e20ca15feecc94aeaa726415298e7e903267d82badbcb81e3f7
22344	https://www.fuji-oyama.jp/page/1082.html	独自	enabled				66e76cf04233758a1e6b81d23f2f44d10fd7380fd87dbceb05344d016ce47e61
22424	https://www.town.yoshida.shizuoka.jp/1376.htm	独自	enabled			2026-08-02	7b8f8b59efb58721a4e525c8a0ff89d647c8420d2295247743b14ea7c48ab2ec
22429	https://www.town.kawanehon.shizuoka.jp/soshiki/gikai/1/2/2026kaigiroku/index.html	独自	enabled			2026-08-02	22ae82776be3e34e9043de0ca1de274b96d7ae6381e60db6b9b8db3dffdbfd35
22461	https://www.town.morimachi.shizuoka.jp/gyosei/machinososhiki/gikaijimukyoku/giji_shomugakari/1/2/5/6498.html	独自	enabled			2026-08-02	ed90dd64e3185325354d91969a66ce86a9dcc26a56b5f00cdf15eb69357795b3
23000	https://www.pref.aichi.dbsr.jp/index.php/	dbsr	enabled				8185aa88217af04d3d89d9f977596a9cbd22962304300d62c8321d7c0c06982a
23100	https://ssp.kaigiroku.net/tenant/nagoya/SpMinuteSearch.html	kaigiroku.net	enabled				cc9522443019409ab6b06b09e01ab87da980ba10525a024d4e439696b96773bb
23201	https://ssp.kaigiroku.net/tenant/toyohashi/SpMinuteSearch.html	kaigiroku.net	enabled				6ea0f0152eac8f2f600c7013e617bf8c38f484648107004e8f3006ec5c5b1c90
23202	https://ssp.kaigiroku.net/tenant/okazaki/SpMinuteSearch.html	kaigiroku.net	enabled				73ebb63261c3acd56acd64959745f69c0ac292997c85620298282e73dc774762
23203	https://ssp.kaigiroku.net/tenant/ichinomiya/SpMinuteSearch.html	kaigiroku.net	enabled				77af2401ecccfd3ac6998b8ae92dca00deb7591b607441047ce64d9cd000fa33
23204	https://ssp.kaigiroku.net/tenant/seto/SpMinuteSearch.html	kaigiroku.net	enabled				3a36b573e66313c969494cceaed8450c552f8301408a5210b6ad97822659c1b2
23205	https://ssp.kaigiroku.net/tenant/handa/SpMinuteSearch.html	kaigiroku.net	enabled				7b2b020f1769e6fea313a98cace03df0e208a744cee76251ed34d418b1ef9a9d
23206	https://ssp.kaigiroku.net/tenant/kasugai/SpMinuteSearch.html	kaigiroku.net	enabled				9cbe8283b580ace64d7b94b547368617a64e2f8579f902b59e6ccb08c48f5c86
23207	https://ssp.kaigiroku.net/tenant/toyokawa/SpMinuteSearch.html	kaigiroku.net	enabled				9e0084daa9075a78d1b1ad079a2f5a28e4a2be62016ff4445840217524d3acdd
23208	https://www.city.tsushima.aichi.dbsr.jp/index.php/	dbsr	enabled				ca3bf8cf5ebf7bea1007f99e09fab5e45cd1f8a538642c406437a6e7e70a0e4a
23209	http://www.city.hekinan.aichi.dbsr.jp/index.php/	dbsr	enabled				09d38547e6b8dd4853893b077090c7fed704d66d90e494c12cc9c2f0e388ce6e
23210	https://ssp.kaigiroku.net/tenant/kariya/SpMinuteSearch.html	kaigiroku.net	enabled				fe35c550f499d9ad79662d7698792f5676f0a870edb04d949c961e2853ad4a4c
23211	http://www.kensakusystem.jp/toyota-c/index.html	kensakusystem	enabled			2026-08-02	9f0653eec66660d8ab60ff48469a99d019ddc1dbd9bb5eebecade277c39c3122
23212	https://ssp.kaigiroku.net/tenant/anjo/SpMinuteSearch.html	kaigiroku.net	enabled				dc61e49d8cd5852f4fd77c11b313f62436a39e2472dc042bc337a0727625e78c
23213	http://www.city.nishio.aichi.dbsr.jp/index.php/	dbsr	enabled				57c720c59676c7a451e10de04e7fad709b46809804da5e341870bf3ec304005d
23214	https://ssp.kaigiroku.net/tenant/gamagori/SpMinuteSearch.html	kaigiroku.net	enabled				e94a58acc19308f2afbd25daeee4582e75b1dd73580a30b9ef2aa206c183b902
23215	http://www.kensakusystem.jp/inuyama/index.html	kensakusystem	enabled			2026-08-02	c21202c5eb5ab8a8b1c5cb1f31b88b1775602c44580be6cce985b8a541a8a3ab
23216	https://ssp.kaigiroku.net/tenant/tokoname/SpMinuteSearch.html	kaigiroku.net	enabled				9ae20e2aab19dd419c6b1b6c84df83e8a9928c8be37c69824d90848f302996d2
23217	https://ssp.kaigiroku.net/tenant/kounan/SpMinuteSearch.html	kaigiroku.net	enabled				191c75003246c339904f89b9f747ee7e001b884161850e39cf0820c592d44e77
23219	https://komaki.gijiroku.com/voices/g08v_search.asp	gijiroku.com	enabled			2026-08-02	55b9fd5a3355e598f1a026a6a66c05f4c90843b45f54fa33814f1141b5bb66c2
23220	https://inazawa.gijiroku.com/voices/index.html	gijiroku.com	enabled			2026-08-02	ce7282876e91c03f2bf6af22483856a7a0873f5cd42fb494bf62ad824ca9da1f
23221	https://www.city.shinshiro.aichi.dbsr.jp/index.php/	dbsr	enabled				2c2ce7abe650a8ec67eb7c65027c4fc8322114ca09f15b2254704a86a0ec33fc
23222	http://www.kensakusystem.jp/tokai/index.html	kensakusystem	enabled			2026-08-02	c9747b4bfb9a663772317673ecdbfff880e8b870b172237bfe2a92dbc72b20b2
23223	https://obu.gijiroku.com/voices/	gijiroku.com	enabled			2026-08-02	e3fc636465bab093d48b53741597a6ecade90a452423953a5c0cdd40e017dfdb
23224	https://ssp.kaigiroku.net/tenant/chita/SpMinuteSearch.html	kaigiroku.net	enabled				005ae37eeca456331d6c59a949ff83bb0e2fadd374a6063c34233b80a50eceec
23225	http://www.kensakusystem.jp/chiryu/index.html	kensakusystem	enabled			2026-08-02	1904b6b0702ae017c01e1f37d58f50df995d33bcf06ecdd4dd465fbf50d62a86
23226	https://ssp.kaigiroku.net/tenant/owariasahi/SpMinuteSearch.html	kaigiroku.net	enabled				4c8d42af376966c8a5570d187959fcc82bb8a198d958e4a32cfb38c9dde16400
23227	https://www.city.takahama.lg.jp/site/gikai/1548.html	site-gikai-pdf	enabled			2026-08-02	b75381046a868f592c57796851ef660d2016c21f8f8b62e36e072d3bfeb74d8b
23228	http://www.kensakusystem.jp/iwakura/index.html	kensakusystem	enabled			2026-08-02	ded849bfc47b46dd16f1cf3050ba352bb0ed80c74624437ac99266a5d117d140
23229	https://www.city.toyoake.aichi.dbsr.jp/	dbsr	enabled				ebad00eaba417ccd0009092c525f204605f144f5364791c94deb93ca92e25561
23230	https://ssp.kaigiroku.net/tenant/nisshin/MinuteSearch.html	kaigiroku.net	enabled				6af282e426ce0ee22b435c8aea35d43da7c149981520a5307df8c2dac638a202
23231	https://ssp.kaigiroku.net/tenant/tahara/SpMinuteSearch.html	kaigiroku.net	enabled				d95c361b44a5350dcf01cdcc01a140ef77ebf7394d7e4b40146517e80eccead3
23232	https://www.city.aisai.lg.jp/category/6-2-3-0-0-0-0-0-0-0.html	独自	enabled			2026-08-02	ef5d78710e7a9cba0e48d37555361b60da5964023263c239b01d345ccc70bad0
23233	https://www.city.kiyosu.aichi.jp/gikai/kaigiroku/r7-kaigiroku.html	独自	enabled			2026-08-02	c343825c879b9b17de77c19dac1a510197cff09e03d4b83133df15c41a69ead0
23234	https://ssp.kaigiroku.net/tenant/kitanagoya/SpMinuteSearch.html	kaigiroku.net	enabled				36c5ea9852fec21bd44a88c5bb4b4bd5cb9f9c67e54ae96e6570e2bc55800e4c
23235	https://www.city.yatomi.lg.jp/gikai/1000077/1006656.html	独自	enabled			2026-08-02	6954c157768cc50f86880bb14612db7f235e157d4b57bf6bae00fbb4c1bbcee2
23236	http://www.kensakusystem.jp/miyoshi-c/index.html	kensakusystem	enabled			2026-08-02	81fca692753ab64fd72add22b7f438da10b2626be85bea4ca76b7da0c5fde9b0
23237	https://www.city.ama.aichi.dbsr.jp/index.php/	dbsr	enabled				b2942036c635a1639533b4b1aa4c32ff13229c56de295b025045fa5b46ebc556
23238	http://www.kensakusystem.jp/nagakute/index.html	kensakusystem	enabled			2026-08-02	24dcf2032ac70173d18347c57a44780b3335be5993e7ff78c9c2d422b8ce9780
23302	http://www.town.togo.aichi.dbsr.jp/index.php/	dbsr	enabled				ce4d3ed1bf7af515816369a7b4d3e413bf0e138136533c34613f36964366bc3a
23342	https://ssp.kaigiroku.net/tenant/toyoyama/MinuteSearch.html	kaigiroku.net	enabled				b8980025b1a7fa2d4d523ecdae71fdedad6b851c069da4b76d84e19f84670b8e
23361	https://ssp.kaigiroku.net/tenant/oguchi/SpMinuteSearch.html	kaigiroku.net	enabled				e97d7fd4c7f958650fa7557977b2e1f561b5edc3733c43642c967136d3b19d6d
23362	http://www.kensakusystem.jp/fuso/index.html	kensakusystem	enabled			2026-08-02	8bd924cfcfee221bb2ab918982e1967e1210aa8ad75b01dc3ae98229744cb5bd
23424	https://www.town.oharu.aichi.jp/4105.htm	独自	enabled			2026-08-02	4562bfb5339ad40491dc40d5f4bd4b69780d47254cf09ef70eefbe3673bc5fef
23425	https://www.town.kanie.aichi.jp/site/gikai/gikai-kaigiroku.html	site-gikai-pdf	enabled			2026-08-02	de086e013cae8287bfb9326b3adbca00ac31ada31d17fe9c6338bb3bde582c64
23427	https://ssp.kaigiroku.net/tenant/tobishima2/SpMinuteSearch.html	kaigiroku.net	enabled				a9249f85577f2f4ef73162abae16ecff33e0cdfd24b183e8ea77cdb1c3e96de1
23441	https://ssp.kaigiroku.net/tenant/agui/MinuteSearch.html	kaigiroku.net	enabled				18a20ab5ad3994eb00207efc6225219a17c4b731bdbeed856b90865ceb79d524
23442	https://ssp.kaigiroku.net/tenant/higashiura/SpMinuteSearch.html	kaigiroku.net	enabled				97216506509f7d19f811a68e8f1f27f335a7d5e02da800f919e67e98223931cb
23445	https://www.town.minamichita.lg.jp/gyosei/gikai/1001930/1003048.html	独自	enabled			2026-08-02	0f7317ff56f919867c702cfd94fc3e3ab0ebc883d3f7c634c13181db5f9f404c
23446	https://www.town.aichi-mihama.lg.jp/gyoseijoho/shingikai-iinkai/2190.html	独自	enabled			2026-08-02	418b9dde303c5601b0db5553a26509d546fabd7c544aea0327007278b1c3c79e
23447	https://ssp.kaigiroku.net/tenant/taketoyo/SpMinuteSearch.html	kaigiroku.net	enabled				204cceeb91897858ccc2258a4aae64a31225e4d5140da9adf9e73cda39fec76a
23501	https://www.town.kota.lg.jp/site/gikai/list11-78.html	独自	enabled			2026-08-02	23486f6b984991bb8d180914dc141cf0bc6f12d603294c0db75e5318d3587f0b
23561	https://www.town.shitara.lg.jp/soshiki/9/4312.html#a	独自	enabled			2026-08-02	4a403b316a73b7256cb40930ba32ca48010604f4814b086f481d07a2252cce4b
23562	https://www.town.toei.aichi.jp/1396.htm	独自	enabled			2026-08-02	3e71c79f5f7d224d6f617a9e923722338853c5eea986ea9b00c36f7003a83a58
23563			unresolved	source_url_unresolved	会議録の代表URLを未特定	2026-08-02	f4e7b529b2f42d53c257bc2782b0eb5f954301ab8fd137382d26585cfc739c60
24000	https://www.kensakusystem.jp/mie/index.html	kensakusystem	enabled			2026-08-02	6c844a7baeee9d3fd7b5919de65269630a00db210fd29c6b24652a3a8f564c77
24201	https://ssp.kaigiroku.net/tenant/tsu/SpMinuteSearch.html	kaigiroku.net	enabled				e3c8db3d70f40c5852a8d99b9edd5e6d0a536edff9571b4f97bec1710408574a
24202	http://www.city.yokkaichi.mie.dbsr.jp/index.php/	dbsr	enabled				667dded0662337357cec7a59412146f0c7f53ff7ee16590fe7b9e216d1e04ff7
24203	https://ssp.kaigiroku.net/tenant/ise/SpMinuteSearch.html	kaigiroku.net	enabled				c825031c518424f3fba467898acbf272dbbf6278ede63add50b64586ec5cdc7d
24204	https://ssp.kaigiroku.net/tenant/matsusaka/SpMinuteSearch.html	kaigiroku.net	enabled				3d75690a60d6d59bb894842f899dc0ebe6b2b597fa3a1152eac4f328405bbe7c
24205	http://www.city.kuwana.mie.dbsr.jp/index.php/	dbsr	enabled				a2f09f6c670aa610fc2dae3136c40fc6a1b7043b4d12f6870aa5bad91ab4d5ba
24207	http://www.kensakusystem.jp/suzuka/index.html	kensakusystem	enabled			2026-08-02	c151daeec3052dc81d28f716b341c1d319fbc764c88fb41425af8145fccff955
24208	https://ssp.kaigiroku.net/tenant/nabari/MinuteSearch.html	kaigiroku.net	enabled				134ff380ff7cb54c6b7d51c22b16840a113f5ff0832721e755015ed74fa5b138
24209	https://www.city.owase.lg.jp/category/7-10-4-0-0-0-0-0-0-0.html	独自	enabled				740845dba694db8e42bf7d1ba1647c81de6c839b005bb4de5799f775d4252f5f
24210	http://www.kensakusystem.jp/kameyama-s/index.html	kensakusystem	enabled			2026-08-02	c398b3440adb003ffa20d24b5b0f7db94f340cab0e211cd19075848437db6e29
24211	https://ssp.kaigiroku.net/tenant/toba/SpMinuteSearch.html	kaigiroku.net	enabled				7e690c950eada0c8a9f9bdca33c005ab7d7de3ded3a9faae54a460fd391c9ed5
24212	https://www.city.kumano.lg.jp/administration/?content=2523	独自	enabled			2026-08-02	18b99d025b3414e87b0b8cea5bbf6bf70b1fa8811a26793d1b0456054ce0a5a8
24214	http://www.kensakusystem.jp/inabe-s/index.html	kensakusystem	enabled			2026-08-02	1b14ab16a69f4804ca1cec91e8eb6e97592e8fda6e18a0099bdea3da635f6bf7
24215	http://www.kensakusystem.jp/shima/index.html	kensakusystem	enabled			2026-08-02	4bd9b646cd4fc8910474614decd641a99709f30ecef6fdf94b92f3da4c54c966
24216	https://www.kensakusystem.jp/iga-s/index.html	kensakusystem	enabled			2026-08-02	732d0bd515cdad7cb2b81aa5b645a395c3e5413823c5ceb05b20a3de94e9176d
24303	https://www.town.kisosaki.lg.jp/0000003055.html	独自	enabled			2026-08-02	ac390bc426019c0882c74d0c87852d27179a935cd90774a1aa36690cd7f4f9f5
24324	http://www.kensakusystem.jp/toin/index.html	kensakusystem	enabled			2026-08-02	5ef8b9b0784233f7d8c4729f286be67b819271e8a166177344cd8751fea911cd
24341	http://www.kensakusystem.jp/komono/index.html	kensakusystem	enabled			2026-08-02	385de7f1ef12c19fe4b680bd9b5866ed27d9852afed8b4b015d08e73e8bb741d
24343	http://www.kensakusystem.jp/asahi/index.html	kensakusystem	enabled			2026-08-02	350d04841216d65dd0ca0edcd5ad60ee63d7697d6081d7df1b465a19e9019963
24344	http://www.kensakusystem.jp/kawagoe/index.html	kensakusystem	enabled			2026-08-02	68d8d0748c40738ec4bd1d00ad8a1e7be811e391c43d2162f56067db82dcff21
24441	https://www.town.taki.mie.jp/life/soshiki/gikai_jimukyoku/kaigiroku/index.html	独自	enabled			2026-08-02	f7f2df921e24a53d54e41855f7406e6e4085f707d145ea78171e049b055a9014
24442	https://www.town.meiwa.mie.jp/gyosei_joho/gikai/gijiroku/1914.html	独自	enabled			2026-08-02	7e62763d00a9eb4127f42045df7ba4ed248409183c1481c1373da8e6488a0158
24443	https://ssp.kaigiroku.net/tenant/odai/SpMinuteSearch.html	kaigiroku.net	enabled				cb73adbd5b382e6521b2f932ac52a068378147accd36769338379e38f64399a4
24461	https://kizuna.town.tamaki.mie.jp/chosei/senkyogikai/gikai/shingi/r8.html	独自	enabled			2026-08-02	ab747f3ab3df8c02fcf4b2d55d3e0177ade6dbd5dabfc4156ebad44083d924da
24470	https://www.town.watarai.lg.jp/contents_detail.php?co=cat&frmId=3484&frmCd=8-6-0-0-0	独自	enabled			2026-08-02	631603d2c62a0a2611f9a46e3e48a3cbe464efc717ad016c43d000598d274fd9
24471			unresolved	source_url_unresolved	会議録の代表URLを未特定	2026-08-02	f4e7b529b2f42d53c257bc2782b0eb5f954301ab8fd137382d26585cfc739c60
24472			unresolved	source_url_unresolved	会議録の代表URLを未特定	2026-08-02	f4e7b529b2f42d53c257bc2782b0eb5f954301ab8fd137382d26585cfc739c60
24543			unresolved	source_url_unresolved	会議録の代表URLを未特定	2026-08-02	f4e7b529b2f42d53c257bc2782b0eb5f954301ab8fd137382d26585cfc739c60
24561			unresolved	source_url_unresolved	会議録の代表URLを未特定	2026-08-02	f4e7b529b2f42d53c257bc2782b0eb5f954301ab8fd137382d26585cfc739c60
24562			unresolved	source_url_unresolved	会議録の代表URLを未特定	2026-08-02	f4e7b529b2f42d53c257bc2782b0eb5f954301ab8fd137382d26585cfc739c60
25000	https://www.shigaken-gikai.jp/voices/index.html	voices	enabled			2026-08-02	b0d6db7226e715d7ca78b4bc8c477aea569359c10503ccccd97d961ba458fd72
25201	https://www.kensakusystem.jp/otsu/index.html	kensakusystem	enabled			2026-08-02	800f9d09bdb2b52936ccfc837872ec705051f288274fcbb64522563568ba027f
25202	https://www.city.hikone.shiga.dbsr.jp/index.php/	dbsr	enabled				34f4daf68bbdc8000098eb16c149e8db41945e0b8b22dc4c687c20ef17bb6800
25203	https://ssp.kaigiroku.net/tenant/nagahama/MinuteSearch.html	kaigiroku.net	enabled				0ba92fe80fc0ceeaacaa2bec5c6d26f5dc9f5044ec5b0e1db8e1f9307d60d770
25204	https://ssp.kaigiroku.net/tenant/omihachiman/MinuteSearch.html	kaigiroku.net	enabled				b741a0147b234656aafcb154c4155090a970f7fb81bc72048fd1e9f9beeb960a
25206	https://www.kensakusystem.jp/kusatsu/index.html	kensakusystem	enabled			2026-08-02	c0a54a75aac76ff934d56697eccd3fb0c82434b78c6f33878e72d06e0ce24a97
25207	http://www.kensakusystem.jp/moriyama/index.html	kensakusystem	enabled			2026-08-02	ccda97b643976c77ddac8b437f6ec49b005000ac113d1c8e03c3b2b24eb97369
25208	http://www.kensakusystem.jp/ritto/index.html	kensakusystem	enabled			2026-08-02	9bd1f8fad92bb9172394edd623f06bdc588d15a309ed5c7cca5e9461b3bd79ea
25209	https://ssp.kaigiroku.net/tenant/koka/MinuteSearch.html	kaigiroku.net	enabled				2e7ffde418ff3f5795cc45f3720c99f321c99259ba5b9726a7ed95368903b7dc
25210	https://www.city.yasu.lg.jp/gyoseijoho/gikai/teireikai-rinjikaikaigiroku/7957.html	独自	enabled			2026-08-02	4fc234e2cbcad7de9ee77ba3dbd868be4c3c13d38fc8a272450a845945011d6b
25211	https://ssp.kaigiroku.net/tenant/konan/MinuteSearch.html	kaigiroku.net	enabled				0848e097bb72bf548db970980428e03d89131647e7bf9e1efadd2ef5dc6a988f
25212	https://ssp.kaigiroku.net/tenant/takashima/SpMinuteSearch.html	kaigiroku.net	enabled				59a4f81a512ad9bb50a490dc56c6c968f2f7e4ebe31e6e5c100402203abaa8b5
25213	http://www.kensakusystem.jp/higashiomi/index.html	kensakusystem	enabled			2026-08-02	c5f004b12c7224302bb9ef25a3075bddae132ae86f124a72b86808cfd34a9a99
25214	http://www.kensakusystem.jp/maibara/index.html	kensakusystem	enabled			2026-08-02	79d3095110496376948a1ba70cf35aee295cdf1852f93c4f87649db8e5af9bc2
25383	https://www.town.shiga-hino.lg.jp/category/32-3-6-15-0-0-0-0-0-0.html	独自	enabled			2026-08-02	01844f13e978be336f44ecc4589d5385666a464b86dfa07eb0a23ee265178a88
25384	https://www.town.ryuoh.shiga.jp/parliament/gijiroku/gijiroku_kako.html	独自	enabled			2026-08-02	ee5a18ec1cb956d39eb47bf3b894ec25a3b55d896e8f82054c64526aafb1c489
25425	https://www.town.aisho.shiga.jp/gikai/kaigiroku/index.html	独自	enabled			2026-08-02	b1433f6f59aacdd56f0c05f9aabadd72358dbe169a820dfdb883f5f9a0c7f6fd
25441	https://www.town.toyosato.shiga.jp/category/32-5-0-0-0-0-0-0-0-0.html	独自	enabled			2026-08-02	ed2f32d9df2ff54f8b4be007dab1ac2b7da9db079cea607c3b2d5fa049f91eb7
25442	https://www.kouratown.jp/cyonososhiki/gikaijimukyoku/gijikakari/chogikai/kaigiroku/kaigiroku_02.html	独自	enabled			2026-08-02	d699cacca854a5e5aa4f627724526eefed2884b3a269cc8d74083ce27f8be508
25443	https://www.town.taga.lg.jp/choseijoho/tagachogikai/1/index.html	独自	enabled				532a97ebc4a0d6695e4e2ce0a40dfae28d8f5f922554cbfa1bec352eed4442fa
26000	http://www.pref.kyoto.dbsr.jp/index.php/	dbsr	enabled				93ab7a1e67ad748e4501b3bb9cec79420358cf0e16b19a008de4fa40c0c6c7df
26100	https://ssp.kaigiroku.net/tenant/kyoto/MinuteSearch.html	kaigiroku.net	enabled				896eb3fff9fadb9f4eb0dad65df24f7344c7662d859c5cc87e4421b710bde83f
26201	http://www.kensakusystem.jp/fukuchiyama/index.html	kensakusystem	enabled			2026-08-02	37832d88aeafc2ab981acc30751c3309fc4b1353f6af9fb5624304683fdae62e
26202	https://ssp.kaigiroku.net/tenant/maizuru/SpMinuteSearch.html	kaigiroku.net	enabled				76f1b1c2af28652126a335eefc42702752d7be26bc24c105dc55ed8b469e6a67
26203	http://www.kensakusystem.jp/ayabe/index.html	kensakusystem	enabled			2026-08-02	88880895ca214c413997169c0e6df7d5b8c9c34acf41acfb340cf275867371a2
26204	https://ssp.kaigiroku.net/tenant/uji/MinuteSearch.html	kaigiroku.net	enabled				dda72070d8f40a7cb7c88ce44879c32d51d9f5daf29966394dee4dade158e682
26205	http://www.kensakusystem.jp/miyazu/index.html	kensakusystem	enabled			2026-08-02	445b9a624b20e83037ae596a45fed256ea73170a43532a6bb60f9935820dfee4
26206	https://ssp.kaigiroku.net/tenant/kameoka/SpMinuteSearch.html	kaigiroku.net	enabled				a24da7417ded14d943c555246f5ebf755b91017b92cf3e8fedb47e13a94b9269
26207	http://www.kensakusystem.jp/joyo/index.html	kensakusystem	enabled			2026-08-02	62a0dc4bb394b4e247a4cf5a76c6db5236d45a820891460f0b84eebab2730197
26208	http://www.kensakusystem.jp/muko/index.html	kensakusystem	enabled			2026-08-02	537166b90a9bda9fe47b1bf7777ab901c6947b9495c59f8d6788cdc0d8b07e36
26209	http://www.kensakusystem.jp/nagaokakyo/index.html	kensakusystem	enabled			2026-08-02	ef044ddcca159fec89cfba9b52c4d2967729e98abfc421f5e40d7fad0805e51d
26210	https://www.city.yawata.kyoto.dbsr.jp/index.php/	dbsr	enabled				3d6895cf8a8cf176d4c5043cac73aee1664ed5c280f2e05d8f9f5a552d766da9
26211	https://ssp.kaigiroku.net/tenant/kyotanabe/SpMinuteSearch.html	kaigiroku.net	enabled				70108f5479e6f4f02aa2219f73f37ad87d630541c3fcfa17eb47d067a1270264
26212	http://www.kensakusystem.jp/kyotango/index.html	kensakusystem	enabled			2026-08-02	7b4f1d26a9c276bbc65d28e607e001e62b7bc81a92cc52f3ce9ce8675504ec73
26213	https://www.kensakusystem.jp/nantan/index.html	kensakusystem	enabled			2026-08-02	a3c884719084d7dce22919a5cab56c28584cdfe6b9457f6d870edc7da84b28d1
26214	https://www.city.kizugawa.kyoto.dbsr.jp/index.php/	dbsr	enabled				ca259f334eaa4813c939efc8eb11aa82af4ac1a8af652314aaa7150132110e32
26303	http://www.kensakusystem.jp/oyamazaki/index.html	kensakusystem	enabled			2026-08-02	10a177c411409228f67d4279ea91109ddd47fc4df35c86db6b4458fcce486d98
26322	http://www.kensakusystem.jp/kumiyama/index.html	kensakusystem	enabled			2026-08-02	b9739a739b8de15d6726e2adae98963e64d33fee7bf1196c4d8fe71243416895
26343			unresolved	source_url_unresolved	会議録の代表URLを未特定	2026-08-02	f4e7b529b2f42d53c257bc2782b0eb5f954301ab8fd137382d26585cfc739c60
26344	https://ssp.kaigiroku.net/tenant/ujitawara/SpMinuteSearch.html	kaigiroku.net	enabled				db60bc6a9cbedff2788f103c86e859a1b3c72df821eb8b1a384a5766254f4130
26364	http://www.town.kasagi.lg.jp/soshiki_view.php?so_cd1=2&so_cd2=0&so_cd3=0&so_cd4=0&so_cd5=0&bn_cd=5	独自	enabled			2026-08-02	a44ffe71d1d403ccbeb39234fc0c5f3f0424fb97e847402aff4032fa9f96a13e
26365			unresolved	source_url_unresolved	会議録の代表URLを未特定	2026-08-02	f4e7b529b2f42d53c257bc2782b0eb5f954301ab8fd137382d26585cfc739c60
26366	https://www.kensakusystem.jp/seika/index.html	kensakusystem	enabled			2026-08-02	b0a719f438cfa89421bb177b13a713d50eb970493fddac5d4530238de2d6013e
26367	http://www.kensakusystem.jp/minamiyamashiro/index.html	kensakusystem	enabled			2026-08-02	3041ca50087ab4cf2b475d733b81b3b9c066ac2cca91332629de443d11970be7
26407	https://www.town.kyotamba.kyoto.jp/kakukakarasagasu/gikaijimukyoku/gyomuannai/1/1232.html	独自	enabled			2026-08-02	e78f225ab459953b1288e3c580042866176b9df343928c9ef720f64cbd11e94c
26463	https://www.town.ine.kyoto.jp/chosei/gikai/4/648.html	独自	enabled			2026-08-02	860fcc3fc0bf627e99c854f348d6abec7b277b42e055fad49027941474f70489
26465	https://ssp.kaigiroku.net/tenant/yosano/MinuteSearch.html	kaigiroku.net	enabled				324eed03ac0120b9fd0abb3350436069a323abe54c04104184039f1873a29e3d
27000	https://ssp.kaigiroku.net/tenant/prefosaka/SpMinuteSearch.html	kaigiroku.net	enabled				d06c713f061bc934657948ca898d81b5e24dadad13311e5e9858c82aabb18fd3
27100	https://ssp.kaigiroku.net/tenant/cityosaka/SpMinuteSearch.html	kaigiroku.net	enabled				444cc11a9b69d9b06c5df11254a18cbc98731e0d69abadc348de25b84c2c1d86
27140	https://www12.gijiroku.com/sakai/	gijiroku.com	enabled			2026-08-02	ac39c94a8f96f6b5ce001477f570e3dcf77246429f385a36f02b7fac46467e88
27202	https://www.city.kishiwada.osaka.dbsr.jp/index.php/	dbsr	enabled				7d80de595b99d7921ab97bf2ba786507b29b380793b2a42030b199917f88c355
27203	http://www.kensakusystem.jp/toyonaka/index.html	kensakusystem	enabled			2026-08-02	ffc6f4511738fe609dc3f5ae942fc32558e8150a1c6bc2a62cc62205ceb3a43a
27204	https://ssp.kaigiroku.net/tenant/ikeda/SpMinuteSearch.html	kaigiroku.net	enabled				b7731e566a0dff14c3d7632af7d878b4113cf0c5648e30a7746499983822a69e
27205	https://ssp.kaigiroku.net/tenant/suita/SpMinuteSearch.html	kaigiroku.net	enabled				e07bba94c47539190849239464e8ebc03a60eada1fe908595ef6e13af34fe560
27206	https://ssp.kaigiroku.net/tenant/izumiotsu/SpMinuteSearch.html	kaigiroku.net	enabled				4a3f8813fbfd80183d7395d4f09311129968d8044847031c21512e9a12aabf21
27207	http://www.kensakusystem.jp/takatsuki/index.html	kensakusystem	enabled			2026-08-02	a3129a6279939e32152b6b3d771389e2c98d9755022dd2e7737d4a7381d778e8
27208	https://ssp.kaigiroku.net/tenant/kaizuka/SpMinuteSearch.html	kaigiroku.net	enabled				4f951914691a2c3e11b3de21fedd9b586e409f30088734a770d9936ba0847fb0
27209	http://www.kensakusystem.jp/moriguchi/index.html	kensakusystem	enabled			2026-08-02	81b97816b612ff42fe217ef8139aff8bba58e9f56504a067e93d3f60761a3630
27210	https://www.city.hirakata.osaka.dbsr.jp/index.php/	dbsr	enabled				4d87f1e66152a2cb4954ed319461ace69bb5cf91e3587c487589a7762ff7c78d
27211	https://www.kensakusystem.jp/ibaraki-s/index.html	kensakusystem	enabled			2026-08-02	80e6c2a5014614e3a6eb54abfdc90560d9c44016a76c689de06f4d0952a52e4e
27212	https://yao.gijiroku.com/voices/g08v_search.asp	gijiroku.com	enabled			2026-08-02	d21945fed6a290f8a7914c539b089305c9e802d9adf23998315cfee358e82301
27213	https://ssp.kaigiroku.net/tenant/izumisano/MinuteSearch.html	kaigiroku.net	enabled				82d8c5b06da11b6cb28ae5076f597ebb8ec3b91cfa31b7dfbf832fe190cc8f3d
27214	https://ssp.kaigiroku.net/tenant/tondabayashi/SpMinuteSearch.html	kaigiroku.net	enabled				2558b8b3889f580245bcc82a6ee5893ab11d44afc37bb817d667ed03b67b59d3
27215	http://www.kensakusystem.jp/neyagawa/index.html	kensakusystem	enabled			2026-08-02	e50230894224de2c29494c7461f54e26d26a1d025d5b3d5491311e240278215c
27216	https://ssp.kaigiroku.net/tenant/kawachinagano/SpMinuteSearch.html	kaigiroku.net	enabled				b7901e3b0c8c85d693fa61233e5281710791c3c3ccbfa72895103c3bc89de0d3
27217	https://ssp.kaigiroku.net/tenant/matsubara/SpMinuteSearch.html	kaigiroku.net	enabled				ca9d9e292d86ecd09be6e23bc8c2e30c40e8e204e629552158b9b448bb82e186
27218	https://daito.gijiroku.com/gikai/g08v_search.asp	gijiroku.com	enabled			2026-08-02	b15cb5979196c8a8417b80d8f2c9b5e7a94c205d2b5a721419e2b30bcc701524
27219	https://ssp.kaigiroku.net/tenant/izumi/SpMinuteSearch.html	kaigiroku.net	enabled				69c71b66752942080d706c950578108262a3a726fff88b5a349f4d3beb3220bd
27220	https://ssp.kaigiroku.net/tenant/minoh/SpMinuteSearch.html	kaigiroku.net	enabled				91bce77f8026ad983b9cb049c3e8c93d5479a2befcde772ced8971cd5320dc13
27221	https://ssp.kaigiroku.net/tenant/kashiwara/SpMinuteSearch.html	kaigiroku.net	enabled				9e41cf500c3b264fa3d9bfea9a043058047231479861e2ee14fc87a457760342
27222	https://habikino.gijiroku.com/voices/	gijiroku.com	enabled			2026-08-02	225447a090aba882375677fee7420f89ee2b52d958450d99a7fb02c62ffc80e0
27223	https://www03.gijiroku.com/kadoma/	gijiroku.com	enabled			2026-08-02	be9a0a7878124c6970a36284bc2674214a9e996930b0f3c45adbd113b4cf231d
27224	https://ssp.kaigiroku.net/tenant/settsu/MinuteSearch.html	kaigiroku.net	enabled				a47cccd31e02d413e953bc73b7ba0702bd12b2b6c301b1cd8e0b78d0f8425f03
27225	https://ssp.kaigiroku.net/tenant/takaishi/SpMinuteSearch.html	kaigiroku.net	enabled				4be0a2436fe36b555832a0d14361de1b2dc60c26e4f3b3fca00d5781b57387f6
27226	https://ssp.kaigiroku.net/tenant/fujiidera/SpMinuteSearch.html	kaigiroku.net	enabled				1fdfa027ea627fcbc35e7b0a1bf0f22b45f64fe7d0147037b5b9129f0708ccb1
27227	https://higashiosaka.gijiroku.com/gikai/g08v_search.asp	gijiroku.com	enabled			2026-08-02	a6634f9375269c397b37809cf2a79186c9306819c6bbd5b4ef91edfa8ac7b105
27228	https://www.city.sennan.osaka.dbsr.jp/index.php/	dbsr	enabled				6a5ed02ae8d6eec7572ea704c258f572a098c23794a9c459b24a7139de4a4837
27229	https://ssp.kaigiroku.net/tenant/shijonawate/SpMinuteSearch.html	kaigiroku.net	enabled				2034ea52eb0a07a24ecf5ea5b8fba874d84ad024ae056c01cd536c71d9e417fb
27230	https://ssp.kaigiroku.net/tenant/katano/SpMinuteSearch.html	kaigiroku.net	enabled				28bcf651d39096e90afd68b54ac03e8ef84a91a276f1ea2ef4303637c44046d2
27231	https://ssp.kaigiroku.net/tenant/osakasayama/SpMinuteSearch.html	kaigiroku.net	enabled				9d3a4f536d5f6759ceb143f5efca10a90e236009f11e54bf51f9f224985277d9
27232	https://ssp.kaigiroku.net/tenant/hannan/SpMinuteSearch.html	kaigiroku.net	enabled				f7ba2d3b7dd93bd571165d69396475f42e99e92db9b946e4a6a529601547c7c8
27301	https://www.town.shimamoto.lg.jp/site/shimamotochogikai/list101.html	独自	enabled			2026-08-02	f715077ef326178f078c11178baae5e738c3dd7eb5174f8286d6cdab7dc0ed2b
27321	https://www.town.toyono.osaka.jp/gyousei/gikai/kaigi-jouhou-kekka/kaigiroku-honkaigi/page005249.html	独自	enabled			2026-08-02	f66895795267b6fabe8a4e22550fc6d55263a96fcc3f7a759a3072aa00de8bd0
27322	http://www.kensakusystem.jp/nose/index.html	kensakusystem	enabled			2026-08-02	9b01b325118f5615922101838c5db9954d64f409bb03de80a0026876ac272faa
27341	https://www.town.tadaoka.osaka.jp/gyousei/gikai/2110.html	独自	enabled				1981e7971f058e38a2795cd0087d898a21d346f190b5d69b73c41d2d668432dc
27361	https://www.town.kumatori.lg.jp/soshiki/gikai_somu/gyomu/kumatori_gikai/etsuran/14305.html	独自	enabled			2026-08-02	c2f6964a2cd42398baee60532454375f51e08dabf982c93c6cda25496f044cad
27362			unresolved	source_url_unresolved	会議録の代表URLを未特定	2026-08-02	f4e7b529b2f42d53c257bc2782b0eb5f954301ab8fd137382d26585cfc739c60
27366	https://www.town.misaki.osaka.jp/soshiki/gikai/chogikai/gijiroku/438.html	独自	enabled			2026-08-02	d05726ec828cd7817c3a2915c1465c82447bbd0828c11d672ca0c53f4960f200
27381	https://www.town.taishi.osaka.jp/busyo/gikai_jimu/taishichougikai/kaigirokunoetsuran/index.html	独自	enabled			2026-08-02	221d99b631d0a13973b510dbbf75e990e1aad47b671a5b8b37389675c83f0ec7
27382	https://www.town.kanan.osaka.jp/gyoseijoho/gikai/1/7996.html	独自	enabled			2026-08-02	fbf626560141603b9ec3915b6b7b1fcc369e7c84320e863966e6783724e9aac5
27383	https://www.vill.chihayaakasaka.osaka.jp/kakuka/gikai/2_1/kaigiroku/11364.html	独自	enabled			2026-08-02	e77160cc2f7dc76749684b8da3193b1243c0c3252dc6c7f4bb996d30507e46c4
28000	https://www.kensakusystem.jp//hyogopref/index.html	kensakusystem	enabled			2026-08-02	97fe51f43d2f876c56581549862ab4ecb681f7d0e650a17f845cf8cfefec7365
28100	http://www.city.kobe.hyogo.dbsr.jp/index.php/	dbsr	enabled				0f405384a64478c9595eb72b57b94b332193b8c71745e6a615b55b239fbddb49
28201	http://himeji.gijiroku.com/voices/g08v_search.asp	gijiroku.com	enabled			2026-08-02	61d7f4f1010fa4182e83232c0754bed53572262b2caa6163b92f47841eafc3fb
28202	https://ssp.kaigiroku.net/tenant/amagasaki/SpMinuteSearch.html	kaigiroku.net	enabled				39c04c4db6dac5b728672e181c4c901381c1b129c5ed8ae8446e589bbbe23928
28203	http://www.kensakusystem.jp/akashi/index.html	kensakusystem	enabled			2026-08-02	c7f207d9ff8084f84d0211a39cecbca2fcbf7e4621e8e9040ca93de4efb85f82
28204	https://nishi.gijiroku.com/voices/g08v_search.asp	gijiroku.com	enabled			2026-08-02	d6ee92742096778a40e461d537c4c4f28bfdd50b2542403c507c1a0d897e5355
28205	http://www.kensakusystem.jp/sumoto/index.html	kensakusystem	enabled			2026-08-02	ba5227292c27077be3aa92bd9dd7cefad1212939ee327078fc8ad79453c13ca4
28206	https://ssp.kaigiroku.net/tenant/ashiya/SpMinuteSearch.html	kaigiroku.net	enabled				6b95b1ea8a80144e14e0048cee42beff4570961471bb9e8bb66ccd1377cacec4
28207	https://www.kensakusystem.jp/itami/index.html	kensakusystem	enabled			2026-08-02	ac401e72af5338a0d4a3cabcbaabeed6433c58750bbce507f3bfbc4d3ea4149b
28208	https://www.kensakusystem.jp/aioi-s/index.html	kensakusystem	enabled			2026-08-02	aa7cc5fcc3c982d888e0b0b6bdf2de6a4dc121bb2d7ed1904554f0ec68b5a47a
28209	http://www.kensakusystem.jp/toyooka/index.html	kensakusystem	enabled			2026-08-02	d9ed5590bcaa8ddfc6dbbda47af568a69b592cdb6fcf3ca96ec38a2ddeccd30d
28210	http://www.kensakusystem.jp/kakogawa/index.html	kensakusystem	enabled			2026-08-02	bae5a1faff200506b256b256d0e5897512f75f8498a46e0a4980965c099f6f0c
28212	http://www.kensakusystem.jp/ako/index.html	kensakusystem	enabled			2026-08-02	3178c949c82591f2e948190f6dc09e9202de66463c76e5e25fd05eceb51fbbdc
28213	http://www.kensakusystem.jp/nishiwaki/index.html	kensakusystem	enabled			2026-08-02	db1b6b12ad18c9fe3f8b0cf7a224f883c824731acea0ba93771fa723f1c03c10
28214	https://takarazuka.gijiroku.com/voices/g07v_search.asp	gijiroku.com	enabled			2026-08-02	f564e7c6d942b6ec3f3e05d640987103bb0cca7c29870bb77334505b7074edd9
28215	https://ssp.kaigiroku.net/tenant/miki/MinuteSearch.html	kaigiroku.net	enabled				14a669941897a365bb5437225b16bf355e5ecc1833eec2f538b0c57467c1bc14
28216	http://www.kensakusystem.jp/takasago/index.html	kensakusystem	enabled			2026-08-02	8a97982af6d17916e4db06e2acd64403c5a0b9229b2551632a7531ef1c800cd3
28217	https://ssp.kaigiroku.net/tenant/kawanishi/SpMinuteSearch.html	kaigiroku.net	enabled				91ae130be9078a796df0d7e50626f5cb7b75a0eb9810eb629a78ce2304070410
28218	http://www.kensakusystem.jp/ono-c/index.html	kensakusystem	enabled			2026-08-02	31c4a6cc4b73a51c18b1a4ae499809fb0874906a42ec12f551427cd10bb16174
28219	https://ssp.kaigiroku.net/tenant/sanda/MinuteSearch.html	kaigiroku.net	enabled				3d866eeaf65c60be8f8f11f94da827256d68e2ba7d0c6681b672b7cc16352c5c
28220	https://ssp.kaigiroku.net/tenant/kasai/SpMinuteSearch.html	kaigiroku.net	enabled				3016a3472e348279bb6d9578e71080daa0d7237b07970d2c419a3da756c21156
28221	https://kensaku.sasayama.jp/index.html	独自	enabled			2026-08-02	0d8090d461fb3d07bf6f17d20e34e9df020f040be3c8cff58327484cda7a15d8
28222	https://www.city.yabu.hyogo.dbsr.jp/index.php/	dbsr	enabled				d689b0307aefe1ca84d4bd503f21d1e5220ff0aebab59cf44d0b22cf692cec70
28223	http://www.kensakusystem.jp/tamba/index.html	kensakusystem	enabled			2026-08-02	4e3402ae615c7e9830cfef7d97b4eb168f90260930dff574b6c9b096b96176b6
28224	https://www.city.minamiawaji.hyogo.jp/site/gikai/kaigiroku.html	独自	enabled			2026-08-02	2832e8f8b900db2a19efa565ce7026f93e1f740df7616166453f0b54234046ad
28225	https://www.voicetechno.net/MinutesSystem/Asago/	voicetechno	enabled			2026-08-02	e17fb1d4dc26192c8671365a20487b319451a081ab941ff10ab68651c39831e6
28226	http://www.kensakusystem.jp/awaji/index.html	kensakusystem	enabled			2026-08-02	d5c0b32b098560695c50ed463530945b4da7d5c25a62d9394d26b32df1fbff71
28227	http://www.kensakusystem.jp/shiso/index.html	kensakusystem	enabled			2026-08-02	4547b8fb975e4ac70b7b0ed32c71528c8f24bd69a973a4d682667c4bd8b51983
28228	https://ssp.kaigiroku.net/tenant/kato/MinuteSearch.html	kaigiroku.net	enabled				8edb8b85c1872f550e53d80f453008ab7c314083b3f04f84e73d7af6d2aa8592
28229	http://www.kensakusystem.jp/tatsuno/index.html	kensakusystem	enabled			2026-08-02	2de2c1804e214273a02900bdbaac1f2bc5cbed3e897023dd276a392401653627
28301	http://www.kensakusystem.jp/inagawa/index.html	kensakusystem	enabled			2026-08-02	e52a39e35a603f7d0040c253caf9eee2d30879872992fa2b6b6a801e35a335e1
28365	https://ssp.kaigiroku.net/tenant/taka/MinuteSearch.html	kaigiroku.net	enabled				9371c6eed3e1fd57c83dbf317a7d99e1d3afc2fea8043b063228e327aaf538ec
28381	http://www.kensakusystem.jp/inami/index.html	kensakusystem	enabled			2026-08-02	d0347af6962c9511004f485ebc2e3c00ca99f189d53008504acaad0afd85ef5c
28382	http://www.kensakusystem.jp/harima/index.html	kensakusystem	enabled			2026-08-02	3f1de2d5787bf39deb2c05d25abdb5613e702ad939fd5020b81ec5d52b86ca9a
28442	http://www.kensakusystem.jp/ichikawa/index.html	kensakusystem	enabled			2026-08-02	cfa4d61b090c73223a1df2adaabc49f4fb4c49fe320d20b97a85251aa60b3e9b
28443	https://www.town.fukusaki.hyogo.jp/0000000984.html	独自	enabled			2026-08-02	07d2edf3409d426f6f1df27268e5dfd67d36cb0e8a209cb0a05e7f01ca42123d
28446	https://www.town.kamikawa.hyogo.jp/0000003627.html	独自	enabled			2026-08-02	f989ed03df821080eac64481634dfba87428db5aa9d053d75da8beb4748a27ca
28464	https://www.town.hyogo-taishi.lg.jp/soshikikarasagasu/taishityougikai/honkaiginnokaigiroku/7320.html	独自	enabled			2026-08-02	4a351d2ad56262557014b317ebf8594e47741f9ca3848d2a6df1798e8d368b30
28481	http://www.kensakusystem.jp/kamigori/index.html	kensakusystem	enabled			2026-08-02	e904849976a4484ac42ac44449439dfd3d6be381ea735007af8db53d77b30a7b
28501	http://www.town.sayo.lg.jp/cms-sypher/www/gov/result.jsp?life_genre=157	独自	enabled			2026-08-02	5abeb8fbb1aa894ba84d8b953404ea32c80287b43052340ce3f2dee62f8de83a
28585	https://www.town.kami.hyogo.dbsr.jp/index.php/	dbsr	enabled				f276c0c44cdc00be1215b1b94a21ef3c544fc05e22bbbe247bfc367d35528555
28586	https://www.town.shinonsen.hyogo.jp/p/list/C2608/	独自	enabled			2026-08-02	a1d3d3c1b0293fca53da19300c2fa780c67c146ae5ed26915002ab7a2f1e4cfd
29000	https://ssp.kaigiroku.net/tenant/prefnara/SpMinuteSearch.html	kaigiroku.net	enabled				f88e14966379aff51d08065df1b3baf6e2046ec3823759875869b4e3a1bfa6c7
29201	https://ssp.kaigiroku.net/tenant/narashi/SpMinuteSearch.html	kaigiroku.net	enabled				9bd96b227d12a19ebd7744b5d61d5edb850cb9ee20c093d2b0d1f2418b331ffb
29202	http://www.city.yamatotakada.nara.dbsr.jp/index.php/	dbsr	enabled				931b24f9a383a12771ec1ebac0d0f7a5c97886c93e37132b8046155ba22f8719
29203	https://ssp.kaigiroku.net/tenant/yamatokoriyama/SpMinuteSearch.html	kaigiroku.net	enabled				41bda160fe5228860f740e9f0ce35457d3607b35887974567317c5d0b6484e97
29204	https://ssp.kaigiroku.net/tenant/tenri/SpTop.html	kaigiroku.net	enabled				168dd8c7d0fddfa1981e2a0ad9a763e2d4c72cafa4de0eb9a9d13b13ec4742d0
29205	https://www.city.kashihara.nara.dbsr.jp/index.php/	dbsr	enabled				86ab624a384565af14a7de1d4d0809d480065a298d553a08f8925357e28c360a
29206	https://www.city.sakurai.nara.dbsr.jp/index.php/	dbsr	enabled				b2a1043e00a3f4098de0bc6e7869aa8569d187f158372b19387ad4605a0276f4
29207	https://www.city.gojo.lg.jp/shigikai/teirei_rinji/H24_02rinzi/4907.html	独自	enabled			2026-08-02	5788236cfd1e68844c6fe1e368dbb4096492a5aef56eab2f3e79cb36c686fe8c
29208	https://ssp.kaigiroku.net/tenant/gose/SpMinuteSearch.html	kaigiroku.net	enabled				2ea2dfee3a86ba244282923f923d4e6176b88429e5f65827338eab2bf4f91d5e
29209	http://www.city.ikoma.nara.dbsr.jp/index.php/	dbsr	enabled				5fe3ab0d0b699cfd2ad73682bf34217c7f6eb9ca8dbe3ab149139ef6e300fdb7
29210	https://ssp.kaigiroku.net/tenant/kashiba/MinuteSearch.html	kaigiroku.net	enabled				4f37415ce4b179f49da8fe63baa7916f15a34b5cd71b53a3844b8e86a0d910ed
29211	http://www.city.katsuragi.nara.dbsr.jp/index.php/	dbsr	enabled				5eca7685ded7c901be65d595b1c5f021049098a4a0f6ee7b722c7f45617e7368
29212	http://www.kensakusystem.jp/uda/index.html	kensakusystem	enabled			2026-08-02	204478b7cbaf6d69cc05c6cd08d4d16181e9fb298e1f41f61fe19e318d4fd0f9
29322			unresolved	source_url_unresolved	会議録の代表URLを未特定	2026-08-02	f4e7b529b2f42d53c257bc2782b0eb5f954301ab8fd137382d26585cfc739c60
29342	https://www.town.heguri.nara.jp/site/gikai/list47.html	独自	enabled			2026-08-02	204e985e8a75820624430fadd742ba67f189c1542cf0c637fc7b139960ccd3b5
29343	https://www.town.sango.nara.jp/site/kaigi-gijiroku/	独自	enabled			2026-08-02	eb703e2a1710217b69a5be9a3ee8afc5b6a1b36a99077be1dccbf68f35bc66f2
29344	https://www.town.ikaruga.nara.jp/0000000402.html	独自	enabled			2026-08-02	960faca7acc2f0c119838bbc939a1e4b8de9d3751da95ab4f07f706ad17f3795
29345	https://www.town.ando.nara.jp/category/10-6-3-0-0-0-0-0-0-0.html	独自	enabled			2026-08-02	9c711abd08a15b45839dfd9aef3b5bb44ed8d3249cce0669caa1a3f051f7e9ab
29361	https://www.town.nara-kawanishi.lg.jp/0000008099.html	独自	enabled			2026-08-02	25a8471cf21ddc11525be966d1a72f4b9967f6e4e2a02ef505a58b5a471f7241
29362	https://www.town.miyake.lg.jp/site/gikai/list15.html	独自	enabled			2026-08-02	67d25ba74681328b442b558ecdf7f0147fa9f8f25453892b88248741d7bfe079
29363	https://ssp.kaigiroku.net/tenant/tawaramoto/SpMinuteSearch.html	kaigiroku.net	enabled				5634df0e2310e8ebbf18903f6b30106e7059f39201b2599a22d09bcf53c79efb
29385			unresolved	source_url_unresolved	会議録の代表URLを未特定	2026-08-02	f4e7b529b2f42d53c257bc2782b0eb5f954301ab8fd137382d26585cfc739c60
29386			unresolved	source_url_unresolved	会議録の代表URLを未特定	2026-08-02	f4e7b529b2f42d53c257bc2782b0eb5f954301ab8fd137382d26585cfc739c60
29401	https://www.town.takatori.nara.jp/soshiki_view.php?so_cd1=2&so_cd2=2&so_cd3=0&so_cd4=0&so_cd5=0&bn_cd=12	独自	enabled			2026-08-02	52a837b9e1d1121b9609c330fbbc31d4183403c58cb3276e8840319bcf3eac35
29402	https://www.asukamura.jp/gyosei_gikai_kaigiroku.html	独自	enabled			2026-08-02	aab546758bcd74910704b2adaf927e9dba0cb7e3d665c7ebbeb3c4a621b7409a
29424	https://www.town.kanmaki.nara.jp/soshiki/gikaijimu/gyomu/gikai/about_gikai/353.html	独自	enabled			2026-08-02	8b553a271086f8f3a0786b11cb703db6bc8df0e99cdc92d8dcd5d26b8652e3ec
29425	https://ssp.kaigiroku.net/tenant/oji/SpMinuteSearch.html	kaigiroku.net	enabled				da7151c1524c4440844ea3da8b63c36c47c01e1791e7da349f6ad15899ac368a
29426	http://www.kensakusystem.jp/koryo/index.html	kensakusystem	enabled			2026-08-02	31639c16174f4ba323f772a902a4ca8d61f32ceea6e65fe1b0f8901db1c5e98d
29427	https://www.town.kawai.nara.jp/10/1_1/index.html	独自	enabled			2026-08-02	86cc214cef0245bf53ec796c66aa16047a3b36c3109164a516af2ef2227e5838
29441	https://www.town.yoshino.nara.jp/gikai/kaigiroku/1870.html	独自	enabled			2026-08-02	abecb8a8a32863ec69996c0523bb29390e71ce34933876f2c779675cda98a2ed
29442			unresolved	source_url_unresolved	会議録の代表URLを未特定	2026-08-02	f4e7b529b2f42d53c257bc2782b0eb5f954301ab8fd137382d26585cfc739c60
29443			unresolved	source_url_unresolved	会議録の代表URLを未特定	2026-08-02	f4e7b529b2f42d53c257bc2782b0eb5f954301ab8fd137382d26585cfc739c60
29444			unresolved	source_url_unresolved	会議録の代表URLを未特定	2026-08-02	f4e7b529b2f42d53c257bc2782b0eb5f954301ab8fd137382d26585cfc739c60
29446			unresolved	source_url_unresolved	会議録の代表URLを未特定	2026-08-02	f4e7b529b2f42d53c257bc2782b0eb5f954301ab8fd137382d26585cfc739c60
29447			unresolved	source_url_unresolved	会議録の代表URLを未特定	2026-08-02	f4e7b529b2f42d53c257bc2782b0eb5f954301ab8fd137382d26585cfc739c60
29449			unresolved	source_url_unresolved	会議録の代表URLを未特定	2026-08-02	f4e7b529b2f42d53c257bc2782b0eb5f954301ab8fd137382d26585cfc739c60
29450			unresolved	source_url_unresolved	会議録の代表URLを未特定	2026-08-02	f4e7b529b2f42d53c257bc2782b0eb5f954301ab8fd137382d26585cfc739c60
29451			unresolved	source_url_unresolved	会議録の代表URLを未特定	2026-08-02	f4e7b529b2f42d53c257bc2782b0eb5f954301ab8fd137382d26585cfc739c60
29452			unresolved	source_url_unresolved	会議録の代表URLを未特定	2026-08-02	f4e7b529b2f42d53c257bc2782b0eb5f954301ab8fd137382d26585cfc739c60
29453			unresolved	source_url_unresolved	会議録の代表URLを未特定	2026-08-02	f4e7b529b2f42d53c257bc2782b0eb5f954301ab8fd137382d26585cfc739c60
30000	https://www.pref.wakayama.lg.jp/gijiroku2/test.html	独自	enabled			2026-08-02	c923ca4e11f6386d0cc7f9d525380ac97225801ee1ca33b37072b44f2e409c77
30201	https://ssp.kaigiroku.net/tenant/wakayama/SpMinuteSearch.html	kaigiroku.net	enabled				a86552ca2deddd5e67d56979761b458ae811a8ec43f21e9cffd80ac09f87509f
30202	https://ssp.kaigiroku.net/tenant/kainan/SpMinuteSearch.html	kaigiroku.net	enabled				f6ae83486b0e97840ab99e63d61442ddb9db96dba8dbacccf1d77fe6d68268e6
30203	https://www.city.hashimoto.lg.jp/shigikai/kaigiannai/kaigiroku/index.html?	独自	enabled			2026-08-02	c890308e1845646329bc7c419738536c2af35921aef7369fef07452d3ab9dc41
30204	https://www.city.arida.lg.jp/shigikai/honkaigiroku/1005180/index.html	独自	enabled			2026-08-02	075478365d66e9412100f31fe77a1b89a778b5639dec7b0af3d9a98171f991be
30205	https://ssp.kaigiroku.net/tenant/gobo/SpMinuteSearch.html	kaigiroku.net	enabled				691d601befcb0b134290d591c0d2261cb2a3e47641a168d06d98ac576dbe4775
30206	http://www.kensakusystem.jp/tanabe/index.html	kensakusystem	enabled			2026-08-02	9413942afc9c8b1d22403325c0c2cd98c6552b18904d140ecfab83b609c2781d
30207	https://ssp.kaigiroku.net/tenant/shingu/SpMinuteSearch.html	kaigiroku.net	enabled				f99660d0b758275a8e08cfd8caf83494f8c35a50a716692b39afd256ed11185e
30208	https://www.kensakusystem.jp/kinokawa/index.html	kensakusystem	enabled			2026-08-02	7a87812c1141f49f8a102c11b60acb56f18c39d82517927d67c7de4177cdfaae
30209	https://www.city.iwade.lg.jp/site/gikai/1112.html	独自	enabled				8b190f3b748cb4df5602f8a3a5d872801d0ae869fe602915c79854f3d88bef3e
30304	http://www.kensakusystem.jp/kimino/index.html	kensakusystem	enabled			2026-08-02	8104d994dd8b46483223b0dae2f86de98f7685811dddef28178fcbbba23c00c2
30341	https://www.kensakusystem.jp/katsuragi/index.html	kensakusystem	enabled			2026-08-02	6cec2fbbd92d79578974282c53b1efa715e57d0de1c79501851975fc2c875843
30343			unresolved	source_url_unresolved	会議録の代表URLを未特定	2026-08-02	f4e7b529b2f42d53c257bc2782b0eb5f954301ab8fd137382d26585cfc739c60
30344	http://www.kensakusystem.jp/koya/index.html	kensakusystem	enabled			2026-08-02	e0cd49cfcca418019936efd883e1c33c324a4e42dedbfe236886fe641b376219
30361			unresolved	source_url_unresolved	会議録の代表URLを未特定	2026-08-02	f4e7b529b2f42d53c257bc2782b0eb5f954301ab8fd137382d26585cfc739c60
30362			unresolved	source_url_unresolved	会議録の代表URLを未特定	2026-08-02	f4e7b529b2f42d53c257bc2782b0eb5f954301ab8fd137382d26585cfc739c60
30366			unresolved	source_url_unresolved	会議録の代表URLを未特定	2026-08-02	f4e7b529b2f42d53c257bc2782b0eb5f954301ab8fd137382d26585cfc739c60
30381	http://www.town.mihama.wakayama.jp/bunya/gikai_kaigiroku/	独自	enabled			2026-08-02	25bae0e466f03c2e5ab26bf463bf9305989fc09e54835eb325e0ab6c8ae6e0f1
30382	http://www.town.wakayama-hidaka.lg.jp/docs/2014090500379/	独自	enabled			2026-08-02	4992fd1d39b8e41db93c9be79e88ea4003ab5685d60e318006c308fb1ff6d3b0
30383			unresolved	source_url_unresolved	会議録の代表URLを未特定	2026-08-02	f4e7b529b2f42d53c257bc2782b0eb5f954301ab8fd137382d26585cfc739c60
30390	https://ssp.kaigiroku.net/tenant/inami/SpMinuteSearch.html	kaigiroku.net	enabled				db07c4c8251462c8cc10ab81b95c49b583e21f8fc87bc54de901bfbbd739e6c6
30391			unresolved	source_url_unresolved	会議録の代表URLを未特定	2026-08-02	f4e7b529b2f42d53c257bc2782b0eb5f954301ab8fd137382d26585cfc739c60
30392	https://www.town.hidakagawa.lg.jp/gikai/boutyou.html	独自	enabled			2026-08-02	ac86eb83b14337d3cae756315c5200aec8afa5bf752014bb1fb8ece9392959e1
30401	https://www.town.shirahama.wakayama.jp/soshiki/gikai/gyomu/kaigiroku/saishinnokaigiroku/index.html	独自	enabled			2026-08-02	d16738966e2d11ed57d8e5f278ce465652b36d6c0dcd2271a75f800b1c2762fd
30404	https://www.town.kamitonda.lg.jp/chosei/gikai/kaigiroku/4548.html	独自	enabled			2026-08-02	3276f33209c546d07701ff274b645d1430b80c2801840fa06fade02b84da9afd
30406			unresolved	source_url_unresolved	会議録の代表URLを未特定	2026-08-02	f4e7b529b2f42d53c257bc2782b0eb5f954301ab8fd137382d26585cfc739c60
30421	https://www.town.nachikatsuura.wakayama.jp/info/1694	独自	enabled			2026-08-02	de06a5d19b0c41ad4763cf69702deaafff7f9bc1b3378ff2d18d22518c518f7c
30422	https://www.town.taiji.wakayama.jp/gikai/kaigiroku.html	独自	enabled			2026-08-02	641311c664bdade23d22a5f434bdd9644a8af5abbe2d7ac5ec21aad346f002dd
30424			unresolved	source_url_unresolved	会議録の代表URLを未特定	2026-08-02	f4e7b529b2f42d53c257bc2782b0eb5f954301ab8fd137382d26585cfc739c60
30427			unresolved	source_url_unresolved	会議録の代表URLを未特定	2026-08-02	f4e7b529b2f42d53c257bc2782b0eb5f954301ab8fd137382d26585cfc739c60
30428	https://www.town.kushimoto.wakayama.jp/gikai/kaigiroku_search.html	独自	enabled			2026-08-02	4c2dcb59b2460fc94c3961453fa44a6d47cb7465cb857c0bab4ae1d96f958999
31000	https://www.pref.tottori.dbsr.jp/	dbsr	enabled				94eb0d95d48e63d3087ae8b55ba1dd303db7dde2630e25bcf9649663cfbce83d
31201	https://www.city.tottori.tottori.dbsr.jp/index.php/	dbsr	enabled				09205e54142e97232e822c41894c55122a6b6029acd297544efe6a190e352639
31202	https://www.kensakusystem.jp/yonago-s/index.html	kensakusystem	enabled			2026-08-02	7b929749e600aeac15aaa2faa7f140dd949da491defdf454934be1626bdb87d0
31203	https://www.kensakusystem.jp/kurayoshi/index.html	kensakusystem	enabled			2026-08-02	eced4a60081be440bf7eef705594bb31fc4d58b57d16d1f9bd419ac494825e66
31204	http://www.kensakusystem.jp/sakaiminato/index.html	kensakusystem	enabled			2026-08-02	5aa11d2c8205a985f0732eb3df8ea68da6034df5d69d6c5c473afd4e7dfb4db5
31302	https://ssp.kaigiroku.net/tenant/iwami/MinuteSearch.html	kaigiroku.net	enabled				7a9eff3b5cf9937a2c97ee409266127ac3437ae3b61e1635df759dd7c66dbb04
31325	https://www.town.wakasa.tottori.jp/soshikikarasagasu/gikaijimukyoku/1/1/524.html	独自	enabled			2026-08-02	6eefed600366141c6696e35966575955a18b4a0079fad806533c4f757100cc9c
31328			unresolved	source_url_unresolved	会議録の代表URLを未特定	2026-08-02	f4e7b529b2f42d53c257bc2782b0eb5f954301ab8fd137382d26585cfc739c60
31329	https://www.kensakusystem.jp/yazu-s/index.html	kensakusystem	enabled			2026-08-02	848bd4d6dbb230fe39395c63a1f334ec773c383d9c8dd676d71040c76f8babc4
31364	https://www.town.misasa.tottori.jp/315/319/333/442/2047/	独自	enabled			2026-08-02	1f2c3204d3c7db008cf419a43db5eb73f58b1a932db6dd97129f7e0e72d5fc0a
31370	http://www.kensakusystem.jp/yurihama/index.html	kensakusystem	enabled			2026-08-02	0061477b944659e53e5b3272baaa3034f9e966796aaea7df35849f24b8218c62
31371	http://www.kensakusystem.jp/kotoura/index.html	kensakusystem	enabled			2026-08-02	036b4dbbbd7fe7cf1a3627cf407ad935dedf3874b6a48d381ec4af1fa309158c
31372	http://www.kensakusystem.jp/hokuei/index.html	kensakusystem	enabled			2026-08-02	150baaee184b0553724c288412d34a1efe94b97d464e7eeead614b7dfa2c1187
31384	https://www.hiezu.jp/clc/y59vcnkh	独自	enabled				4457270e3b7f04476ce51b6898b009a46868b6f00c6beffc6783e97a0f79fbee
31386	https://www.daisen.jp/gikai/9/	独自	enabled				4303f26bbb30fd08b5f3782fe2fbfc657e5ff2c4fcdc7a6f572b30789faaf5ad
31389	https://www.town.nanbu.tottori.jp/admin/gikai/kaigiroku/n952/	独自	enabled			2026-08-02	ab7b204eaa1c2e0c495d6b086eda1e7cd8e811d2c329f05cd53b496f08e3cf4f
31390	http://www.kensakusystem.jp/houki/index.html	kensakusystem	enabled			2026-08-02	fdb7465d0de22b06cbef928b0a3cbf5c425cc6ee70ec5b9409f17625c2ae56ad
31401			unresolved	source_url_unresolved	会議録の代表URLを未特定	2026-08-02	f4e7b529b2f42d53c257bc2782b0eb5f954301ab8fd137382d26585cfc739c60
31402	https://www.town.hino.tottori.jp/1660.htm	独自	enabled			2026-08-02	79695ce6a4fbea5ce54de6f0acdcd139d97b6489deedc373aecd903d560f7115
31403	https://www.town-kofu.jp/2/1/10/2/	独自	enabled			2026-08-02	44f1b1e66eb93976db0bf4ac550d7b4b5a14cc4765add840643abe4946c6d450
32000	https://www.pref.shimane.dbsr.jp/index.php/	dbsr	enabled				02b708ab251a12d0f30a096fc00e6d5d19893692614d9915fed653d5fec22db5
32201	https://ssp.kaigiroku.net/tenant/matsue/MinuteSearch.html	kaigiroku.net	enabled				5f31926914ff05c5c3bd8c125a5b2d848c29bc54678a54ea367deb7f18b96160
32202	https://ssp.kaigiroku.net/tenant/hamada/MinuteSearch.html	kaigiroku.net	enabled				190eddb0864595210165b8f5fd523862c9b5a8c2dad73fb6c1247fa52c0bf99d
32203	http://www.kensakusystem.jp/izumo-c/index.html	kensakusystem	enabled			2026-08-02	ffc6a0f3993ae10e1d87cdd68371b19c127a4bf507fcd5d1dad30e64c187cf3e
32204	https://ssp.kaigiroku.net/tenant/masuda/MinuteSearch.html	kaigiroku.net	enabled				edf81e7510e8193abed37ef9d7c7860cce83311c2dbda009be4c323a5bb5f096
32205	http://www.kensakusystem.jp/ohda/index.html	kensakusystem	enabled			2026-08-02	43c629e0840055029541580a63e46e80fcd254b5bb0965ec79e16572bd7b8aad
32206	https://ssp.kaigiroku.net/tenant/yasugi/MinuteSearch.html	kaigiroku.net	enabled				537dbb41cd7ae53117002239252239e71b99967af29eb5623da55d4594fe6951
32207	https://ssp.kaigiroku.net/tenant/gotsu/MinuteSearch.html	kaigiroku.net	enabled				c74d79e7f1c84875f9710d6adf21906bc1da651f7edaa29795b569f79278ee17
32209	http://www.kensakusystem.jp/unnan/index.html	kensakusystem	enabled			2026-08-02	3ea388432ac9c742bb7c4a452debff52b7af5486a476199d728d06f7c592c0d4
32343	http://www.kensakusystem.jp/okuizumo/index.html	kensakusystem	enabled			2026-08-02	3eab14fb2815309e3243c6bb4c66c60485ebec10ed552eeb2c4a40675b897b45
32386	https://www.iinan.jp/site/gikai/list68.html	独自	enabled			2026-08-02	98a3caf0c0e7a3445000e9cb9c0fde4c9cea0b90bbc1dd1fbf6f09bedb96dddf
32441			unresolved	source_url_unresolved	会議録の代表URLを未特定	2026-08-02	f4e7b529b2f42d53c257bc2782b0eb5f954301ab8fd137382d26585cfc739c60
32448			unresolved	source_url_unresolved	会議録の代表URLを未特定	2026-08-02	f4e7b529b2f42d53c257bc2782b0eb5f954301ab8fd137382d26585cfc739c60
32449	https://www.town.ohnan.lg.jp/site/gikai/list11-61.html	独自	enabled				27b440e9b96b4082aa35342c06fba75a6d6552aa2ee5b16517ff5facf4664615
32501	https://www.town.tsuwano.lg.jp/www/contents/1707956534539/index.html	独自	enabled			2026-08-02	ea75d8a5ce1c9ab1a0ee3615a85ee6d1f4db8c10c7626f232fcdabe4e277b4dd
32505	https://www.town.yoshika.lg.jp/about/gikaisenkyo/gikai/gijiroku.html	独自	enabled			2026-08-02	38b07d47ec2414ebcb5e730df23258d0a5a9e3ae2ea51bbcfda39bb40aab1e99
32525			unresolved	source_url_unresolved	会議録の代表URLを未特定	2026-08-02	f4e7b529b2f42d53c257bc2782b0eb5f954301ab8fd137382d26585cfc739c60
32526			unresolved	source_url_unresolved	会議録の代表URLを未特定	2026-08-02	f4e7b529b2f42d53c257bc2782b0eb5f954301ab8fd137382d26585cfc739c60
32527			unresolved	source_url_unresolved	会議録の代表URLを未特定	2026-08-02	f4e7b529b2f42d53c257bc2782b0eb5f954301ab8fd137382d26585cfc739c60
32528			unresolved	source_url_unresolved	会議録の代表URLを未特定	2026-08-02	f4e7b529b2f42d53c257bc2782b0eb5f954301ab8fd137382d26585cfc739c60
33000	https://ssp.kaigiroku.net/tenant/prefokayama/MinuteSearch.html	kaigiroku.net	enabled				2012905cfc3c2a1816379daa02aab17a95f2c8e0dccdd3247f9b20ff33dd04da
33100	https://ssp.kaigiroku.net/tenant/okayama/MinuteSearch.html	kaigiroku.net	enabled				701bfb00420d90f80cad1532fbbc90c3b1e76935dd1d4ec11ffcbc9e9d702b2d
33202	https://ssp.kaigiroku.net/tenant/kurashiki/MinuteSearch.html	kaigiroku.net	enabled				b56de1afed52031bbe0e5e0b57160fae8b3a9395005e2c74293506c2d9505a31
33203	https://ssp.kaigiroku.net/tenant/tsuyama/MinuteSearch.html	kaigiroku.net	enabled				7e1c5559aaba1918849a1c5211ff8e90ae030ef81074a86173646d7d81496c7f
33204	https://ssp.kaigiroku.net/tenant/tamano/MinuteSearch.html	kaigiroku.net	enabled				f05ce1ccf68fa8d41788d2353e237611fb4e206b444973f649e8511fd99d4209
33205	https://ssp.kaigiroku.net/tenant/kasaoka/MinuteSearch.html	kaigiroku.net	enabled				2e9478214b659a39928b291fb17b3e79e0864080b14108e9a76fcccfdc0d1911
33207	https://ssp.kaigiroku.net/tenant/ibara/MinuteSearch.html	kaigiroku.net	enabled				f274a392a818bc5ac6a36be1625916ed4fe3e2c0d179475fc373494f19e291af
33208	https://ssp.kaigiroku.net/tenant/soja/MinuteSearch.html	kaigiroku.net	enabled				645ebe59367e7868a168108b61937b6dcd1a522158337d70f473b9eeb99a92c7
33209	https://ssp.kaigiroku.net/tenant/takahashi/MinuteSearch.html	kaigiroku.net	enabled				35ef5368924d295d6f10a16a1951912b599e36e5ac7266a449fca92105dc7f26
33210	http://www.city.niimi.okayama.dbsr.jp/index.php/	dbsr	enabled				e461c0b5f50bcf12c67e5c8b8bf04b1cae050a11d939bc6aac780e5397dbf1d6
33211	https://ssp.kaigiroku.net/tenant/bizen/MinuteSearch.html	kaigiroku.net	enabled				e1a745936e56bcb080aca34a944cf4e8d352077ea72ea6372ae942467e77391e
33212	https://ssp.kaigiroku.net/tenant/setouchi/MinuteSearch.html	kaigiroku.net	enabled				f7aaac1f42e4c7b91a5fd0f33a96413976eb168fd554f2511b366c6fdacb1161
33213	https://ssp.kaigiroku.net/tenant/akaiwa/MinuteSearch.html	kaigiroku.net	enabled				ca56a8f522c32055bde5710231e4b488fde9bb68e8a423ae4bd7201a7fd08148
33214	https://ssp.kaigiroku.net/tenant/maniwa/MinuteSearch.html	kaigiroku.net	enabled				3a00b1fce7fc2699a691f5fe2549f22ec26e547a092b20df1ec05e888d25f0fd
33215	https://ssp.kaigiroku.net/tenant/mimasaka/pg/index.html	kaigiroku.net	enabled				d0b9cf6a5715e3467656aa09486523840fb62705fde8cdecf7501de8d22416e6
33216	https://ssp.kaigiroku.net/tenant/asakuchi/MinuteSearch.html	kaigiroku.net	enabled				3865d7b09509c218fd9ae19abdee55b505f03f7a9518d43b322d68868c34ebf9
33346	https://www.town.wake.lg.jp/gyoseijoho/wakichogikai/1121.html	独自	enabled			2026-08-02	9c1c5253724a9bed523722a1520cd71f0c383ce8a500bd8eb0b7242c1ff94fbb
33423	https://ssp.kaigiroku.net/tenant/hayashima/MinuteSearch.html	kaigiroku.net	enabled				be54ee91765f47466660526fbcc79615b8880ce7abb7541811fdae67d3880f86
33445	https://ssp.kaigiroku.net/tenant/satosho/MinuteSearch.html	kaigiroku.net	enabled				7f4b4cc166a1b5d5e967b85570fc0bebc6f0b3900483d1a0de411a62f5d21d52
33461	http://www.town.yakage.okayama.jp/gikaikaigiroku.html	独自	enabled			2026-08-02	77621bb85861e42a6cba316ec4e1a02990a216d7cc7f77580ce6b452ff6251a1
33586			unresolved	source_url_unresolved	会議録の代表URLを未特定	2026-08-02	f4e7b529b2f42d53c257bc2782b0eb5f954301ab8fd137382d26585cfc739c60
33606	https://ssp.kaigiroku.net/tenant/kagamino/MinuteSearch.html	kaigiroku.net	enabled				af96a3cfb4fab38bca7fd53690520ad438c463f1238dc335a28d2a4c03494331
33622			unresolved	source_url_unresolved	会議録の代表URLを未特定	2026-08-02	f4e7b529b2f42d53c257bc2782b0eb5f954301ab8fd137382d26585cfc739c60
33623			unresolved	source_url_unresolved	会議録の代表URLを未特定	2026-08-02	f4e7b529b2f42d53c257bc2782b0eb5f954301ab8fd137382d26585cfc739c60
33643	https://www.vill.nishiawakura.okayama.jp/wp/%E8%BE%B2%E6%A5%AD%E5%A7%94%E5%93%A1%E4%BC%9A%E8%AD%B0%E4%BA%8B%E9%8C%B2-2/	独自	enabled			2026-08-02	6987efe3c515730b7f2fa6b7689cb41fe88537e35829ed6dc36aa82e3682782e
33663			unresolved	source_url_unresolved	会議録の代表URLを未特定	2026-08-02	f4e7b529b2f42d53c257bc2782b0eb5f954301ab8fd137382d26585cfc739c60
33666	https://ssp.kaigiroku.net/tenant/misaki/MinuteSearch.html	kaigiroku.net	enabled				7d9d0c024b2ae9bb5b412399e9c69ebb6f813b519a428c84edef3819e77b9d45
33681	https://www.town.kibichuo.lg.jp/site/gikai/list74-237.html	独自	enabled			2026-08-02	5942ce681d765d57617266f038b286db585a1510ce06dfe8299e38d725163623
34000	http://www.pref.hiroshima.dbsr.jp/index.php/	dbsr	enabled				221e4e185facae845cc2c18d75c5a9fd4bd2853c051815f2630aa9d3093ae262
34100	https://hiroshima.gijiroku.com/voices/index.asp	gijiroku.com	enabled			2026-08-02	5bf20cc7cd8f11406190d2c1a1a4b315509307c890a0e5a6eae515de12bfdfad
34202	https://ssp.kaigiroku.net/tenant/kure/MinuteSearch.html	kaigiroku.net	enabled				f3398efe978b284e27da17f5f90edc71036c42e73ce28b2a565c062d3ff0778e
34203	https://www.city.takehara.lg.jp/soshikikarasagasu/gikaijimukyoku/gyomuannai/1/1/2/7827.html	独自	enabled			2026-08-02	96ce79b28178dd14ce33e3548d6d22d726759c5c7bccf25d2b22e63ba4a0a34d
34204	https://ssp.kaigiroku.net/tenant/mihara/MinuteSearch.html	kaigiroku.net	enabled				de7102663a18e5b863217b2484a32d2df285360734f19c3f45fa5af478dd7d78
34205	https://ssp.kaigiroku.net/tenant/onomichi/MinuteSearch.html	kaigiroku.net	enabled				2e0345377ddcfa172706ce6a87d9cb876a00bc308d0413850c6ca1df3b2e474b
34207	https://ssp.kaigiroku.net/tenant/fukuyama/MinuteSearch.html	kaigiroku.net	enabled				1695409a303f8302918b52a1edb1b16ab8468ccf3c10e256a2540dccb482d056
34208	http://www.kensakusystem.jp/fuchu-c/index.html	kensakusystem	enabled			2026-08-02	c69b39583bdb99a0835679e0fabb59025f7d2a568df93a16aab5c5b46dfb37af
34209	https://www.city.miyoshi.hiroshima.jp/life/6/46/215/	独自	enabled			2026-08-02	8cb2f68152c40d16379cc9e73f134ff83c4c7b093b1b653fb2b0e2bc00233b6c
34210	https://ssp.kaigiroku.net/tenant/shobara/SpMinuteSearch.html	kaigiroku.net	enabled				74fdd21ce5bd3b00b102c6ba6726c0971bedde98329b36e41614f6d8e0cfa595
34211	https://www.kensakusystem.jp/otake/index.html	kensakusystem	enabled			2026-08-02	788cbfec242683f954722db09da157a9e7f3ae958088f9cd880c8ab910a92a77
34212	https://ssp.kaigiroku.net/tenant/higashihiroshima/MinuteSearch.html	kaigiroku.net	enabled				7c4746e1f70399ae911a046ef79c8aa772e6c14c64bcbcf2ec5809e78798f850
34213	http://www.city.hatsukaichi.hiroshima.dbsr.jp/index.php/	dbsr	enabled				939961fde817b0a9c2b6ab2497b99c46d35e11da30c9b7c38fa8714fd577d557
34214	https://www.kensakusystem.jp/akitakata/index.html	kensakusystem	enabled			2026-08-02	d3f1cc060188c34fa2334674653ad16d20ee97b0fef7b97621b4e524a75ca96d
34215	https://www.city.etajima.hiroshima.jp/cms/categories/articles/178	独自	enabled			2026-08-02	b1dacd415cb601af0dd54bf4e2f2f658bc838e509484a2ad1f3e5ad8592efb11
34302	https://www.town.fuchu.hiroshima.jp/site/assembly/list158.html	独自	enabled	robots_unreachable	https://www.town.fuchu.hiroshima.jp/robots.txt / HTTP 403	2026-08-02	2f8329b342764ad7e8271ff5fc843f5b77d2362f65e09a8252dcd0bf1ca2440d
34304	https://www.town.kaita.lg.jp/site/gikai/15804.html	独自	enabled	robots_unreachable	https://www.town.kaita.lg.jp/robots.txt / HTTP 403	2026-08-02	3d9faed2affb483839d8056051a2ea3f40bc2281f798c72e7e26acf37a01989c
34307	http://www.kensakusystem.jp/kumano-vod/index.html	kensakusystem	excluded	video_only	録画映像のみ公開で会議録本文なし（kensakusystem の -vod 版）	2026-08-02	7977baba92c2b921c0e8d33a28d4a04d58ba5c5f8b52f28d470be67154d22b97
34309	https://www.town.saka.lg.jp/2017/05/30/29/	独自	enabled			2026-08-02	fc16cfc407a47f326f7776e2fada6082c7b4f3fbe770ec45499262e01dea6228
34368	https://www.akiota.jp/site/gikai/list26.html	独自	enabled			2026-08-02	0708bbe17733ed5ba4e9d14e4bc2b8f60f6988e868f33935e14ab661c5023872
34369	https://www.town.kitahiroshima.lg.jp/site/gikai/list98.html	独自	enabled			2026-08-02	fa96e4eac8e87cbed0eb7fa5cc5b154cff43c46240e7fa4747bd7c413fc88dce
34431	https://www.town.osakikamijima.hiroshima.jp/soshiki/gikai/1/1/gikaikaigiroku/7787.html	独自	enabled			2026-08-02	06f7097e9a41020b211804a62bb3c85ad4a8fa0c9e55e36ad5425e3bc38e037a
34462	https://www.town.sera.hiroshima.jp/site/gikai/list79.html	独自	enabled			2026-08-02	714b74229b4ae0b6ac046cb3fd4ab96386d695622f8fd389b1388e0666a8c7bf
34545	https://ssp.kaigiroku.net/tenant/jinsekikougen/MinuteSearch.html	kaigiroku.net	enabled				f48386abc1db18ae79eab6f760199f8b99879ac071b592300500bcc637146f72
35000	https://ssp.kaigiroku.net/tenant/prefyamaguchi/MinuteSearch.html	kaigiroku.net	enabled				83d354e671de23828ee8486d807797c3ce3cc0f6fa80fa305e0455df96fc4857
35201	https://ssp.kaigiroku.net/tenant/shimonoseki/MinuteSearch.html	kaigiroku.net	enabled				542522d912dae3a739a33681673ebbfebd5da917aea8f51cd20b772627a9f746
35202	https://ssp.kaigiroku.net/tenant/ube/MinuteSearch.html	kaigiroku.net	enabled				ed26ff36711280a637aebe553400589abfaa2eab5ec433af2a2e2c90e4fd4381
35203	https://www.city.yamaguchi.yamaguchi.dbsr.jp/index.php/	dbsr	enabled				8f45a0331ba6f14bbf0752679ffa77fdbfa0f08bf5c1f0dcf47cda9e11617211
35204	https://ssp.kaigiroku.net/tenant/hagi/MinuteSearch.html	kaigiroku.net	enabled				bb014d21299a6bead5817b5a417c55a69e179599162e4c78218a511d868e6627
35206	https://ssp.kaigiroku.net/tenant/hofu/MinuteSearch.html	kaigiroku.net	enabled				e5681440e07bc251a8e9917d1bdea7dc7fb0ca9406caa42ab30721f26d1bfa2e
35207	https://ssp.kaigiroku.net/tenant/kudamatsu/MinuteSearch.html	kaigiroku.net	enabled				757ac0926b04a28d1bd04eef958157c398e19b89096e1a7c968b4d4c661c9ece
35208	https://ssp.kaigiroku.net/tenant/iwakuni/MinuteSearch.html	kaigiroku.net	enabled				8ec4c837c71bcc3eaa98040e6c023fb3bd4650772f733c62a914c062cb5d7b68
35210	https://www.city.hikari.yamaguchi.dbsr.jp/index.php/	dbsr	enabled				1bcdb2aecaa00effff7b88a67d25dbd7495c96d81a1c437280e9fddf7cd8f722
35211	https://ssp.kaigiroku.net/tenant/nagato/MinuteSearch.html	kaigiroku.net	enabled				1e8a699a465fcd64142a7a3f75ee8cafb870995904188ba6effb626385df831a
35212	https://ssp.kaigiroku.net/tenant/yanai/MinuteSearch.html	kaigiroku.net	enabled				7d7bded5f88db264291ddf1bddd013faf8bb3559503899a41d5bad56fddde65c
35213			unresolved	source_url_unresolved	会議録の代表URLを未特定	2026-08-02	f4e7b529b2f42d53c257bc2782b0eb5f954301ab8fd137382d26585cfc739c60
35215	https://ssp.kaigiroku.net/tenant/shunan/MinuteSearch.html	kaigiroku.net	enabled				21deadb82d630855449058c5c09a9094eaca5fd4bd7aa49adc22e7f0379252e7
35216	https://ssp.kaigiroku.net/tenant/sanyoonoda/MinuteSearch.html	kaigiroku.net	enabled				c71d5416c0a24f4e293bfe8339e53a93819cbbfb896b76c5817d35d19d68feb6
35305	https://www.town.suo-oshima.lg.jp/site/gikai/list18.html	独自	enabled			2026-08-02	0badffa969cae73f62746c6a94bae68b0a3841b9ef508f61bd2debe8764e742e
35321	https://www.town.waki.lg.jp/site/gikai/list11.html	独自	enabled	robots_unreachable	https://www.town.waki.lg.jp/robots.txt / HTTP 403	2026-08-02	4cf8403334176cf5133b97138dd65a4a8854d73bb262b5fd0db924ef045238ef
35341	https://www.town.kaminoseki.lg.jp/%E4%B8%8A%E9%96%A2%E7%94%BA%E8%AD%B0%E4%BC%9A%E3%80%80%E8%AD%B0%E4%BA%8B%E9%8C%B2.html	独自	enabled			2026-08-02	2938cd1e4709291b12b7215fbaefd224bebe795dbfa5bf7b7ba364d93de9886f
35343			unresolved	source_url_unresolved	会議録の代表URLを未特定	2026-08-02	f4e7b529b2f42d53c257bc2782b0eb5f954301ab8fd137382d26585cfc739c60
35344	https://www.town.hirao.lg.jp/soshiki/gikai/gikai/kaigiroku/3289.html	独自	enabled			2026-08-02	561cb98b7e542567e8cf9c5b9b30c039ab61048e787d147a919ede1270d72652
35502	https://www.town.abu.lg.jp/guide/giziroku2/	独自	enabled			2026-08-02	36653a3075bc2f469cc725d0de57c80950dcaf3dd30ed8d7b7bbfeabdb825ca1
36000	https://ssp.kaigiroku.net/tenant/tokushimapref/MinuteSearch.html	kaigiroku.net	enabled				c090351e48b6b8a281867472a99139940a986347ee80c5ac7c151ce178e671aa
36201	http://voices.city.tokushima.tokushima.jp/voices/index2.html	voices	enabled			2026-08-02	4e9cdb8558fd8618dd7397748ec21143218e9fa13400f88bfd906ca595f38487
36202	https://ssp.kaigiroku.net/tenant/naruto/MinuteSearch.html	kaigiroku.net	enabled				237530bfc7e6f04ad20e6a52ac3a4f6e95a1455fbf856ad90fb33794fe5f7ea7
36203	https://www.city.komatsushima.tokushima.dbsr.jp/index.php/	dbsr	enabled				05291a34f25bad5e0da0544e9c79e15a9baf545ff2b4fd2f33d084004aa47627
36204	https://ssp.kaigiroku.net/tenant/anan/MinuteSearch.html	kaigiroku.net	enabled				ec3fec72043b8be601b6914262a920bd360a9e9754f018a86fff66fb02e33f89
36205	http://www2.city.yoshinogawa.lg.jp/e_service/proceeding/index.asp	独自	enabled			2026-08-02	878cfc98d384b27707049b0061d36aed388a4444316fc132ca94415f1732a088
36206	https://www.city.awa.lg.jp/gikai/category/bunya/kaigiroku/	独自	enabled			2026-08-02	bd8dcf0945fc65e1261e6bf52c8affafe980070aeba3a564bcb335b677df722f
36207	https://www.city.mima.lg.jp/gyosei/docs/2558118.html	独自	enabled			2026-08-02	74020376b33caf49378a8162912fa196c5fea17d4f59505fab91792ca9d1230c
36208	https://ssp.kaigiroku.net/tenant/tmiyoshi/MinuteSearch.html	kaigiroku.net	enabled				01c20cd740b8787af8938e1a553b914def30af70f8db0a678e95baca49de1ba9
36301			unresolved	source_url_unresolved	会議録の代表URLを未特定	2026-08-02	f4e7b529b2f42d53c257bc2782b0eb5f954301ab8fd137382d26585cfc739c60
36302			unresolved	source_url_unresolved	会議録の代表URLを未特定	2026-08-02	f4e7b529b2f42d53c257bc2782b0eb5f954301ab8fd137382d26585cfc739c60
36321			unresolved	source_url_unresolved	会議録の代表URLを未特定	2026-08-02	f4e7b529b2f42d53c257bc2782b0eb5f954301ab8fd137382d26585cfc739c60
36341	https://ssp.kaigiroku.net/tenant/ishii/MinuteSearch.html	kaigiroku.net	enabled				a6996f8819da50bda3f1542f73814b14e8a8c8dc3c2d24421356b17b361e659d
36342	https://www.town.kamiyama.lg.jp/docs/2025120200039/	独自	enabled			2026-08-02	142ade423bdc7278b87445d4c0c857c7f356b9dbb730727c6860dbd6f9ae640c
36368	https://ssp.kaigiroku.net/tenant/naka/SpMinuteSearch.html	kaigiroku.net	enabled				7e1a534a61995e6295a2fea291eb45c254354e81919ca321e9cc86b0aaf1bf14
36383			unresolved	source_url_unresolved	会議録の代表URLを未特定	2026-08-02	f4e7b529b2f42d53c257bc2782b0eb5f954301ab8fd137382d26585cfc739c60
36387	https://www.town.minami.lg.jp/gikai/kaigiroku/	独自	enabled			2026-08-02	b490c6f323d2021a8168701b363bd493dc99617e010b737b854df2feff68df74
36388	https://www.town.kaiyo.lg.jp/gikai/kaigiroku/	独自	enabled			2026-08-02	a8c0a468c20420d50ca076ec8f9d9b17914838f7784c691be40288c76e59f0b8
36401	https://www.town.matsushige.tokushima.jp/docs/2015112600039/	独自	enabled			2026-08-02	c94960ef802218c441cd1470996b0d71417ccba69db0633480fa308729d6f94a
36402			unresolved	source_url_unresolved	会議録の代表URLを未特定	2026-08-02	f4e7b529b2f42d53c257bc2782b0eb5f954301ab8fd137382d26585cfc739c60
36403	https://www.town.aizumi.lg.jp/gikai/minutes/	独自	enabled			2026-08-02	e363f14009bb9c03bf9897ac4acc01d083b33f31008b713c55de8bcb2e0bccc4
36404	http://www.town.itano.tokushima.jp/bunya/gikai/	独自	enabled				0a9c18f5a9de8640114fc86aaa061ba95d540112f3ef68c7fc78e32d6a805a4a
36405			unresolved	source_url_unresolved	会議録の代表URLを未特定	2026-08-02	f4e7b529b2f42d53c257bc2782b0eb5f954301ab8fd137382d26585cfc739c60
36468			unresolved	source_url_unresolved	会議録の代表URLを未特定	2026-08-02	f4e7b529b2f42d53c257bc2782b0eb5f954301ab8fd137382d26585cfc739c60
36489	https://smart.discussvision.net/smart/tenant/higashimiyoshi/WebView/rd/council.html	discussvision	enabled			2026-08-02	62775542aa04da40d0e2cffaa94c5b1ef0342a8106eccb34cf6f158862064b4b
37000	https://www.pref.kagawa.dbsr.jp/index.php/	dbsr	enabled				14fbef761b2d620ed52f78418aa35b9c16622433b238ae7ae5dca0994cb1caaf
37201	https://ssp.kaigiroku.net/tenant/takamatsu/SpMinuteSearch.html	kaigiroku.net	enabled				b794ba0d4a07bf631efa31ade8f3266fa0289d1d851f60e5cac85a98d9fecc3e
37202	https://ssp.kaigiroku.net/tenant/marugame/MinuteSearch.html	kaigiroku.net	enabled				199bd231e165799d85e1c803145327830038b3e35472a9e061acdbf1475a72ea
37203	https://ssp.kaigiroku.net/tenant/sakaide/MinuteSearch.html	kaigiroku.net	enabled				a1fcd838b3fdc0e5cb64bcc22ad4221b2511910f65c27afcf16565918341b32a
37204	https://ssp.kaigiroku.net/tenant/zentsuji/MinuteSearch.html	kaigiroku.net	enabled				04b2ca2c7bfe5faf06d88073f576dd99d9580eae5377ce3bb618fee7e0fc8099
37205	https://ssp.kaigiroku.net/tenant/kanonji/MinuteSearch.html	kaigiroku.net	enabled				91ed6b41289139a57767789d5463f6f27fe8ac5ca54964420c7dbd9c2c220fe6
37206	https://www.city.sanuki.kagawa.dbsr.jp/index.php/	dbsr	enabled				ad980d2a972b60130c2928bb9c8cd3a97678bffd7d9bba0a5672b6605c2c4414
37207	https://www.city.higashikagawa.kagawa.dbsr.jp/index.php/	dbsr	enabled				6a16e667d45813b84012ee168011c4de29d97c9f1d95a5fa66044c691c422024
37208	https://www.city.mitoyo.kagawa.dbsr.jp/index.php/	dbsr	enabled				9784a393a66080e96bb425656011b8fac460df4c98736b7bc0140ca5a3dcb790
37322			unresolved	source_url_unresolved	会議録の代表URLを未特定	2026-08-02	f4e7b529b2f42d53c257bc2782b0eb5f954301ab8fd137382d26585cfc739c60
37324			unresolved	source_url_unresolved	会議録の代表URLを未特定	2026-08-02	f4e7b529b2f42d53c257bc2782b0eb5f954301ab8fd137382d26585cfc739c60
37341			unresolved	source_url_unresolved	会議録の代表URLを未特定	2026-08-02	f4e7b529b2f42d53c257bc2782b0eb5f954301ab8fd137382d26585cfc739c60
37364			unresolved	source_url_unresolved	会議録の代表URLを未特定	2026-08-02	f4e7b529b2f42d53c257bc2782b0eb5f954301ab8fd137382d26585cfc739c60
37386			unresolved	source_url_unresolved	会議録の代表URLを未特定	2026-08-02	f4e7b529b2f42d53c257bc2782b0eb5f954301ab8fd137382d26585cfc739c60
37387	https://www.town.ayagawa.lg.jp/docs/2025082600021/	独自	enabled			2026-08-02	a11ba59f91697026d2086507bf2b9be23edd5b8ec43302609b9795f058e788cd
37403	http://www.kensakusystem.jp/kotohira/index.html	kensakusystem	enabled			2026-08-02	e3c2d7f9c50b30bc9d4d7d67dd799720958a678d4de5ba6dbbc42868633799b9
37404	https://www.town.tadotsu.kagawa.jp/choseijoho/tadotsuchogikai/kaigiroku/3720.html	独自	enabled			2026-08-02	31255f954695d45e9ebae61b5620487ddbe52b100cf8a20e32e975132755fd83
37406	https://www.town.manno.lg.jp/site/gikai/7947.html	site-gikai-pdf	enabled			2026-08-02	20f8c67ed5718272f17a1943caabf723412deb5461db37a480b547fcbb8547ee
38000	https://www.kensakusystem.jp/ehime/index.html	kensakusystem	enabled			2026-08-02	8694f97da37e957ff5998d983dd7134ed085b78bd1ec62ead7843a40b20179cc
38201	https://ssp.kaigiroku.net/tenant/matsuyama/MinuteSearch.html	kaigiroku.net	enabled				684e0460b249038aa922d958eb5cbd63ce1fddf0773f20df7df1dd4d6598a1b3
38202	https://www.city.imabari.ehime.dbsr.jp/index.php/	dbsr	enabled				4a3505e4e0a2999c191677edf2ab75ad3c9d5a35979e17ac05511ad1738ecf91
38203	https://ssp.kaigiroku.net/tenant/uwajima/SpMinuteSearch.html	kaigiroku.net	enabled				4a37dac89ba76d79680d3cabd44d3dcfc8b597992c3f337e3c44f252a23fa504
38204	https://www.city.yawatahama.ehime.jp/gikai/2026032700013/	独自	enabled			2026-08-02	fd7ae24c393ef19a2fedb987becb023996f9ec91f497706908c9446f328623b8
38205	https://www.city.niihama.lg.jp/site/gikai/gikai-kaigiroku.html	site-gikai-pdf	enabled			2026-08-02	ec1fad1dddaff5cb4ef2c440c3dd2d73b74abb6cb208222660a243d09518afda
38206	https://ssp.kaigiroku.net/tenant/saijo/SpMinuteSearch.html	kaigiroku.net	enabled				98a6320bcd8fa0f34a2884ae226e64a114e442bac787267546466632ccf16781
38207	https://www.city.ozu.ehime.jp/kaigiroku/index.html	独自	enabled			2026-08-02	6f5bdff47363138c04a16d73f7f0f7051ea2a37460f0b1b42f2dbceb5d7a9fd9
38210	https://ssp.kaigiroku.net/tenant/iyo/MinuteSearch.html	kaigiroku.net	enabled				2318cd1f92fb3b38e05e61aa7e71d2bbb8612ab17d5a95000fb47a966067d9cd
38213	https://ssp.kaigiroku.net/tenant/shikokuchuo/pg/index.html	kaigiroku.net	enabled				aaa1d1db23d3f7f2cf02026a192296e0efc6f8ec5c2ebd08abf57c47cedd3c0c
38214	https://www.city.seiyo.ehime.jp/shisei/shigikai/kaigiroku/index.html	独自	enabled			2026-08-02	92f6ea0f6901f639774c0dc6b76a3f6d8de8a10409aa6402fe7baa4795ce93ab
38215	https://ssp.kaigiroku.net/tenant/toon/SpMinuteSearch.html	kaigiroku.net	enabled				5c9fafb1afda3130caeb4f25385084bdcc6d4d014aa8d7a7aba9a201310d996e
38356	https://www.town.kamijima.lg.jp/site/gikai/list107.html	独自	enabled	robots_unreachable	https://www.town.kamijima.lg.jp/robots.txt / HTTP 403	2026-08-02	75905abae056b1b20576c5c5660520e0d53560f7bbadc2c0c29af6cf899fa2a0
38386	https://www.kumakogen.jp/site/gikai/list149.html	独自	enabled			2026-08-02	a86798d687ec9f903bfa1105caecd373c7703e26ccfd25de8f5fd8808321086f
38401	https://www.town.masaki.ehime.jp/site/gikai/list159.html	独自	enabled			2026-08-02	3897fb2c6a5d1253a76575663f32dfede149f8fc2cb46c291080939e3f0717e5
38402			unresolved	source_url_unresolved	会議録の代表URLを未特定	2026-08-02	f4e7b529b2f42d53c257bc2782b0eb5f954301ab8fd137382d26585cfc739c60
38422	https://www.town.uchiko.ehime.jp/site/kaigiroku/	独自	enabled	robots_unreachable	https://www.town.uchiko.ehime.jp/robots.txt / HTTP 403	2026-08-02	32f76f1abe88658193b4f0e4b2d394f0bc03e998579145217f046dbccfa42ef2
38442			unresolved	source_url_unresolved	会議録の代表URLを未特定	2026-08-02	f4e7b529b2f42d53c257bc2782b0eb5f954301ab8fd137382d26585cfc739c60
38484	https://www.town.matsuno.ehime.jp/site/gikai/list156.html	site-gikai-pdf	enabled			2026-08-02	16bb6d1866b862a692a753c667d5b5d51e756deb7969e3da5d25854b3d3a1164
38488			unresolved	source_url_unresolved	会議録の代表URLを未特定	2026-08-02	f4e7b529b2f42d53c257bc2782b0eb5f954301ab8fd137382d26585cfc739c60
38506	http://www.kensakusystem.jp/ainan/index.html	kensakusystem	enabled			2026-08-02	ef17620f6a000e2f2b5232c061394969207343f519f0b41e4d6faeea7c5cee36
39000	https://ssp.kaigiroku.net/tenant/prefkochi/SpMinuteSearch.html	kaigiroku.net	enabled				96d783db9634513a5b807b1932857bacd7ec46be1c9ac0675c93b47ce84c6358
39201	https://ssp.kaigiroku.net/tenant/kochi/SpMinuteSearch.html	kaigiroku.net	enabled				59206c0b78237269da11963b17e6627af797c3fc0f736e4926522908f528e6e9
39202			unresolved	source_url_unresolved	会議録の代表URLを未特定	2026-08-02	f4e7b529b2f42d53c257bc2782b0eb5f954301ab8fd137382d26585cfc739c60
39203	https://www.city.aki.kochi.jp/gijiroku/giji_search.php?hdnKatugi=999999	独自	enabled			2026-08-02	b66ee3612cecc7f049e149320a24d4d8a3b0163166efd071066754e80c8e1923
39204	https://www.city.nankoku.lg.jp/gijiroku/giji_search.php?hdnKatugi=999999	独自	enabled			2026-08-02	de720e1c2e7c2c1ad63fba6ac8a9da5c9bd5228d2f42725141ff65691a5c1224
39205	https://ssp.kaigiroku.net/tenant/tosa/SpMinuteSearch.html	kaigiroku.net	enabled				7ad4ba0d4a1b364be5aaf307e397ce31851c6d26730851a89f4cdd6713dd36c3
39206	https://www.city.susaki.lg.jp/gijiroku/giji_kaisai.php?hdnID=113	独自	enabled			2026-08-02	01b8a16e6782e8f2b7bbc9303197428a13095fc05ceca3c3fca506e67bc5e973
39208			unresolved	source_url_unresolved	会議録の代表URLを未特定	2026-08-02	f4e7b529b2f42d53c257bc2782b0eb5f954301ab8fd137382d26585cfc739c60
39209			unresolved	source_url_unresolved	会議録の代表URLを未特定	2026-08-02	f4e7b529b2f42d53c257bc2782b0eb5f954301ab8fd137382d26585cfc739c60
39210	https://ssp.kaigiroku.net/tenant/shimanto/MinuteSearch.html	kaigiroku.net	enabled				30ce3f966cb6c76d338be9a190e5785a41d6601f79c02066e678f49497e5779e
39211	https://www.city.konan.kochi.dbsr.jp/index.php/	dbsr	enabled				5ed1b3bf706043b0188cb7dbdc936076a94e53ef0c9a1d134b30b21f6ccb0f0d
39212	https://www.city.kami.lg.jp/site/gikai/kaigirokusokuhou.html	kami-city-pdf	enabled			2026-08-02	7e02d9df0cfe12b06950469d5f92e5faa07fdc0644c897536c16510262dd0d4e
39301	http://www.town.toyo.kochi.jp/gikai-toyo/kaigiroku.html	独自	enabled			2026-08-02	18d26f276b3746fa37a4843e5bf58e94350001e5ffd38a1bb812cbb55e97b291
39302			unresolved	source_url_unresolved	会議録の代表URLを未特定	2026-08-02	f4e7b529b2f42d53c257bc2782b0eb5f954301ab8fd137382d26585cfc739c60
39303			unresolved	source_url_unresolved	会議録の代表URLを未特定	2026-08-02	f4e7b529b2f42d53c257bc2782b0eb5f954301ab8fd137382d26585cfc739c60
39304			unresolved	source_url_unresolved	会議録の代表URLを未特定	2026-08-02	f4e7b529b2f42d53c257bc2782b0eb5f954301ab8fd137382d26585cfc739c60
39305			unresolved	source_url_unresolved	会議録の代表URLを未特定	2026-08-02	f4e7b529b2f42d53c257bc2782b0eb5f954301ab8fd137382d26585cfc739c60
39306			unresolved	source_url_unresolved	会議録の代表URLを未特定	2026-08-02	f4e7b529b2f42d53c257bc2782b0eb5f954301ab8fd137382d26585cfc739c60
39307			unresolved	source_url_unresolved	会議録の代表URLを未特定	2026-08-02	f4e7b529b2f42d53c257bc2782b0eb5f954301ab8fd137382d26585cfc739c60
39341	https://www.town.motoyama.kochi.jp/soshikikarasagasu/gikaijimukyoku/teireirinnji/teireikairinzikaikaigiroku/3349.html	独自	enabled			2026-08-02	9ab1a2b89dc54100d5ee98afef8d1bdd1f53394bb21364edee01d2139d48260c
39344			unresolved	source_url_unresolved	会議録の代表URLを未特定	2026-08-02	f4e7b529b2f42d53c257bc2782b0eb5f954301ab8fd137382d26585cfc739c60
39363			unresolved	source_url_unresolved	会議録の代表URLを未特定	2026-08-02	f4e7b529b2f42d53c257bc2782b0eb5f954301ab8fd137382d26585cfc739c60
39364			unresolved	source_url_unresolved	会議録の代表URLを未特定	2026-08-02	f4e7b529b2f42d53c257bc2782b0eb5f954301ab8fd137382d26585cfc739c60
39386	https://ssp.kaigiroku.net/tenant/ino/SpMinuteSearch.html	kaigiroku.net	enabled				d9c123eca95a9d53e1a2369925e14f50e259ed7a56262bc4a2163ea5b0aa5390
39387			unresolved	source_url_unresolved	会議録の代表URLを未特定	2026-08-02	f4e7b529b2f42d53c257bc2782b0eb5f954301ab8fd137382d26585cfc739c60
39401	https://www.town.nakatosa.lg.jp/gijiroku/	独自	enabled			2026-08-02	483b22c23d6a187a03ed3c09768dc92424c560fed883f42ff6c0387ce9889cec
39402	https://www.town.sakawa.lg.jp/life/dtl.php?hdnKey=1076	独自	enabled			2026-08-02	5cd7d4929b4a748d1e808ce026b0df4fced659c8e2eb64e329637dda41b07b95
39403			unresolved	source_url_unresolved	会議録の代表URLを未特定	2026-08-02	f4e7b529b2f42d53c257bc2782b0eb5f954301ab8fd137382d26585cfc739c60
39405		独自	unresolved	source_url_unresolved	議会の会議録本体を公開していない（農業委員会議事録のみ）		4cbfa55804cc923dece561c289176b88cb1e70dff6cf13b1860e65debe255031
39410			unresolved	source_url_unresolved	会議録の代表URLを未特定	2026-08-02	f4e7b529b2f42d53c257bc2782b0eb5f954301ab8fd137382d26585cfc739c60
39411			unresolved	source_url_unresolved	会議録の代表URLを未特定	2026-08-02	f4e7b529b2f42d53c257bc2782b0eb5f954301ab8fd137382d26585cfc739c60
39412	https://www.town.shimanto.lg.jp/gijiroku/?hdnKatugi=130	独自	enabled			2026-08-02	228978168d9c2a238785b22f0fd3eaa487d0bbf4b498669b81e63cb0d0582654
39424			unresolved	source_url_unresolved	会議録の代表URLを未特定	2026-08-02	f4e7b529b2f42d53c257bc2782b0eb5f954301ab8fd137382d26585cfc739c60
39427			unresolved	source_url_unresolved	会議録の代表URLを未特定	2026-08-02	f4e7b529b2f42d53c257bc2782b0eb5f954301ab8fd137382d26585cfc739c60
39428	https://www.town.kuroshio.lg.jp/pb/cont/machi-gikai-giji	独自	enabled			2026-08-02	c19fa1c8e322b223afa3075cf590110e5ff3f3bb7156923dc3cea1c150b94c74
40000	http://www.pref.fukuoka.dbsr.jp/index.php/	dbsr	enabled				774444ea8d5bde0f81d971e1602cb96807ec2897d77969cf5312c84828c53e61
40100	https://ssp.kaigiroku.net/tenant/kitakyushu/MinuteSearch.html	kaigiroku.net	enabled				ec49458b0d015ac44a291a7a89ba704f37803e8945e5da2b61be1618a47b3721
40130	http://www.city.fukuoka.fukuoka.dbsr.jp/index.php/	dbsr	enabled				c930bb6b6d1f4a0747bf2f0e087bd7f2547c72768cf8e9cb0dd10abad8dda80e
40202	https://ssp.kaigiroku.net/tenant/omuta/SpMinuteSearch.html	kaigiroku.net	enabled				aaf61159d63f3c20d537c2dcba20c3196ed2b907c2841ded2b4dbdf018c153e6
40203	http://www.kensakusystem.jp/kurume/index.html	kensakusystem	enabled			2026-08-02	fc2c308536639c2d68f26c0800c5a0dab1ae065d786957e6910a9539860c05b3
40204	http://www.kensakusystem.jp/nogata/index.html	kensakusystem	enabled			2026-08-02	dbbe1aafc1f769f7c73ad20cc4c26fd518a56b59383b663c728abc7ffe1b4476
40205	https://www.city.iizuka.lg.jp/site/shigikai/list18.html	独自	enabled			2026-08-02	b41ea9bac06bf4301828005861b9e28ed6ab996f17687bd11aa410567fe63edd
40206	http://www.kensakusystem.jp/tagawa/index.html	kensakusystem	enabled			2026-08-02	5e802ecaf213b71545107ef802c61d3cf54a9b4e6eaef762a1accf0caa6ca555
40207	https://www.city.yanagawa.fukuoka.jp/shisei/shigikai/sigikaikaigiroku/	独自	enabled			2026-08-02	a5f8d4b5b3307afaf97a6844e41d7ed46bc547c584cc7a429e49f13f0aed4042
40210	https://www.city.yame.fukuoka.jp/shisei/12/7/R8/14020.html	独自	enabled			2026-08-02	35a0c2ff34627489aa194866dfc3d578c117d996a461aaa811a89b48d3e95d06
40211	https://ssp.kaigiroku.net/tenant/chikugo/MinuteSearch.html	kaigiroku.net	enabled				ba2d963678e69edc60dd567599692dcd323fabeac377c45ed14930b193427d2a
40212	https://www.city.okawa.lg.jp/s078/010/080/20150902133811.html	独自	enabled			2026-08-02	3fe63a6fffc5bbc3b82908ae29717f1b5b50b78c0563c6b763a3e704edb9eb61
40213	https://ssp.kaigiroku.net/tenant/yukuhashi/MinuteSearch.html	kaigiroku.net	enabled				0886b036f506667b7439d19f0be4cdaf74e6ea19ea473f771355dde4bb00ab05
40214	https://www.city.buzen.lg.jp/senkyo-gikai/gikai/gijiroku_r3-3.html	独自	enabled			2026-08-02	52c3522230db89d444c78758872805cc1656e46a58092d59c7c8c6827dd6caa5
40215	https://www.city.nakama.lg.jp/site/gikai/1122.html	独自	enabled			2026-08-02	e230d62d8251939f6d54b05b625ff7178f969bfe71d925eb1f6693fa36061db2
40216	https://www.kensakusystem.jp/ogori/index.html	kensakusystem	enabled			2026-08-02	c32fb56c756d81652eb3bf787501e82051ed48e971b93c8f15eaaefc32e94796
40217	https://www.city.chikushino.fukuoka.dbsr.jp/index.php/	dbsr	enabled				e780a5bed0c33d152cf7d0482323c681a6ef5886ed54a98b4f7a019e8330312d
40218	http://www.city.kasuga.fukuoka.dbsr.jp/index.php/	dbsr	enabled				21fdedc022d3381f9d497ec23ce40ff7b31824dad3751d72b8ccd2df980a09db
40219	http://www.city.onojo.fukuoka.dbsr.jp/index.php/	dbsr	enabled				bfcafc02ce16657e947f359ccc511cd9bfa97fb5895485d18a6028200e00334d
40220	https://www.city.munakata.fukuoka.dbsr.jp/index.php/	dbsr	enabled				be24e2c4dc962f3ede5dcdf6751720ef64cb04d88b910db212d86eef2e633b11
40221	https://www.kensakusystem.jp/dazaifu/index.html	kensakusystem	enabled			2026-08-02	d15d1c550a85987f9a7407be2d107c293405d7424665ef123aeffc73b26fc802
40223	https://www.city.koga.fukuoka.dbsr.jp/index.php/	dbsr	enabled				cdb92d5edc210fc0b8f4b8d578cd5d60b0781d0d922d533d720924eba194d990
40224	https://ssp.kaigiroku.net/tenant/fukutsu/MinuteSearch.html	kaigiroku.net	enabled				8775e12f6c7728125eafe395a6f08f1ee306af95bc4b2932b778c375a602fc3c
40225	https://www.city.ukiha.fukuoka.jp/gikai/list00603.html	独自	enabled			2026-08-02	567ac7fd5645648df76963fc4b57219896adb4635003c59f74f0822b15ec1dfa
40226	https://www.city.miyawaka.fukuoka.dbsr.jp/index.php/	dbsr	enabled				d281e2496c8221ef8338f11091193e9dd2809ab592592eaca33e936d2430cb04
40227	https://www.voicetechno.net/MinutesSystem/Kama/	voicetechno	enabled			2026-08-02	acc4b87657459a67968c0198e614e763fc2d4631dcb93060b117ce07d4831f16
40228	https://www.city.asakura.lg.jp/site/gikai/list51-96.html	独自	enabled				7f051d9384c03be19997012c4be00c764d3a2a64adfa04b4804802364c17a517
40229	https://www.city.miyama.lg.jp/li/shisei/150/040/index.html	独自	enabled			2026-08-02	55040e3554e6a258987e05d7349127235b487d1509007a01d98fc42204dbd0db
40230	https://www.city.itoshima.fukuoka.dbsr.jp/index.php/	dbsr	enabled				1659cfccfafed7ce36b7e3939656180eb0b181a4496f3c897aa27314eae5b5a3
40231	https://ssp.kaigiroku.net/tenant/nakagawa/MinuteSearch.html	kaigiroku.net	enabled				7795bb196f1190176f5331507ffa6cc4b48af44a3c2c13b071d30eeaae2b52c2
40341			unresolved	source_url_unresolved	会議録の代表URLを未特定	2026-08-02	f4e7b529b2f42d53c257bc2782b0eb5f954301ab8fd137382d26585cfc739c60
40342	https://www.town.sasaguri.fukuoka.jp/soshiki/gikai/1_1/5838.html	独自	enabled			2026-08-02	9df9c751d5deeaa69204849dbedb930a61754222d061e94bd2c887d0987eac2e
40343	https://ssp.kaigiroku.net/tenant/shime/SpMinuteSearch.html	kaigiroku.net	enabled				11ec727f54ef3a15c993984e954ed4fe9a530a8e43de13d923b59d4bc6c8fa9a
40344	https://www.town.sue.fukuoka.jp/gyosei/gikai/1/1900.html	独自	enabled			2026-08-02	077c054e849b2fe49ac7a35bdcb43dd307211ac07c4c8ccbf14c1006c3f0b8c5
40345	https://www.town.shingu.fukuoka.jp/soshiki/gikai/1/4/7_2/7661.html	独自	enabled			2026-08-02	e75c4bef7404bce31d920cb0d06040c396e314b1891e1347e79101ee843db0b8
40348			unresolved	source_url_unresolved	会議録の代表URLを未特定	2026-08-02	f4e7b529b2f42d53c257bc2782b0eb5f954301ab8fd137382d26585cfc739c60
40349			unresolved	source_url_unresolved	会議録の代表URLを未特定	2026-08-02	f4e7b529b2f42d53c257bc2782b0eb5f954301ab8fd137382d26585cfc739c60
40381	https://www.town.ashiya.lg.jp/site/gikai/list433.html	独自	enabled			2026-08-02	fbe151dbcb7c8e92a0f9f09f49b8a6c900ba97616e55a5b9c03c753a944e4a45
40382	https://www.town.mizumaki.lg.jp/li/gyosei/030/010/index.html	独自	enabled			2026-08-02	2fb8c68c3b7077abd7d10c65803a7e15375b0d4f0d723f4a21a5cbcf614d4114
40383	https://ssp.kaigiroku.net/tenant/okagaki/MinuteSearch.html	kaigiroku.net	enabled				d00ed6506446838acfa53b987094afd0d8e671ef259691b83ab43d525789d3a0
40384	http://iasb-sv.town.onga.lg.jp/voices/g08v_search.asp	voices	enabled			2026-08-02	ca5274d5d564d4ccc99dd3086899f100ddf366b1401ada1cb2cbd985b2554134
40401	https://town.kotake.lg.jp/gikai/hpkiji/pub/List.aspx?c_id=3&class_set_id=6&class_id=547	独自	enabled			2026-08-02	9cb4af15d8de88fae51838852ef671646f5ea56aa1ac3a4f268bdcbc16719567
40402	https://www.town.kurate.lg.jp/gikai/minutes/index.html	独自	enabled			2026-08-02	be92bbd82c8d7414a30771c981bf85b4684c2051da0253648cdc078b73dda98b
40421	https://www.town.keisen.fukuoka.jp/gikai/kaigiroku.php	独自	enabled			2026-08-02	e92ae46dcce778df523f32d6fce365c7aed666307d6a301f9b578be0f2e0ec27
40447	https://www.town.chikuzen.fukuoka.jp/li/100/050/index.html	static-kaigiroku-dir	enabled			2026-08-02	113f1e55877a34db49c46f0e71e81e1ca56d6d9b3b669959d2fda3f66b50d6cb
40448	https://vill.toho-info.com/50000/50100/index.html	独自	enabled			2026-08-02	da2a13f3b6c1e72bc5fffce19db63fbc4c07b7cf43b54f378ed14fa2259de96f
40503	https://www.town.tachiarai.fukuoka.jp/kiji0031522/index.html	独自	enabled			2026-08-02	e46ceb173cf5a788e970bb74366ab61dba038cb0bd709e998dc460bdaf342c7a
40522	https://ssp.kaigiroku.net/tenant/ooki/pg/index.html	kaigiroku.net	enabled				c52048dbd0b6d5280d57200a529eeff826ed5d270fc336751ffe3871b87f4891
40544			unresolved	source_url_unresolved	会議録の代表URLを未特定	2026-08-02	f4e7b529b2f42d53c257bc2782b0eb5f954301ab8fd137382d26585cfc739c60
40601			unresolved	source_url_unresolved	会議録の代表URLを未特定	2026-08-02	f4e7b529b2f42d53c257bc2782b0eb5f954301ab8fd137382d26585cfc739c60
40602	https://www.town.soeda.fukuoka.jp/page/4918.html	独自	enabled			2026-08-02	0a19a6dee20148870ee0b76a66215c346bd7b44adc344dfecd6b1c65e34f7fbc
40604			unresolved	source_url_unresolved	会議録の代表URLを未特定	2026-08-02	f4e7b529b2f42d53c257bc2782b0eb5f954301ab8fd137382d26585cfc739c60
40605	https://www.town.kawasaki.fukuoka.dbsr.jp/index.php/	dbsr	enabled				6e218f2e42571772d39ccb4003cb73db2b54507671bb84dad2be22e534bb11e0
40608			unresolved	source_url_unresolved	会議録の代表URLを未特定	2026-08-02	f4e7b529b2f42d53c257bc2782b0eb5f954301ab8fd137382d26585cfc739c60
40609			unresolved	source_url_unresolved	会議録の代表URLを未特定	2026-08-02	f4e7b529b2f42d53c257bc2782b0eb5f954301ab8fd137382d26585cfc739c60
40610	https://www.town.fukuchi.lg.jp/soshiki/jimu/gikai/3596.html	独自	enabled			2026-08-02	8c8073f53a180e42a3303aafa1c65eb71f7ff845a3ed30913f05b46a1d9a522c
40621	https://ssp.kaigiroku.net/tenant/kanda/MinuteSearch.html	kaigiroku.net	enabled				1ea35cc131d3d48488478155ccc75207c79bbea82d80bae30fbbbfdba33dde38
40625	https://ssp.kaigiroku.net/tenant/miyakomachi/MinuteSearch.html	kaigiroku.net	enabled				357344626d5990f7c286f81c0ca11975104b9f9389924ff2dee0cb898f403107
40642			unresolved	source_url_unresolved	会議録の代表URLを未特定	2026-08-02	f4e7b529b2f42d53c257bc2782b0eb5f954301ab8fd137382d26585cfc739c60
40646	https://www.town.koge.lg.jp/soshiki/gikai/gikai/1/706.html	独自	enabled			2026-08-02	9f6c2ce06f6044d6523fcaa5e5b1944babb80861b6648c05a296e365dc43eb74
40647	https://www.town.chikujo.fukuoka.jp/li/020/070/040/index.html	static-kaigiroku-dir	enabled			2026-08-02	9d947eb3cbe6ccf6c9b814ec9efcdde49fefb74fb97c10667eee4bd0a5f5ea90
41000	https://www.pref.saga.dbsr.jp/index.php/	dbsr	enabled				56147767e36318ccc5e7a7fd1df2cf63f9a244cba4ac694a3b9dc395cbc9c31e
41201	https://sagashi-gikai.gijiroku.com/voices/g08v_search.asp	gijiroku.com	enabled			2026-08-02	08182651c097e5752b48f79debceac318bd74fe50c2009eb16e82520406246da
41202	https://ssp.kaigiroku.net/tenant/karatsu/SpMinuteSearch.html	kaigiroku.net	enabled				7c917729b831be7f41cc7f0379ed01a169e90fa40ed41d259f96de270f8125c2
41203	https://ssp.kaigiroku.net/tenant/tosu/SpMinuteSearch.html	kaigiroku.net	enabled				30415b777f06e51a0988cb4258d5010bdaa13a63a8f519334c9767aff05b695b
41204	https://ssp.kaigiroku.net/tenant/taku/SpMinuteSearch.html	kaigiroku.net	enabled				ea58fb3df876651fc9ec94a6a1325ee5fc76e19527e3fdf21061912d1560ac37
41205	https://ssp.kaigiroku.net/tenant/imari/MinuteSearch.html	kaigiroku.net	enabled				2b5c47ecd5e8b8eec42b412864205249e03286064b5a37e4dff0f0be99818b73
41206	https://www.city.takeo.lg.jp/shisei/shigikai/kensaku/	独自	enabled			2026-08-02	4812ef2a829a3bc250ae57976af3be26d654dd418bee49dc988fb3253a2d87e1
41207	https://www.city.saga-kashima.lg.jp/main/107.html	static-kaigiroku-dir	enabled			2026-08-02	765765dd63188bf0ac55aceec2c2503cd7d6541313512c2da180f4704c8406dd
41208	http://www.db-search.com/ogi-c/index.php/	db-search	enabled				7445986fb21c3c128643f2b857c1cf8001a44449fd46c3781904a3fd6c99775a
41209	https://www.city.ureshino.lg.jp/gikai/hokoku/394.html	独自	enabled			2026-08-02	e51d5455738b05ccafb7855f5b710307c7c6745d1d337356015d0f4fa3e40cad
41210	http://www.city.kanzaki.saga.dbsr.jp/index.php/	dbsr	enabled				b49a3112f05e8ee315806d3041a7ab9e5427184d1f0044c3715ec77b82320734
41327	https://www.town.yoshinogari.saga.dbsr.jp/index.php/	dbsr	enabled				46a7609e7cf958a7fe2b7caf03eba687da0144a8c702d5781748f1f37dd16bb8
41341	https://www.town.kiyama.lg.jp/gikai/list01207.html	独自	enabled			2026-08-02	f0ddec113b38988c1a9ca9000ee6acce51105ed92e32fd937f9350931bf5fcd4
41345	https://www.town.kamimine.saga.dbsr.jp/index.php/	dbsr	enabled				1d6e642f96d52d8a110d9b6924c43e39100c4687fecd90051a5aa3016f15eb0d
41346	http://www.town.miyaki.saga.dbsr.jp/index.php/	dbsr	enabled				f3392c8f64e78fa4243076ad8a82581b2af1c90df4aac1356856e3bea7589c71
41387	https://ssp.kaigiroku.net/tenant/genkai/pg/index.html	kaigiroku.net	enabled				2ff888a7b1ec2973c64a1bb4562166cdca8deaaba9b3ba1cea304e109409badd
41401			unresolved	source_url_unresolved	会議録の代表URLを未特定	2026-08-02	f4e7b529b2f42d53c257bc2782b0eb5f954301ab8fd137382d26585cfc739c60
41423	https://www.town.omachi.lg.jp/gikai/list00518.html	独自	enabled			2026-08-02	94a5fdc352399f15e5c955f92f6274025f55d8d0e51834a32921bea7f03879fd
41424	https://www.town.kouhoku.saga.jp/list00721.html	独自	enabled			2026-08-02	402ac9c1056e7fc60e5e12b6ad0aa7f281b3317e7003efe86aa1ff00b7a7424f
41425	https://www.town.shiroishi.lg.jp/chousei_machi/gikai/kaigiroku.html	独自	enabled			2026-08-02	03b769ba1bc34769700f3f697b42921a9cab663021e1a52273ef8b4b27758093
41441	https://www.town.tara.lg.jp/chosei/_1010/_1414.html	独自	enabled			2026-08-02	dc184ceaac111ab2fc18b2d85c51c909a64dc3f433e8d52f2f313b3ac39d9c9f
42000	https://ssp.kaigiroku.net/tenant/prefnagasaki/MinuteSearch.html	kaigiroku.net	enabled				9e7cf6ca993ccf153e9055aeeca052530b871a35e71d48f5d6dcdaab4328d8b2
42201	http://www.city.nagasaki.nagasaki.dbsr.jp/index.php/	dbsr	enabled				17f7ff1f007e954dda493bb758ac404dd353ac083db18564bf17a7036e7dd26a
42202	https://ssp.kaigiroku.net/tenant/sasebo/SpMinuteSearch.html	kaigiroku.net	enabled				2adc2793ae0a3c6ad6a7e5a7169b3ddd691574b6342d0baa467e9fa442558f40
42203	http://www.city.shimabara.nagasaki.dbsr.jp/index.php/	dbsr	enabled				acff8ecebd06b98ed00141ebd3bf9fea7fa98c98cbb795f51be5166aa59bd1ea
42204	http://www.city.isahaya.nagasaki.dbsr.jp/index.php/	dbsr	enabled				cd8463007871c05d1a2a2bb8586bba46f2fcdc4f82fa1d332e3294bc234e5a84
42205	https://ssp.kaigiroku.net/tenant/omura/MinuteSearch.html	kaigiroku.net	enabled				a2749464f3e74119393ce05b0bf5486eb9e9e7777dc650b12c982d2cff5ede9b
42207	https://ssp.kaigiroku.net/tenant/hirado/SpMinuteSearch.html	kaigiroku.net	enabled				84d0d0dc714721e87649d1df685fd0975241f9b38d592431f04be60b688100ce
42208	http://www.city.matsuura.nagasaki.dbsr.jp/index.php/	dbsr	enabled				7474cac5232a65ec7ebf9e973927d7b91c6920171036f2c805014c2a828fe941
42209	https://ssp.kaigiroku.net/tenant/tsushima/MinuteSearch.html	kaigiroku.net	enabled				525f9fd889680fb17ec2e3f39ee0e9ebcf19a83aa9b32609171d4d608d934dc1
42210	https://www.city.iki.nagasaki.jp/soshiki/gikai_jimukyoku/shigikai/kaigiroku/15696.html	独自	enabled			2026-08-02	1641d198abe64e95d2d1121dad5f55e6eae903d74437918552ccb944ed304057
42211	https://ssp.kaigiroku.net/tenant/goto/SpMinuteSearch.html	kaigiroku.net	enabled				cf7cbb4550dc4a09c6198083092075602544309cb8e491437dc7393171c88a68
42212	https://ssp.kaigiroku.net/tenant/saikai/SpMinuteSearch.html	kaigiroku.net	enabled				60424771be02cba55f7addc41aac52ea29433f6337d0d798bd3f356434fcd2ed
42213	https://ssp.kaigiroku.net/tenant/unzen/MinuteSearch.html	kaigiroku.net	enabled				447dfb7a839295e600fc664e5d1a406ad5ebe1bcc5f1e3ccfe50e0ebc933cbfc
42214	https://ssp.kaigiroku.net/tenant/minamishimabara/SpMinuteSearch.html	kaigiroku.net	enabled				2b2235f5b6d555d2ef210e27fc0ada767f68e94770c1ef4bbcb2c5aa206877e6
42307	https://webtown.nagayo.jp/gikai/list00423.html	独自	enabled			2026-08-02	f02032ddd541cf03564291dd7de448aee7683e6a6f9f7bd292a3bcd0c94b5446
42308	http://www.kensakusystem.jp/togitsu-s/index.html	kensakusystem	enabled			2026-08-02	da9d8ee9af81da6a7c04d973d1e51f7b751d593c400b4867f7a6874c5f5d93cf
42321			unresolved	source_url_unresolved	会議録の代表URLを未特定	2026-08-02	f4e7b529b2f42d53c257bc2782b0eb5f954301ab8fd137382d26585cfc739c60
42322	https://www.kawatana.jp/cat05/c5-11/post_267/index.html	独自	enabled			2026-08-02	95d0346b9189124b8add6787c92008575abce5e1e439e734765c0ed10f8697a0
42323			unresolved	source_url_unresolved	会議録の代表URLを未特定	2026-08-02	f4e7b529b2f42d53c257bc2782b0eb5f954301ab8fd137382d26585cfc739c60
42383			unresolved	source_url_unresolved	会議録の代表URLを未特定	2026-08-02	f4e7b529b2f42d53c257bc2782b0eb5f954301ab8fd137382d26585cfc739c60
42391	https://www.sazacho-nagasaki.jp/gikai/list00807.html	独自	enabled			2026-08-02	4bab6333bbf167a1f956dcff104942d6a6f70a713159060e7050753a6fc41bec
42411	https://official.shinkamigoto.net/goto_chosei.php?wcid=l00002x4	独自	enabled				2530de82509ebf525e7616c2f19be5560a09a12242ae74c066912be9abca7f0d
43000	https://ssp.kaigiroku.net/tenant/prefkumamoto/MinuteSearch.html	kaigiroku.net	enabled				2d49f32a9f83e3df0a6955f8154b57a791644aa6e5addc16b8350a243af5f30d
43100	https://kumamoto.gijiroku.com/voices/g08v_search.asp	gijiroku.com	enabled			2026-08-02	15710abe5c5a79f6c4d9d22f90aeb25ed0381a5609aecb89cfa0b520a68813b2
43202	https://www.city.yatsushiro.kumamoto.jp/VOICES/	voices	enabled			2026-08-02	9c77c99d2d3106dcfaf82d1839a3e586fc42ad361c27304ced89007e3342f3b5
43203	https://www.kensakusystem.jp/hitoyoshi/index.html	kensakusystem	enabled				6653d864b7f5c3efa43294180b9b5006b198e4a7b2b79e9397e5bf021fd6389e
43204	https://www.city.arao.kumamoto.dbsr.jp/index.php/	dbsr	enabled				d9d924c275e5a9a2b8ae160d7fd74a1c9485d5bf30732f3749d6042e6fc9d92d
43205	http://www.kensakusystem.jp/minamata/index.html	kensakusystem	enabled			2026-08-02	ce6eae441df2e0625965b8164ada6da7c39e1a6cd374690ca36951ee26e2e10d
43206	http://tamana.gijiroku.com/voices/g08v_search.asp	gijiroku.com	enabled			2026-08-02	242c10d9f34da6e641a4a6728c3577fc03309d273b43afd2534dda1ec81427bc
43208	https://www.city.yamaga.kumamoto.jp/gikai/list00424.html	独自	enabled			2026-08-02	a81889b6bcd437b52017428b52ce0afbf7cf85a53e024fc31df9498ebe2a1102
43210	https://www.city.kikuchi.lg.jp/article/list/1420.html	独自	enabled				353e13a859aa92e81f6ef50b35f0c1fd5140bbe1b33fe1c4fea8b7e9d711b87e
43211	https://ssp.kaigiroku.net/tenant/uto/MinuteSearch.html	kaigiroku.net	enabled				c3fd04ade15d162e29c194e6c72e578a30a71f4c3ab68f883b71b8b13b6abb3c
43212	https://www.city.kamiamakusa.kumamoto.jp/q/aview/103/18428.html	独自	enabled			2026-08-02	2cbc550d188c7d295b6a1e081e8b2bc3a90135b483fa97f112a3e7c3a5d5fb2d
43213	https://ssp.kaigiroku.net/tenant/uki/MinuteSearch.html	kaigiroku.net	enabled				b16fd66d4a0c4066aeed47fe1f32038833d5eef6a24043564d95acca1cd7dcd7
43214	https://www.city.aso.kumamoto.jp/municipal/city_council/city_council/conference_proceedings/	独自	enabled			2026-08-02	aa4d97daf4cdd1f9f68fce65581b2bf795a8013966f1e148d5decce04de45507
43215	https://ssp.kaigiroku.net/tenant/amakusa/SpMinuteSearch.html	kaigiroku.net	enabled				1b6ef987f545f238b54839e59079e355161737b77f6c1742aeb0f28514724f51
43216	https://www.kensakusystem.jp/koshi/index.html	kensakusystem	enabled			2026-08-02	5d92c5b6cfccd6882f3989023aec638cae994be3b5be9360a7f1dc90f5c99564
43348	https://www.town.kumamoto-misato.lg.jp/gyosei/gikai/2/1645.html	独自	enabled			2026-08-02	7b75f5003eba9185ef7c41f30a0447bf1480926d1bdab4589d4c01c64f0c37f8
43364	https://www.town.gyokuto.kumamoto.jp/list00507.html	独自	enabled			2026-08-02	4a934b042f32712cf9a1f99b3ec65e49699caf8418b284a48364a309936cd6d5
43367	https://www.town.nankan.lg.jp/tyosei/gikai/gijiroku/	独自	enabled			2026-08-02	e3a090f8d45bf7e45bda5366059ed361ddf4051ddb2b854c95fd1b378c9ddee4
43368	https://www.town.nagasu.kumamoto.dbsr.jp/index.php/	dbsr	enabled				a87ab1413eb24e9f25f4c49a498adbfbe80230b1e1922ca22edc57fbdbf4a74e
43369	https://www.town.nagomi.lg.jp/chougikai/kaigiroku/	独自	enabled			2026-08-02	83d9bb5049bcff6f0418298fe7ec41ee615082b29da81bf8f79f9e0856d47ab6
43403	https://www.town.ozu.kumamoto.jp/site/ozugikai/19659.html	site-gikai-pdf	enabled			2026-08-02	b037d3301c0865b46191f93c3ed21e5a65352e1c733b19ab6b82fa8f5f4eadd8
43404	https://www.town.kikuyo.lg.jp/gikai/kiji0034279/index.html	独自	enabled			2026-08-02	a1a826f6e1a45f863d24890a9ac0ab6765be90ff7e5bd9704fe523039164790d
43423	https://www.town.minamioguni.lg.jp/gikai/post_1.html	独自	enabled			2026-08-02	9cf32ddd7d07f60210eebe4091cf346f365cceb00c3d8cea6b2b2db3d66f8677
43424			unresolved	source_url_unresolved	会議録の代表URLを未特定	2026-08-02	f4e7b529b2f42d53c257bc2782b0eb5f954301ab8fd137382d26585cfc739c60
43425			unresolved	source_url_unresolved	会議録の代表URLを未特定	2026-08-02	f4e7b529b2f42d53c257bc2782b0eb5f954301ab8fd137382d26585cfc739c60
43428			unresolved	source_url_unresolved	会議録の代表URLを未特定	2026-08-02	f4e7b529b2f42d53c257bc2782b0eb5f954301ab8fd137382d26585cfc739c60
43432			unresolved	source_url_unresolved	会議録の代表URLを未特定	2026-08-02	f4e7b529b2f42d53c257bc2782b0eb5f954301ab8fd137382d26585cfc739c60
43433			unresolved	source_url_unresolved	会議録の代表URLを未特定	2026-08-02	f4e7b529b2f42d53c257bc2782b0eb5f954301ab8fd137382d26585cfc739c60
43441	https://www.town.mifune.kumamoto.jp/gikai/hpkiji/pub/List.aspx?c_id=3&class_set_id=6&class_id=6006	独自	enabled			2026-08-02	ae7265ce560ca389f2add21f4ce069d02501a19f920febdcec2cdb66e634b630
43442	https://www.town.kumamoto-kashima.lg.jp/q/list/282.html	独自	enabled				14ee0827fffdee343aa5f907f201434ed1b40316e32df18f5d4622d077bb0b33
43443	https://www.town.mashiki.lg.jp/list00651.html	独自	enabled			2026-08-02	bd1206df92050629cbe0cdcf0e357238c0093b44fb8475571f02ce4051aada97
43444	https://www.town.kosa.lg.jp/q/list/149.html	独自	enabled			2026-08-02	61f567b9afbf063d3a330c84d0c7758a1b4bd6a64f3efbdcf9242a7320f2e502
43447	https://www.town.kumamoto-yamato.lg.jp/gikai/kiji0036495/index.html	独自	enabled			2026-08-02	6772aaa29d9c8027b45b3bcf70ed8c009a08d32683cae3ed95a9186e5acb6e5a
43468	https://www.town.hikawa.kumamoto.jp/gikai/list00412.html	独自	enabled			2026-08-02	5710fa5236ff954ee528743c9b5ad49a6a4556363707e2a9b31deef2fbe397a0
43482			unresolved	source_url_unresolved	会議録の代表URLを未特定	2026-08-02	f4e7b529b2f42d53c257bc2782b0eb5f954301ab8fd137382d26585cfc739c60
43484	https://www.town.tsunagi.lg.jp/hpkiji/pub/List.aspx?c_id=3&class_set_id=1&class_id=620	独自	enabled			2026-08-02	d4763739566f8aa46bfaf66279228f58820d9db131106f18a5abec9fd0bdd156
43501			unresolved	source_url_unresolved	会議録の代表URLを未特定	2026-08-02	f4e7b529b2f42d53c257bc2782b0eb5f954301ab8fd137382d26585cfc739c60
43505	https://www.town.taragi.lg.jp/gyousei/soshiki/gikai/gikaikaigiroku/3456.html	独自	enabled			2026-08-02	096afa7d74c1a0ca3991db9906d15e6b01c2b0272422e9a46338fa111d5698a0
43506	https://www.town.yunomae.lg.jp/gikai/list00557.html	独自	enabled			2026-08-02	c016f68d369a3e94f59ed25faab94efc5895ef0475096882b5f1376d5bb30cdb
43507			unresolved	source_url_unresolved	会議録の代表URLを未特定	2026-08-02	f4e7b529b2f42d53c257bc2782b0eb5f954301ab8fd137382d26585cfc739c60
43510	https://www.vill.sagara.lg.jp/q/aview/207/1988.html	独自	enabled			2026-08-02	968d1c74fda355e21a127304f0c2ded444a7b7d3ba659750bf1beac4f4ec7b94
43511			unresolved	source_url_unresolved	会議録の代表URLを未特定	2026-08-02	f4e7b529b2f42d53c257bc2782b0eb5f954301ab8fd137382d26585cfc739c60
43512			unresolved	source_url_unresolved	会議録の代表URLを未特定	2026-08-02	f4e7b529b2f42d53c257bc2782b0eb5f954301ab8fd137382d26585cfc739c60
43513			unresolved	source_url_unresolved	会議録の代表URLを未特定	2026-08-02	f4e7b529b2f42d53c257bc2782b0eb5f954301ab8fd137382d26585cfc739c60
43514	https://www.town.asagiri.lg.jp/kiji0032563/index.html	独自	enabled			2026-08-02	5adcfe87976d2b8bb1282dd8739765a97720b5ee3b581aef60fe66cc8dc6d2ce
43531			unresolved	source_url_unresolved	会議録の代表URLを未特定	2026-08-02	f4e7b529b2f42d53c257bc2782b0eb5f954301ab8fd137382d26585cfc739c60
44000	https://ssp.kaigiroku.net/tenant/prefoita/MinuteSearch.html	kaigiroku.net	enabled				27d694294a3e387a851dda9f4efe2b6e4f6541f7148425a8c80f7e0f1007112d
44201	https://www.kensakusystem.jp/oita/index.html	kensakusystem	enabled			2026-08-02	7c7bb90645a4b5a59eb04eecc7554b0b27070b6c50f221270325da98af7a095b
44202	http://www.kensakusystem.jp/beppu/index.html	kensakusystem	enabled			2026-08-02	8ca056d7728bdd591cbc8b0b6bb47f3603166dfb190c9c21563a02ac8f5877ca
44203	https://ssp.kaigiroku.net/tenant/nakatsu/MinuteSearch.html	kaigiroku.net	enabled				d0d7f6382466f3f35c0aed7362cba27de86bec359791e5753b89f145cc556fed
44204	https://ssp.kaigiroku.net/tenant/hita/MinuteSearch.html	kaigiroku.net	enabled				a1ccd9e39f413dd9b15e1548302239c4901ff240b3b458b42178ddbf2deef98d
44205	https://www.city.saiki.oita.jp/gikai/list00843.html	独自	enabled				a6e38690f8eefec9e5c8ff3e7c04b9b2b401f5eb00bb121e8863c1fb89d74ada
44206	https://ssp.kaigiroku.net/tenant/usuki/SpMinuteSearch.html	kaigiroku.net	enabled				dc7ae8309e4085a43ba7ad06b82b83030a63165b4eba7951ccb84dfb20041b62
44207	http://www.kensakusystem.jp/tsukumi/index.html	kensakusystem	enabled			2026-08-02	e5c2cc6150b9490eb28d07ca90a915480180949385e2266a08f86f18f57de9e4
44208	https://ssp.kaigiroku.net/tenant/taketa/SpMinuteSearch.html	kaigiroku.net	enabled				f728c917ab4ee2a4ea54695495b1ad0e2de7addb470c1eaf33cf022c017bc334
44209	https://ssp.kaigiroku.net/tenant/bungotakada/MinuteSearch.html	kaigiroku.net	enabled				ed4a383fc4f54a83f1e5f6bd66e1f5cde6b4bdd3ba1bb63e9c8b7005461ffb83
44210	https://ssp.kaigiroku.net/tenant/kitsuki/MinuteSearch.html	kaigiroku.net	enabled				c52f6d3de83052ed0081419961081554e52c89c46dc325236a0265de7c9045dd
44211	https://www.city.usa.oita.dbsr.jp/index.php/	dbsr	enabled				3356bad47f6b2ce3d86bd00af631379898f2ff41bf840549c2e855e116becb2e
44212	https://ssp.kaigiroku.net/tenant/bungoohno/SpMinuteSearch.html	kaigiroku.net	enabled				9c8052aec9209edc5c7a5500d7fb2a834594dbc760487e50321784a39498fbfa
44213	https://www.city.yufu.oita.jp/city_council/shigikai/shigikai_cate5/gijirokukensaku	独自	enabled			2026-08-02	0221604f362f8a22ea083a239cf9707691d9eb17d88893cc652f49670f2f52a8
44214	https://ssp.kaigiroku.net/tenant/kunisaki/MinuteSearch.html	kaigiroku.net	enabled				25ff498283c2636665f6bdced7704699df8536052b4361bc4d85b09ffc9dd685
44322			unresolved	source_url_unresolved	会議録の代表URLを未特定	2026-08-02	f4e7b529b2f42d53c257bc2782b0eb5f954301ab8fd137382d26585cfc739c60
44341	https://www.town.hiji.lg.jp/gyoseijoho/hijimachigikai/gijiroku/index.html	独自	enabled			2026-08-02	2b5a8351ba92b53e1cf9d8c3d0b1449112658ea8bfa31f8596553f556d72d909
44461	https://ssp.kaigiroku.net/tenant/kokonoe/MinuteSearch.html	kaigiroku.net	enabled				5f5e314ddc8538c55bb7a9337e6568c19c70cd55dbee5562af00c467bd15dd98
44462	https://www.town.kusu.oita.jp/choseijoho/kusuchogikai/1/index.html	独自	enabled			2026-08-02	aab876cea35ef531f3703008a325aaba5ff0e9d73b6259d8836103602b59b85d
45000	https://ssp.kaigiroku.net/tenant/miyazakipref/MinuteSearch.html	kaigiroku.net	enabled				b140ae086074b8be35da829c3bccc9c9a812c4f0df9090049dcab11a00338ae4
45201	http://www.city.miyazaki.miyazaki.dbsr.jp/index.php/	dbsr	enabled				3235eff3e7c7c0affab705830b99d4f9f2cfb3423c3cd395c6882795db4cfae8
45202	http://www.kensakusystem.jp/miyakonojo/index.html	kensakusystem	enabled			2026-08-02	698ce9e2ea10d60946a175a7718007d36033286cadef877d6d2d870d65921c46
45203	http://www.kensakusystem.jp/nobeoka/index.html	kensakusystem	enabled			2026-08-02	44e811b548311e6c15cf6f9038247360542b2979670998b7765cac28eccf5340
45204	https://www.city.nichinan.miyazaki.dbsr.jp/index.php/	dbsr	enabled				60377f2373f28e5cbd155da46ecc75230fb044c4bc293c9262fb448d16a54d3d
45205	https://ssp.kaigiroku.net/tenant/kobayashi/SpMinuteSearch.html	kaigiroku.net	enabled				56129b91578db8a70060550e696ee05c4120efa1b00811684af3c7afed8e3bb1
45206	https://ssp.kaigiroku.net/tenant/hyuga/SpMinuteSearch.html	kaigiroku.net	enabled				a61e2160c1b6e382fa732f0c1cd34e982d74ae0a69a21621a1132f1db4214970
45207	http://www.kensakusystem.jp/kushima/index.html	kensakusystem	enabled			2026-08-02	6395b29648133d0ddf5559d62885688142a9de24848996f94aba75035d5a062e
45208	https://ssp.kaigiroku.net/tenant/saito/SpMinuteSearch.html	kaigiroku.net	enabled				2d82b1a5acc1a0c073d93a5a5fc15ddc584ee5108bfb87311d39564c7428f168
45209	http://www.kensakusystem.jp/ebino/index.html	kensakusystem	enabled			2026-08-02	478b28b7a824882a54b1278488f10e6222bf0bbc629228cff9aea81f05933fa2
45341	https://www.town.mimata.lg.jp/contents/2219.html	独自	enabled			2026-08-02	eec0c4b20ef94991294ab64b7e4d8dbd1b272790ac6b45b6f209e4c1e4fbf9e3
45361	https://www.town.takaharu.lg.jp/site/gikai/296447.html	site-gikai-pdf	enabled			2026-08-02	4db1ac61514bf7b7d26fee4651fb7dd8a594b26bf10418e1fa3cdca9e03d5e9b
45382	http://www.town.kunitomi.miyazaki.jp/main/administration/town_council/page000865.html	独自	enabled			2026-08-02	aba1896930810bffdf625d48b48a63fcf61528b1f20bbf02edc1c729ee642f1a
45383	https://ssp.kaigiroku.net/tenant/aya/MinuteSearch.html	kaigiroku.net	enabled				27940c4d9ea51b9e208c91b72ecf064dbb6f9c24150e99e84cadb123a34d8063
45401	https://www.town.takanabe.lg.jp/soshiki/gikai/1/3/4898.html	独自	enabled			2026-08-02	18438dba2589972bf5c0cf892bf5519dfd68e2cfafd465b069e61735f90cdb18
45402	https://ssp.kaigiroku.net/tenant/shintomi/MinuteSearch.html	kaigiroku.net	enabled				821c1e57f98e4b06a7d32ac5b3fd85b4099dcbf820c39c182eedcfe7f1f02b4f
45403			unresolved	source_url_unresolved	会議録の代表URLを未特定	2026-08-02	f4e7b529b2f42d53c257bc2782b0eb5f954301ab8fd137382d26585cfc739c60
45404	https://www.town.kijo.lg.jp/sosikikarasagasu/gikaizimukyoku/1/2/1973.html	独自	enabled			2026-08-02	1e13354dcb391cfe62daf4f9b980a37cf40ea229a5c44f8245883915713f64fe
45405	https://www.town.kawaminami.miyazaki.jp/site/gikai/1028.html	独自	enabled			2026-08-02	9206dc87dd8c410b21910d017bb7bcd07ee46c50dc0f1a0cdf8e9c9078c443ba
45406			unresolved	source_url_unresolved	会議録の代表URLを未特定	2026-08-02	f4e7b529b2f42d53c257bc2782b0eb5f954301ab8fd137382d26585cfc739c60
45421	https://ssp.kaigiroku.net/tenant/kadogawa/MinuteSearch.html	kaigiroku.net	enabled				db597b9cf91d21909f9760189e7aad99563b7a05674a2add7a171c7c17734d40
45429			unresolved	source_url_unresolved	会議録の代表URLを未特定	2026-08-02	f4e7b529b2f42d53c257bc2782b0eb5f954301ab8fd137382d26585cfc739c60
45430			unresolved	source_url_unresolved	会議録の代表URLを未特定	2026-08-02	f4e7b529b2f42d53c257bc2782b0eb5f954301ab8fd137382d26585cfc739c60
45431	https://www.town.miyazaki-misato.lg.jp/gikai/kiji0031234/index.html	独自	enabled			2026-08-02	c6e8efa8c2e9c44085423a5c2226753d6f83bbb7d5360c9028d8da7794560da4
45441			unresolved	source_url_unresolved	会議録の代表URLを未特定	2026-08-02	f4e7b529b2f42d53c257bc2782b0eb5f954301ab8fd137382d26585cfc739c60
45442			unresolved	source_url_unresolved	会議録の代表URLを未特定	2026-08-02	f4e7b529b2f42d53c257bc2782b0eb5f954301ab8fd137382d26585cfc739c60
45443	https://www.town.gokase.miyazaki.jp/kakuka/gikai/honkaigi/kaigiroku/1042.html	独自	enabled			2026-08-02	10599bbab9f0b8e666325c6f69a098e2f2aa2dd1542575133da6ecee2ff4f07f
46000	http://www.pref.kagoshima.dbsr.jp/index.php/	dbsr	enabled				fcc7266f10eda0c607444b5a66b47067bc4a17f92a8bffac1a9940cb1727ea43
46201	https://ssp.kaigiroku.net/tenant/kagoshima/MinuteSearch.html	kaigiroku.net	enabled				38055e7a0e26e02b64c92a62800205cf5e99db25e632c8d5d063dd5970547e32
46203	https://ssp.kaigiroku.net/tenant/kanoya/MinuteSearch.html	kaigiroku.net	enabled				fb4ea54b358711187ee86e099cdaad7173b3bc2e094863f1e7ada9542be3f9c1
46204	https://www.city.makurazaki.lg.jp/site/gikai/5672.html	site-gikai-pdf	enabled			2026-08-02	d32b4a3007da5dc591d12f91c8ee8a8a353b868a393d85bfd0fd813a189ef82f
46206	http://www.city.akune.kagoshima.dbsr.jp/index.php/	dbsr	enabled				eb20084de3484aad10b2992f9363250c590411842337d3f8214162b33e41d4f5
46208	https://www.city.kagoshima-izumi.lg.jp/gikai/gijiroku/	独自	enabled			2026-08-02	1490a357f6c481f4d5dd8b44c11e3c58fa9f0a9f8206d90b9be754a596527748
46210			unresolved	source_url_unresolved	会議録の代表URLを未特定	2026-08-02	f4e7b529b2f42d53c257bc2782b0eb5f954301ab8fd137382d26585cfc739c60
46213			unresolved	source_url_unresolved	会議録の代表URLを未特定	2026-08-02	f4e7b529b2f42d53c257bc2782b0eb5f954301ab8fd137382d26585cfc739c60
46214	https://www.city.tarumizu.lg.jp/gikaigiji/shise/shigi/kaigiroku/gijiroku.html	独自	enabled			2026-08-02	6e79c59f0d46859a30f7660ab950645be29c62062771e5810e7856320c7c11aa
46215	https://ssp.kaigiroku.net/tenant/satsumasendai/MinuteSearch.html	kaigiroku.net	enabled				cdc98007f63b5b6133ca152839f249e53e47fa8dc07e1e43f085c77191f9044d
46216	https://www.city.hioki.kagoshima.jp/gikai/shisejoho/shigikai/kaigiroku.html	独自	enabled			2026-08-02	a434a02f17c3d8809fe08c3d14af70ac39ea7ccd8f89fdc1033d16c71ac1059f
46217	https://ssp.kaigiroku.net/tenant/soo/MinuteSearch.html	kaigiroku.net	enabled				f8c4008d64a4312874f6ae57928a75dc7b44a1d98c466ea0ae0237fa067c84f2
46218	http://www.kensakusystem.jp/kirishima/index.html	kensakusystem	enabled			2026-08-02	855c9ff9d542955395d211cb5f112618bcce61be72160173c517d05b5df69f67
46219	https://www.city.ichikikushikino.lg.jp/gikai1/gijirokukensaku.html	独自	enabled			2026-08-02	be1e246054befee39eb18f76cde5ea6254ef661ae5b0cfc8bd889d500764ffca
46220			unresolved	source_url_unresolved	会議録の代表URLを未特定	2026-08-02	f4e7b529b2f42d53c257bc2782b0eb5f954301ab8fd137382d26585cfc739c60
46221	https://www.city.shibushi.lg.jp/site/gikai/2312.html	site-gikai-pdf	enabled			2026-08-02	87f55e4aa084903c68c222197a16f496816e8bc2ef98e46636833ce13ced9c82
46222	https://www.city.amami.lg.jp/gikai/2020_2nd_kaigiroku.html	独自	enabled			2026-08-02	70166cd19bdde5ef826ee4bbbf4899df910908f3b59d4efbb46c4a8456256268
46223	https://ssp.kaigiroku.net/tenant/minamikyushu/MinuteSearch.html	kaigiroku.net	enabled				9869e2ee33ff8b771a710d60d2f99cab3f2c0f3893b26f3757a61afe8fc53204
46224	https://www.city.isa.kagoshima.dbsr.jp/index.php/	dbsr	enabled				5d809c94a56d8993a4dd9364a96179a194bf8dbbfd3811915ef1c4d4c64be542
46225	https://ssp.kaigiroku.net/tenant/aira/MinuteSearch.html	kaigiroku.net	enabled				0fa2264abdbbadff9b7e4c858a2f5a904bd48ced13cbfd088a32f71dc0cbcfb2
46303			unresolved	source_url_unresolved	会議録の代表URLを未特定	2026-08-02	f4e7b529b2f42d53c257bc2782b0eb5f954301ab8fd137382d26585cfc739c60
46304	https://www.tokara.jp/gikaireport/	独自	enabled			2026-08-02	6b78e91b0733cbf33824aebdde93f1112a884d5b87d86e0a3562043a32302a7c
46392	https://www.satsuma-net.jp/machinosugata/gikai/2/1/index.html	独自	enabled			2026-08-02	0a1a51599b26cd897af57e29b1710c6b6990b389237c0e986272640c3a74702b
46404	http://smart.discussvision.net/smart/tenant/nagashima/WebView/rd/council_1.html	discussvision	enabled			2026-08-02	6bf1dec6782a00d51d6e774db909f2477df9e2726ab4989f79e32d1ee0894214
46452			unresolved	source_url_unresolved	会議録の代表URLを未特定	2026-08-02	f4e7b529b2f42d53c257bc2782b0eb5f954301ab8fd137382d26585cfc739c60
46468	https://www.town.kagoshima-osaki.lg.jp/gj_shomu/machiannai/chogikai/kaigiroku/kaigiroku.html	独自	enabled			2026-08-02	646094f51d8b27f0591a26f1cedd53505078b6b52010f22978783f8439175c6c
46482	https://www.higashikushira.com/docs/2018012400051/	独自	enabled			2026-08-02	4dae92871451ef6a823b6984a5a5e2aee2d4167d87d66ee78680ff65ab6cff31
46490	https://www.town.kinko.lg.jp/gikai-h/chose/gikai/kaigiroku/kaigiroku.html	独自	enabled			2026-08-02	27a2831f5613571febe2120932bbae3c115fba3cdedd7441000d3f14a0050709
46491			unresolved	source_url_unresolved	会議録の代表URLを未特定	2026-08-02	f4e7b529b2f42d53c257bc2782b0eb5f954301ab8fd137382d26585cfc739c60
46492	https://ssp.kaigiroku.net/tenant/kimotsuki/MinuteSearch.html	kaigiroku.net	enabled				28dbeb48b8930a52ae3a490628500e51b4c6e3ef8a03cf6e932920b264782902
46501			unresolved	source_url_unresolved	登録URLは農業委員会総会の議事録。議会会議録の公開先を未特定		f4e7b529b2f42d53c257bc2782b0eb5f954301ab8fd137382d26585cfc739c60
46502	http://www.town.minamitane.kagoshima.jp/industry/assembly/minutes.html	独自	enabled			2026-08-02	4daeb934e6159dfd4af42d88f3fda7b8b3630d01273b8272019ad55f2d01a2b1
46505	https://www.town.yakushima.kagoshima.jp/gyosei/gikai/2/index.html	独自	enabled			2026-08-02	4ef9bc70d26248297c1b87754c7d66a8675267e8077aa1967db87f5de0d14819
46523	https://www.vill.yamato.lg.jp/hpkanri/sonse/yamatosongikai/kaigiroku/kaigiroku.html	独自	enabled			2026-08-02	27635f501fcdbb189767d067d73235a7eadac5dfd8e662c12673fdf0b84e1047
46524			unresolved	source_url_unresolved	会議録の代表URLを未特定	2026-08-02	f4e7b529b2f42d53c257bc2782b0eb5f954301ab8fd137382d26585cfc739c60
46525	https://www.town.setouchi.lg.jp/gikai/gikaikaigiroku.html	独自	enabled			2026-08-02	e1822daf574714bebd85782361b89188a1dcd99d2ed1ade8427d826d176969ff
46527	https://www.town.tatsugo.lg.jp/gikai/r402teirei.html	独自	enabled			2026-08-02	90bca607f27511ea5a70e206e3ce001687ffea15e3e8a429ff9b6648c564e485
46529			unresolved	source_url_unresolved	会議録の代表URLを未特定	2026-08-02	f4e7b529b2f42d53c257bc2782b0eb5f954301ab8fd137382d26585cfc739c60
46530	https://www.tokunoshima-town.org/gikaijimukyoku/chose/gikai/kaigiroku/index.html	独自	enabled			2026-08-02	d57511db92174b8539cd8f72822ce2fcfb210bbabcf789d4a84c822c0ef249e0
46531	https://www.town.amagi.lg.jp/gikai/kaigiroku/	独自	enabled			2026-08-02	da288c0a4febb5f4533b3207ed947215def3616c5f77d4eff96263b4303649d4
46532	https://www.town.isen.kagoshima.jp/gikai/chosejoho/gikai/kaigiroku.html	独自	enabled			2026-08-02	db9e0ae643fa6b4e6ea1226fefa40bb9a305e1ca37a4313a08b8974ff03478e4
46533	https://www.town.wadomari.lg.jp/gikai/wadomaricho/gikai/gikaigijiroku/r7/r7_1_01.html	static-kaigiroku-dir	enabled			2026-08-02	0d4fa32e07e7c85ff1cc3c3be5e954cf37cca6e3088ff9898564465c9f110820
46534	https://www.town.china.lg.jp/chosei/gikai/2152.html	独自	enabled			2026-08-02	1f3c9868592c207bf3f1791eb8b02621368b649144ba5411e5ec856a2e4d3594
46535			unresolved	source_url_unresolved	会議録の代表URLを未特定	2026-08-02	f4e7b529b2f42d53c257bc2782b0eb5f954301ab8fd137382d26585cfc739c60
47000	https://ssp.kaigiroku.net/tenant/prefokinawa/MinuteSearch.html	kaigiroku.net	enabled				b7e3e0cc1ea9aada8df98c1d6c284272db730849e3adc63b217eda10ffa63dc8
47201	https://naha.gijiroku.com/kaigiroku/voices/g07v_search.asp	gijiroku.com	enabled			2026-08-02	ff3ac741010ef174765c4c3c8fc2322383c42b2aa749ef57bab19725f94d8b3a
47205	https://ssp.kaigiroku.net/tenant/ginowan/SpMinuteSearch.html	kaigiroku.net	enabled				62c9886db6a7ad95cdcdbe434c99e38801a08072a705fbfa0e2cacbf5bcce060
47207	https://ssp.kaigiroku.net/tenant/ishigaki/MinuteSearch.html	kaigiroku.net	enabled				a8d5ceef1119d855eee21ff4d2e94e139b437981d11305c90078163aaebbe5fa
47208	https://ssp.kaigiroku.net/tenant/urasoe/MinuteSearch.html	kaigiroku.net	enabled				b607f2fa9d20422b846a987c03b4d998b6e7a3f092f5d979551bf660b75076b1
47209	https://ssp.kaigiroku.net/tenant/nago/MinuteSearch.html	kaigiroku.net	enabled				919f78458c36607c70079677c39d37a9e5f3c8bd9bbec3213621bfc2747fec73
47210	https://ssp.kaigiroku.net/tenant/itoman/MinuteSearch.html	kaigiroku.net	enabled				9b024ad73cd8560686f5c039a925dab1c1f02a11e134f13770c2727047aa102e
47211	https://ssp.kaigiroku.net/tenant/okinawa/SpMinuteSearch.html	kaigiroku.net	enabled				33d910fc52749b879ecacc8b1bad1c0bc352ac839cd9882aa24762ab0edcf5cd
47212	https://ssp.kaigiroku.net/tenant/tomigusuku/MinuteSearch.html	kaigiroku.net	enabled				c59cd7f4c34b09209b5fadd94a58bc7dde9446ab113ac0275758e07f29e46b74
47213	https://ssp.kaigiroku.net/tenant/uruma/SpMinuteSearch.html	kaigiroku.net	enabled				7547c517a56ef7d7e1df3d4c277ec50e5fd108bc08848490b74f3dd2a28b67ec
47214	https://ssp.kaigiroku.net/tenant/miyakojima/MinuteSearch.html	kaigiroku.net	enabled				c1879e5786d5ea9ae817298e5b6c782e936b8233d7cd43a6d388896472cb889f
47215	https://ssp.kaigiroku.net/tenant/nanjo/SpMinuteSearch.html	kaigiroku.net	enabled				f9d4f077d20830369588627bfd2c4a8488ef186c06bb67b57595763cf7fa3068
47301	https://www.vill.kunigami.okinawa.jp/category/i_nougyou/nougyou_kaigiroku/	独自	enabled			2026-08-02	6039e99f95e1c892c29784eb2f817f963fccf068717db7987a109ed260da162a
47302			unresolved	source_url_unresolved	会議録の代表URLを未特定	2026-08-02	f4e7b529b2f42d53c257bc2782b0eb5f954301ab8fd137382d26585cfc739c60
47303	https://ssp.kaigiroku.net/tenant/higashi/MinuteSearch.html	kaigiroku.net	enabled				f44a42d3e39c111ab3d349e44ebfb0e1aaad551e44c62816835578fa919f28a6
47306			unresolved	source_url_unresolved	会議録の代表URLを未特定	2026-08-02	f4e7b529b2f42d53c257bc2782b0eb5f954301ab8fd137382d26585cfc739c60
47308	https://www.town.motobu.okinawa.jp/doc/2023103100062/	独自	enabled			2026-08-02	e44b48e19087a60d47579d05bf54ed16cb491e7a276dec50124e873f7a57a92d
47311	https://ssp.kaigiroku.net/tenant/onna/SpMinuteSearch.html	kaigiroku.net	enabled				603d3c6fe02100c719e770832484d464bd67da9232da7447cd123dd0ce868536
47313	https://ssp.kaigiroku.net/tenant/ginoza/MinuteSearch.html	kaigiroku.net	enabled				030439365b9ef277d1a974501283deac4668e883bd49b175ad27594a8f9bc713
47314	http://gikai.town.kin.okinawa.jp/kinchou/kensaku/	独自	enabled			2026-08-02	ac7772345d7cb5501fd139efa5926f387c5f300e331b5a5f8fd4c77633ce0963
47315	https://iegikai.iejima.org/category/kaigiroku/	独自	enabled			2026-08-02	7b4a1edfcd55e41fcb7d08514e71e258e19e9f457715f60ca5b4ee5e019c9e54
47324	https://ssp.kaigiroku.net/tenant/yomitan/SpMinuteSearch.html	kaigiroku.net	enabled				31c42bf277ede03e4044dbfd8b8ea77739813d8fcdd46caca0a56eeccfe2d36a
47325	https://ssp.kaigiroku.net/tenant/kadena/SpMinuteSearch.html	kaigiroku.net	enabled				daf6eba9b8588674daa4dd365e9bdfacbf1ca239b0722e0f4d6593df7e9bdf3e
47326	https://ssp.kaigiroku.net/tenant/chatan/SpMinuteSearch.html	kaigiroku.net	enabled				56bc86c94eafec193757d8885506cca84be6607905ab2f1e78ce1ee7fde1d2ba
47327	https://ssp.kaigiroku.net/tenant/kitanakagusuku/SpTop.html	kaigiroku.net	enabled				8def3a1b65410d0ce09459970979ad9bf09a70cdd38e0073b31ccf672d760011
47328	https://ssp.kaigiroku.net/tenant/nakagusuku/SpTop.html	kaigiroku.net	enabled				aba32e0c2e75af35558c202d7f9e38f0369bfeb5604cf5ca243f8353771f2250
47329	https://ssp.kaigiroku.net/tenant/nishihara/SpMinuteSearch.html	kaigiroku.net	enabled				064a897aaed69f554ad00af759bf39f66dc529528a50a4b21d987614fabc1fbf
47348	https://ssp.kaigiroku.net/tenant/yonabaru/MinuteSearch.html	kaigiroku.net	enabled				6a0663d5578689c5d638b536e3331622a55e9ef222a951c697c20bc9a7a79f42
47350	https://www.town.haebaru.lg.jp/site/gikai/15299.html	独自	enabled			2026-08-02	3a34b384bd9d4498385191281c6d4bbec410a0ea5908895e9598b0002cf1d8cf
47353	https://www.vill.tokashiki.okinawa.jp/gyoseijoho/tokashikisongikai/2/2109.html	独自	enabled			2026-08-02	3e539986d5ce11fa67f938ba4cd76b98e989deb67b543ad0174145976e348f0a
47354	https://www.vill.zamami.okinawa.jp/sonsei/songikai/kaigiroku/h23/	独自	enabled			2026-08-02	055e7b15e6f78248771f2bbf2fa6d4f4e707ad786144dd594b8a863f3e4410b6
47355			unresolved	source_url_unresolved	会議録の代表URLを未特定	2026-08-02	f4e7b529b2f42d53c257bc2782b0eb5f954301ab8fd137382d26585cfc739c60
47356			unresolved	source_url_unresolved	会議録の代表URLを未特定	2026-08-02	f4e7b529b2f42d53c257bc2782b0eb5f954301ab8fd137382d26585cfc739c60
47357			unresolved	source_url_unresolved	会議録の代表URLを未特定	2026-08-02	f4e7b529b2f42d53c257bc2782b0eb5f954301ab8fd137382d26585cfc739c60
47358			unresolved	source_url_unresolved	会議録の代表URLを未特定	2026-08-02	f4e7b529b2f42d53c257bc2782b0eb5f954301ab8fd137382d26585cfc739c60
47359	https://www.vill.iheya.okinawa.jp/site/sanngyou/2534.html	独自	enabled			2026-08-02	e66786d585c9ea03270c9e84c510f7cfb4bc1a20e983933370913084ebfbbc80
47360	https://vill.izena.okinawa.jp/soshiki/gikai/kaigiroku/	独自	enabled			2026-08-02	939e84f9e608f786a52e17f5f6540d699cfb9ebafd5d1acec1c1551a5adbed1e
47361	https://ssp.kaigiroku.net/tenant/kumejima/MinuteSearch.html	kaigiroku.net	enabled				067a365802eb19f0a7eeec58d7caa0ad6cfe3e0b463b3b635d36fde4bc07a0ba
47362	https://ssp.kaigiroku.net/tenant/yaese/pg/index.html	kaigiroku.net	enabled				24088d94547995f953237375c91f9b50dab39cde126faae2d796dec20242bed2
47375			unresolved	source_url_unresolved	会議録の代表URLを未特定	2026-08-02	f4e7b529b2f42d53c257bc2782b0eb5f954301ab8fd137382d26585cfc739c60
47381	https://ssp.kaigiroku.net/tenant/taketomi/MinuteSearch.html	kaigiroku.net	enabled				877215f08efc3901308fc6352f6881bf4cb772371303d0bdf190843c53bb9f1d
47382			unresolved	source_url_unresolved	会議録の代表URLを未特定	2026-08-02	f4e7b529b2f42d53c257bc2782b0eb5f954301ab8fd137382d26585cfc739c60
