jis_code	url	system_type	crawl_status	exclusion_reason	exclusion_detail
01000	https://ops-jg.d1-law.com/opensearch/SrMjF01/init?jctcd=8A79F3E9AA	d1-law	enabled		
01100	https://www.city.sapporo.jp/ncms/reiki/d1w_reiki/reiki.html	d1-law	enabled		
01202	https://krr376.legal-square.com/HAS-Shohin/page/SJSrbLogin.jsf	legal-square	enabled		
01203	https://www1.g-reiki.net/city.otaru/reiki_menu.html	g-reiki	enabled		
01204	https://www1.city.asahikawa.hokkaido.jp/files/soumu_soumu/d1w_reiki/reiki.html	d1-law	enabled		
01205	https://www1.g-reiki.net/muroran/reiki_menu.html	g-reiki	enabled		
01206	https://www1.g-reiki.net/kushiro/reiki_menu.html	g-reiki	enabled		
01207	https://ops-jg.d1-law.com/opensearch/SrMjF01/init?jctcd=8A79F434B1	d1-law	enabled		
01208	https://public2.legalcrud.com/kitami_city/reiki/	legalcrud	enabled		
01209	https://www.city.yubari.lg.jp/contents/illustrative/reiki_int/reiki_menu.html	taikei	enabled		
01210	https://www.city.iwamizawa.hokkaido.jp/section/reiki/index.html	taikei	enabled		
01211	https://www1.g-reiki.net/city.abashiri/reiki_menu.html	g-reiki	enabled		
01212	https://en3-jg.d1-law.com/rumoi/d1w_reiki/reiki.html	d1-law	enabled		
01213	https://kra014.legal-square.com/HAS-Shohin/page/SJSrbLogin.jsf	legal-square	enabled		
01214	https://www.city.wakkanai.hokkaido.jp/data/reiki/reiki.html	reiki.html	enabled		
01215	https://lg.joureikun.jp/bibai_city/reiki/	joureikun	enabled		
01216	http://houmu.h-chosonkai.gr.jp/~reikidb/data/6/43/reiki_menu.html	taikei	enabled		
01217	https://en3-jg.d1-law.com/ebetsu-shi/d1w_reiki/reiki.htm	d1-law	enabled		
01218	https://www.city.akabira.hokkaido.jp/reiki_int/reiki_menu.html	taikei	enabled		
01219	https://mombetsu.jp/reiki/reiki_menu.html	taikei	enabled		
01220	https://en3-jg.d1-law.com/shibetsu/d1w_reiki/reiki.html	d1-law	enabled		
01221	https://en3-jg.d1-law.com/nayoro/d1w_reiki/reiki.html	d1-law	enabled		
01222	https://www.city.mikasa.hokkaido.jp/contents/reiki_int/reiki_menu.html	taikei	enabled		
01223	https://en3-jg.d1-law.com/nemuro/d1w_reiki/reiki.html	d1-law	enabled		
01224	https://en3-jg.d1-law.com/chitose/d1w_reiki/reiki.html	d1-law	enabled		
01225	https://ops-jg.d1-law.com/opensearch/SrMjF01/init?jctcd=8A79F4356F	d1-law	enabled		
01226	http://www.city.sunagawa.hokkaido.jp/d1w_reiki/reiki.html	d1-law	enabled		
01227	https://www.city.utashinai.hokkaido.jp/contents/reiki/reiki.html	reiki.html	enabled		
01228	https://www1.g-reiki.net/fukagawa/reiki_menu.html	g-reiki	enabled		
01229	https://en3-jg.d1-law.com/furano/d1w_reiki/reiki.html	d1-law	enabled		
01230	https://www1.g-reiki.net/noboribetsu2/reiki_menu.html	g-reiki	enabled		
01231	https://www1.g-reiki.net/eniwa/reiki_menu.html	g-reiki	enabled		
01233	https://www1.g-reiki.net/date/reiki_menu.html	g-reiki	enabled		
01234	https://www1.g-reiki.net/kitahiroshima/reiki_menu.html	g-reiki	enabled		
01235	https://en3-jg.d1-law.com/ishikari/d1w_reiki/reiki.html	d1-law	enabled		
01236	https://www.city.hokuto.hokkaido.jp/reiki_int/reiki_menu.html	taikei	enabled		
01303	http://houmu.h-chosonkai.gr.jp/~reikidb/data/124/30/reiki.html	h-chosonkai	enabled		
01304	http://houmu.h-chosonkai.gr.jp/~reikidb/data/100/40/reiki_menu.html	taikei	enabled		
01331	http://houmu.h-chosonkai.gr.jp/~reikidb/data/183/83/reiki_menu.html	taikei	enabled		
01332	http://houmu.h-chosonkai.gr.jp/~reikidb/data/171/54/reiki_menu.html	taikei	enabled		
01333	http://houmu.h-chosonkai.gr.jp/~reikidb/data/99/50/reiki_menu.html	taikei	enabled		
01334	http://houmu.h-chosonkai.gr.jp/~reikidb/data/58/51/reiki_menu.html	taikei	enabled		
01337	http://houmu.h-chosonkai.gr.jp/~reikidb/data/142/57/reiki_menu.html	taikei	enabled		
01343	http://houmu.h-chosonkai.gr.jp/~reikidb/data/84/49/reiki_menu.html	taikei	enabled		
01345	https://houmu.h-chosonkai.gr.jp/~reikidb/data/194/68/reiki_menu.html	h-chosonkai	enabled		
01346	https://houmu.h-chosonkai.gr.jp/~reikidb/data/197/56/reiki_menu.html	h-chosonkai	enabled		
01347	http://houmu.h-chosonkai.gr.jp/~reikidb/data/42/49/reiki.html	h-chosonkai	enabled		
01361	http://houmu.h-chosonkai.gr.jp/~reikidb/data/28/34/reiki_menu.html	taikei	enabled		
01362	http://houmu.h-chosonkai.gr.jp/~reikidb/data/54/52/reiki.html	h-chosonkai	enabled		
01363	http://houmu.h-chosonkai.gr.jp/~reikidb/data/10/54/reiki_menu.html	taikei	enabled		
01364	http://houmu.h-chosonkai.gr.jp/~reikidb/data/46/26/reiki.html	h-chosonkai	enabled		
01367	http://houmu.h-chosonkai.gr.jp/~reikidb/data/39/50/reiki.html	h-chosonkai	enabled		
01370	http://houmu.h-chosonkai.gr.jp/~reikidb/data/18/58/reiki_menu.html	taikei	enabled		
01371	http://houmu.h-chosonkai.gr.jp/~reikidb/data/106/57/reiki.html	h-chosonkai	enabled		
01391	https://houmu.h-chosonkai.gr.jp/~reikidb/data/90/43/reiki_menu.html	h-chosonkai	enabled		
01392	http://houmu.h-chosonkai.gr.jp/~reikidb/data/104/51/reiki_menu.html	taikei	enabled		
01393	http://houmu.h-chosonkai.gr.jp/~reikidb/data/73/5/reiki.html	h-chosonkai	enabled		
01394	http://houmu.h-chosonkai.gr.jp/~reikidb/data/203/21/reiki_menu.html	taikei	enabled		
01395	https://en3-jg.d1-law.com/niseko/d1w_reiki/reiki.html	d1-law	enabled		
01396	https://www1.g-reiki.net/vill.makkari/reiki_menu.html	g-reiki	enabled		
01397	https://en3-jg.d1-law.com/rusutsu/d1w_reiki/reiki.htm	d1-law	enabled		
01398	http://houmu.h-chosonkai.gr.jp/~reikidb/data/63/37/reiki_menu.html	taikei	enabled		
01399	https://www1.g-reiki.net/kyougoku/reiki_menu.html	g-reiki	enabled		
01400	http://houmu.h-chosonkai.gr.jp/~reikidb/data/69/67/reiki_menu.html	taikei	enabled		
01401	http://houmu.h-chosonkai.gr.jp/~reikidb/data/65/59/reiki_menu.html	taikei	enabled		
01402	https://www.town.iwanai.hokkaido.jp/d1w_reiki/reiki.html	d1-law	enabled		
01403	http://houmu.h-chosonkai.gr.jp/~reikidb/data/131/42/reiki.html	h-chosonkai	enabled		
01404	http://houmu.h-chosonkai.gr.jp/~reikidb/data/57/23/reiki.html	h-chosonkai	enabled		
01405	http://houmu.h-chosonkai.gr.jp/~reikidb/data/94/46/reiki_menu.html	taikei	enabled		
01406	https://houmu.h-chosonkai.gr.jp/~reikidb/data/173/61/reiki.htm	h-chosonkai	enabled		
01407	http://houmu.h-chosonkai.gr.jp/~reikidb/data/146/39/reiki.html	h-chosonkai	enabled		
01408	http://www.town.yoichi.hokkaido.jp/reikishu/reiki_taikei/r_taikei_03_01.html	taikei	enabled		
01409	http://houmu.h-chosonkai.gr.jp/~reikidb/data/2/36/reiki_menu.html	taikei	enabled		
01423	http://houmu.h-chosonkai.gr.jp/~reikidb/data/144/53/reiki.html	h-chosonkai	enabled		
01424	http://houmu.h-chosonkai.gr.jp/~reikidb/data/135/52/reiki.html	h-chosonkai	enabled		
01425	http://houmu.h-chosonkai.gr.jp/~reikidb/data/53/37/reiki.html	h-chosonkai	enabled		
01427	https://www1.g-reiki.net/town.yuni/reiki_menu.html	g-reiki	enabled		
01428	https://www1.g-reiki.net/maoi.naganuma/reiki_menu.html	g-reiki	enabled		
01429	https://www1.g-reiki.net/town.kuriyama/reiki_menu.html	g-reiki	enabled		
01430	http://houmu.h-chosonkai.gr.jp/~reikidb/data/118/57/reiki_menu.html	taikei	enabled		
01431	http://houmu.h-chosonkai.gr.jp/~reikidb/data/23/50/reiki_menu.html	taikei	enabled		
01432	http://houmu.h-chosonkai.gr.jp/~reikidb/data/102/45/reiki.html	h-chosonkai	enabled		
01433	http://houmu.h-chosonkai.gr.jp/~reikidb/data/193/46/reiki.html	h-chosonkai	enabled		
01434	http://houmu.h-chosonkai.gr.jp/~reikidb/data/115/46/reiki.html	h-chosonkai	enabled		
01436	https://www1.g-reiki.net/town.uryu/reiki_menu.html	g-reiki	enabled		
01437	http://houmu.h-chosonkai.gr.jp/~reikidb/data/176/59/reiki_menu.html	taikei	enabled		
01438	http://houmu.h-chosonkai.gr.jp/~reikidb/data/149/50/reiki.html	h-chosonkai	enabled		
01452	http://houmu.h-chosonkai.gr.jp/~reikidb/data/110/33/reiki.html	h-chosonkai	enabled		
01453	https://www.town.higashikagura.lg.jp/reiki_int/reiki_menu.html	taikei	enabled		
01454	http://houmu.h-chosonkai.gr.jp/~reikidb/data/125/55/reiki.html	h-chosonkai	enabled		
01455	https://en3-jg.d1-law.com/pippu/d1w_reiki/reiki.html	d1-law	enabled		
01456	http://houmu.h-chosonkai.gr.jp/~reikidb/data/1/74/reiki.html	h-chosonkai	enabled		
01457	http://www.town.hokkaido-kamikawa.lg.jp/reiki/reiki_taikei/taikei_default.html	taikei	enabled		
01458	http://houmu.h-chosonkai.gr.jp/~reikidb/data/160/44/reiki.html	h-chosonkai	enabled		
01459	http://houmu.h-chosonkai.gr.jp/~reikidb/data/158/52/reiki.html	h-chosonkai	enabled		
01460	http://houmu.h-chosonkai.gr.jp/~reikidb/data/55/56/reiki.html	h-chosonkai	enabled		
01461	https://www.town.nakafurano.lg.jp/reiki_int/reiki_menu.html	taikei	enabled		
01462	http://houmu.h-chosonkai.gr.jp/~reikidb/data/188/10/reiki.html	h-chosonkai	enabled		
01463	http://houmu.h-chosonkai.gr.jp/~reikidb/data/92/51/reiki.html	h-chosonkai	enabled		
01464	http://houmu.h-chosonkai.gr.jp/~reikidb/data/212/4/reiki.html	h-chosonkai	enabled		
01465	http://houmu.h-chosonkai.gr.jp/~reikidb/data/75/51/reiki.html	h-chosonkai	enabled		
01468	https://houmu.h-chosonkai.gr.jp/~reikidb/data/93/11/reiki_menu.html	h-chosonkai	enabled		
01469	http://houmu.h-chosonkai.gr.jp/~reikidb/data/165/47/reiki.html	h-chosonkai	enabled		
01470	http://www2.vill.otoineppu.hokkaido.jp/reiki/reiki_menu.html	taikei	enabled		
01471	https://houmu.h-chosonkai.gr.jp/~reikidb/data/136/25/reiki_menu.html	h-chosonkai	enabled		
01472	http://houmu.h-chosonkai.gr.jp/~reikidb/data/177/54/reiki.html	h-chosonkai	enabled		
01481	http://houmu.h-chosonkai.gr.jp/~reikidb/data/181/54/reiki.html	h-chosonkai	enabled		
01482	http://houmu.h-chosonkai.gr.jp/~reikidb/data/48/44/reiki.html	h-chosonkai	enabled		
01483	http://www.town.tomamae.lg.jp/reiki/reiki_menu.html	taikei	enabled		
01484	http://houmu.h-chosonkai.gr.jp/~reikidb/data/153/57/reiki.html	h-chosonkai	enabled		
01485	http://houmu.h-chosonkai.gr.jp/~reikidb/data/96/13/reiki_menu.html	taikei	enabled		
01486	http://houmu.h-chosonkai.gr.jp/~reikidb/data/34/54/reiki.html	h-chosonkai	enabled		
01487	http://houmu.h-chosonkai.gr.jp/~reikidb/data/121/54/reiki.html	h-chosonkai	enabled		
01511	https://www.vill.sarufutsu.hokkaido.jp/contents/reiki/reiki.html	reiki.html	enabled		
01512	https://www1.g-reiki.net/hamatonbetsu/reiki_menu.html	g-reiki	enabled		
01513	http://houmu.h-chosonkai.gr.jp/~reikidb/data/139/55/reiki_menu.html	taikei	enabled		
01514	http://houmu.h-chosonkai.gr.jp/~reikidb/data/27/53/reiki.html	h-chosonkai	enabled		
01516	http://houmu.h-chosonkai.gr.jp/~reikidb/data/134/54/reiki.html	h-chosonkai	enabled		
01517	http://houmu.h-chosonkai.gr.jp/~reikidb/data/210/50/reiki.html	h-chosonkai	enabled		
01518	http://houmu.h-chosonkai.gr.jp/~reikidb/data/205/47/reiki.html	h-chosonkai	enabled		
01519	http://houmu.h-chosonkai.gr.jp/~reikidb/data/206/52/reiki.html	h-chosonkai	enabled		
01520	http://houmu.h-chosonkai.gr.jp/~reikidb/data/178/34/reiki.html	h-chosonkai	enabled		
01543	http://bousai.town.bihoro.hokkaido.jp/reiki/reiki_menu.html	taikei	enabled		
01544	https://ops-jg.d1-law.com/opensearch/SrMjF01/init?jctcd=8A79F4AC94	d1-law	enabled		
01545	https://houmu.h-chosonkai.gr.jp/~reikidb/data/95/54/reiki_menu.html	h-chosonkai	enabled		
01546	http://houmu.h-chosonkai.gr.jp/~reikidb/data/66/58/reiki_menu.html	taikei	enabled		
01547	http://houmu.h-chosonkai.gr.jp/~reikidb/data/76/54/reiki.html	h-chosonkai	enabled		
01549	http://houmu.h-chosonkai.gr.jp/~reikidb/data/74/53/reiki.html	h-chosonkai	enabled		
01550	http://houmu.h-chosonkai.gr.jp/~reikidb/data/40/59/reiki_menu.html	taikei	enabled		
01552	https://www.town.saroma.hokkaido.jp/reiki_int/reiki_menu.html	taikei	enabled		
01555	https://engaru.jp/reiki/reiki_menu.html	taikei	enabled		
01559	http://houmu.h-chosonkai.gr.jp/~reikidb/data/199/57/reiki_menu.html	taikei	enabled		
01560	http://houmu.h-chosonkai.gr.jp/~reikidb/data/112/79/reiki_menu.html	taikei	enabled		
01561	https://public.joureikun.jp/okoppe_town/reiki/	joureikun	enabled		
01562	http://houmu.h-chosonkai.gr.jp/~reikidb/data/147/47/reiki.html	h-chosonkai	enabled		
01563	http://houmu.h-chosonkai.gr.jp/~reikidb/data/36/62/reiki_menu.html	taikei	enabled		
01564	https://www.town.ozora.hokkaido.jp/section/reiki_int/reiki_menu.html	taikei	enabled		
01571	https://houmu.h-chosonkai.gr.jp/~reikidb/data/132/77/reiki_menu.html	h-chosonkai	enabled		
01575	http://houmu.h-chosonkai.gr.jp/~reikidb/data/107/43/reiki_menu.html	taikei	enabled		
01578	https://www.town.shiraoi.hokkaido.jp/reiki_int/reiki_menu.html	taikei	enabled		
01581	http://houmu.h-chosonkai.gr.jp/~reikidb/data/12/50/reiki_menu.html	taikei	enabled		
01584	http://houmu.h-chosonkai.gr.jp/~reikidb/data/126/40/reiki.html	h-chosonkai	enabled		
01585	http://houmu.h-chosonkai.gr.jp/~reikidb/data/7/60/reiki.html	h-chosonkai	enabled		
01586	http://houmu.h-chosonkai.gr.jp/~reikidb/data/189/43/reiki_menu.html	taikei	enabled		
01601	https://www.town.hidaka.hokkaido.jp/reiki/reiki.html	reiki.html	enabled		
01602	http://houmu.h-chosonkai.gr.jp/~reikidb/data/167/46/reiki.html	h-chosonkai	enabled		
01604	https://www.niikappu.jp/reiki/	taikei	enabled		
01607	https://www.town.urakawa.hokkaido.jp/reiki/reiki_menu.html	taikei	enabled		
01608	http://houmu.h-chosonkai.gr.jp/~reikidb/data/78/57/reiki.html	h-chosonkai	enabled		
01609	http://houmu.h-chosonkai.gr.jp/~reikidb/data/32/51/reiki.html	h-chosonkai	enabled		
01610	https://www.shinhidaka-hokkaido.jp/reiki_int/reiki_menu.html	taikei	enabled		
01631	https://www1.g-reiki.net/otofuke/reiki_menu.html	g-reiki	enabled		
01632	https://www1.g-reiki.net/shihoro/reiki_menu.html	g-reiki	enabled		
01633	http://houmu.h-chosonkai.gr.jp/~reikidb/data/52/51/reiki.html	h-chosonkai	enabled		
01634	https://www1.g-reiki.net/shikaoi/reiki_menu.html	g-reiki	enabled		
01635	http://houmu.h-chosonkai.gr.jp/~reikidb/data/101/56/reiki.html	h-chosonkai	enabled		
01636	http://houmu.h-chosonkai.gr.jp/~reikidb/data/91/62/reiki.html	h-chosonkai	enabled		
01637	http://houmu.h-chosonkai.gr.jp/~reikidb/data/192/55/reiki.html	h-chosonkai	enabled		
01638	http://houmu.h-chosonkai.gr.jp/~reikidb/data/137/58/reiki.html	h-chosonkai	enabled		
01639	http://houmu.h-chosonkai.gr.jp/~reikidb/data/79/61/reiki.html	h-chosonkai	enabled		
01641	http://houmu.h-chosonkai.gr.jp/~reikidb/data/108/46/reiki.html	h-chosonkai	enabled		
01642	http://houmu.h-chosonkai.gr.jp/~reikidb/data/168/24/reiki.html	h-chosonkai	enabled		
01643	http://houmu.h-chosonkai.gr.jp/~reikidb/data/180/45/reiki.html	h-chosonkai	enabled		
01644	https://ops-jg.d1-law.com/opensearch/SrMjF01/init?jctcd=8A79F4D408	d1-law	enabled		
01645	https://www.toyokoro.jp/reiki/reiki_int/reiki_menu.html	taikei	enabled		
01646	https://www1.g-reiki.net/town.honbetsu/reiki_menu.html	g-reiki	enabled		
01647	http://houmu.h-chosonkai.gr.jp/~reikidb/data/8/51/reiki.html	h-chosonkai	enabled		
01648	http://houmu.h-chosonkai.gr.jp/~reikidb/data/204/49/reiki.html	h-chosonkai	enabled		
01649	http://houmu.h-chosonkai.gr.jp/~reikidb/data/25/56/reiki.html	h-chosonkai	enabled		
01661	https://www1.g-reiki.net/town.kushiro/reiki_menu.html	g-reiki	enabled		
01662	https://www.akkeshi-town.jp/reiki_file/reiki_menu.html	taikei	enabled		
01663	https://www1.g-reiki.net/townhamanaka/reiki_menu.html	g-reiki	enabled		
01664	http://houmu.h-chosonkai.gr.jp/~reikidb/data/86/57/reiki.html	h-chosonkai	enabled		
01665	http://houmu.h-chosonkai.gr.jp/~reikidb/data/122/47/reiki.html	h-chosonkai	enabled		
01667	http://houmu.h-chosonkai.gr.jp/~reikidb/data/120/57/reiki.html	h-chosonkai	enabled		
01668	https://www1.g-reiki.net/town.shiranuka/reiki_menu.html	g-reiki	enabled		
01691	http://houmu.h-chosonkai.gr.jp/~reikidb/data/174/59/reiki_menu.html	taikei	enabled		
01692	http://houmu.h-chosonkai.gr.jp/~reikidb/data/138/63/reiki.html	h-chosonkai	enabled		
01693	https://houmu.h-chosonkai.gr.jp/~reikidb/data/88/52/reiki_menu.html	h-chosonkai	enabled		
01694	https://www1.g-reiki.net/rausu-town/reiki_menu.html	g-reiki	enabled		
01695			enabled		
01696		h-chosonkai	unresolved	duplicate_of_same_name	後志の泊村(01403)と同じURLが登録されていた。北海道に泊村は1つしかない
01697			enabled		
01698			enabled		
01699			enabled		
01700			enabled		
02000	https://reiki.pref.aomori.lg.jp/reiki_taikei/taikei_default.html	taikei	enabled		
02201	https://www.city.aomori.aomori.jp/area/reiki/reiki_menu.html	taikei	enabled		
02202	https://ops-jg.d1-law.com/opensearch/SrMjF01/init?jctcd=8A7A02175C	d1-law	enabled		
02203	https://www1.g-reiki.net/city.hachinohe/reiki_menu.html	g-reiki	enabled		
02204	https://www1.g-reiki.net/city.kuroishi/reiki_menu.html	g-reiki	enabled		
02205	https://www1.g-reiki.net/city.goshogawara/reiki_menu.html	g-reiki	enabled		
02206	https://www.city.towada.lg.jp/reiki_int/reiki_menu.html	taikei	enabled		
02207	http://www.city.misawa.lg.jp/reiki_int/reiki_kana/r_50_to.html	taikei	enabled		
02208	http://www.city.mutsu.lg.jp/reiki/reiki_menu.html	taikei	enabled		
02209	https://en3-jg.d1-law.com/tsugaru/d1w_reiki/reiki.html	d1-law	enabled		
02210	https://www.city.hirakawa.lg.jp/reiki_int/reiki_menu.html	taikei	enabled		
02301	https://en3-jg.d1-law.com/hiranai/d1w_reiki/reiki.html	d1-law	enabled		
02303	https://www.town.imabetsu.lg.jp/gyousei/reiki/reiki_menu.html	taikei	enabled		
02304	https://www1.g-reiki.net/vill.yomogita/reiki_menu.html	g-reiki	enabled		
02307	http://www.town.sotogahama.lg.jp/reiki_int/reiki_menu.html	taikei	enabled		
02321	https://www.town.ajigasawa.lg.jp/reiki_int/reiki_menu.html	taikei	enabled		
02323	https://www1.g-reiki.net/town.fukaura/reiki_menu.html	g-reiki	enabled		
02343	https://www.nishimeya.jp/section/reiki_int/reiki_menu.html	taikei	enabled		
02361	https://www1.g-reiki.net/town.fujisaki/reiki_menu.html	g-reiki	enabled		
02362	http://www.town.owani.lg.jp/reiki/reiki_menu.html	taikei	enabled		
02367	http://www.vill.inakadate.lg.jp/_common/themes/inakadate/reiki_int/reiki_menu.html	taikei	enabled		
02381	https://www.town.itayanagi.aomori.jp/reiki/reiki_menu.html	taikei	enabled		
02384	https://en3-jg.d1-law.com/tsuruta/d1w_reiki/reiki.html	d1-law	enabled		
02387	https://www.town.nakadomari.lg.jp/section/reiki_int/reiki_menu.html	taikei	enabled		
02401	https://www1.g-reiki.net/town.noheji.aomori/reiki_menu.html	g-reiki	enabled		
02402	http://www.town.shichinohe.lg.jp/kouhou/reiki/reiki_int/reiki_menu.html	taikei	enabled		
02405	https://www1.g-reiki.net/rokunohe/reiki_menu.html	g-reiki	enabled		
02406	https://en3-jg.d1-law.com/yokohama/d1w_reiki/reiki.html	d1-law	enabled		
02408	https://www.town.tohoku.lg.jp/chousei/t_data/reiki/reiki_menu.html	taikei	enabled		
02411	https://en3-jg.d1-law.com/rokkasho/d1w_reiki/reiki.html	d1-law	enabled		
02412	https://krr235.legal-square.com/HAS-Shohin/page/SJSrbLogin.jsf	legal-square	enabled		
02423	https://en3-jg.d1-law.com/ooma/d1w_reiki/reiki.html	d1-law	enabled		
02424	http://www.vill.higashidoori.lg.jp/reiki_int/reiki_menu.html	taikei	enabled		
02425			enabled		
02426	https://www.vill.sai.lg.jp/reiki_int/	taikei	enabled		
02441	https://www.town.sannohe.aomori.jp/section/reiki_int/reiki_menu.html	taikei	enabled		
02442	https://en3-jg.d1-law.com/gonohe/d1w_reiki/reiki.html	d1-law	enabled		
02443	https://www.town.takko.lg.jp/reiki/reiki_menu.html	taikei	enabled		
02445	https://ops-jg.d1-law.com/opensearch/SrMjF01/init?jctcd=8A7A0267D1	d1-law	enabled		
02446	https://www1.g-reiki.net/town.hashikami/reiki_menu.html	g-reiki	enabled		
02450			enabled		
03000	https://www1.g-reiki.net/pref.iwate/reiki_menu.html	g-reiki	enabled		
03201	https://ops-jg.d1-law.com/opensearch/SrFeF01/init?jctcd=8A7A1180AB	d1-law	enabled		
03202	https://krr186.legal-square.com/HAS-Shohin/page/SJSrbLogin.jsf	legal-square	enabled		
03203	https://www1.g-reiki.net/city.ofunato/reiki_menu.html	g-reiki	enabled		
03205	https://en3-jg.d1-law.com/hanamaki/d1w_reiki/reiki.html	d1-law	enabled		
03206	https://www1.g-reiki.net/kitakami/reiki_menu.html	g-reiki	enabled		
03207	https://ops-jg.d1-law.com/opensearch/SrMjF01/init?jctcd=8A7A1180B1	d1-law	enabled		
03208	https://www1.g-reiki.net/tono/reiki_menu.html	g-reiki	enabled		
03209	https://www1.g-reiki.net/ichinoseki/reiki_menu.html	g-reiki	enabled		
03210	https://www.city.rikuzentakata.iwate.jp/section/reiki/reiki_menu.html	taikei	enabled		
03211	https://www1.g-reiki.net/kamaishi/reiki_menu.html	g-reiki	enabled		
03213	https://www.city.ninohe.lg.jp/div/soumu/htm/d1w_reiki/reiki.html	d1-law	enabled		
03214	https://ops-jg.d1-law.com/opensearch/SrFeF01/init?jctcd=8A7A118113	d1-law	enabled		
03215	https://www.city.oshu.iwate.jp/section/reiki_int/reiki_menu.html	taikei	enabled		
03216	https://ops-jg.d1-law.com/opensearch/SrMjF01/init?jctcd=8A7A118115	d1-law	enabled		
03301	https://en3-jg.d1-law.com/shizukuishi/d1w_reiki/reiki.html	d1-law	enabled		
03302	https://en3-jg.d1-law.com/kuzumaki/d1w_reiki/reiki.html	d1-law	enabled		
03303	https://www.town.iwate.iwate.jp/reiki/reiki_menu.html	taikei	enabled		
03321	https://www1.g-reiki.net/town.shiwa.iwate/reiki_menu.html	g-reiki	enabled		
03322	https://www.town.yahaba.iwate.jp/contents/18reiki/reiki_menu.html	taikei	enabled		
03366	https://en3-jg.d1-law.com/nishiwaga/d1w_reiki/reiki.html	d1-law	enabled		
03381	https://www1.g-reiki.net/town.kanegasaki.iwate/reiki_menu.html	g-reiki	enabled		
03402	https://www.town.hiraizumi.iwate.jp/reiki/reiki_menu.html	taikei	enabled		
03441	https://en3-jg.d1-law.com/sumita/d1w_reiki/reiki.html	d1-law	enabled		
03461	https://www.town.otsuchi.iwate.jp/gyosei/reiki_old/reiki_menu.html	taikei	enabled		
03482	https://krc146.legal-square.com/HAS-Shohin/page/SJSrbLogin.jsf	legal-square	enabled		
03483	https://www1.g-reiki.net/town.iwaizumi/reiki_menu.html	g-reiki	enabled		
03484	https://www1.g-reiki.net/vill.tanohata.iwate/reiki_menu.html	g-reiki	enabled		
03485	https://en3-jg.d1-law.com/fudai/d1w_reiki/reiki.html	d1-law	enabled		
03501	https://ops-jg.d1-law.com/opensearch/SrMjF01/init?jctcd=8A7A11F707#	d1-law	enabled		
03503	https://www1.g-reiki.net/vill.noda.iwate/reiki_menu.html	g-reiki	enabled		
03506	http://www.vill.kunohe.iwate.jp/reiki_int/reiki_menu.html	taikei	enabled		
03507	https://en3-jg.d1-law.com/hirono-iwate/d1w_reiki/reiki.html	d1-law	enabled		
03524	https://ops-jg.d1-law.com/opensearch/SrMjF01/init?jctcd=8A7A11F7CA	d1-law	enabled		
04000	https://kra700.legal-square.com/HAS-Shohin/page/SJSrbLogin.jsf	legal-square	enabled		
04100	https://kra600.legal-square.com/HAS-Shohin/page/SJSrbLogin.jsf	legal-square	enabled		
04202	https://ops-jg.d1-law.com/opensearch/SrMjF01/init?jctcd=8A7A20E9FC	d1-law	enabled		
04203	https://www.city.shiogama.miyagi.jp/html/reiki_int/reiki_menu.html	taikei	enabled		
04205	https://ops-jg.d1-law.com/opensearch/SrMjF01/init?jctcd=8A7A20E9FF	d1-law	enabled		
04206	https://www.city.shiroishi.miyagi.jp/reiki/reiki_menu.html	taikei	enabled		
04207	https://www1.g-reiki.net/city.natori.miyagi/reiki_menu.html	g-reiki	enabled		
04208	https://en3-jg.d1-law.com/kakuda/d1w_reiki/reiki.html	d1-law	enabled		
04209	https://krc210.legal-square.com/HAS-Shohin/page/SJSrbLogin.jsf	legal-square	enabled		
04211	https://www.city.iwanuma.miyagi.jp/reiki_int/reiki_menu.html	taikei	enabled		
04212	https://www.city.tome.miyagi.jp/reiki_int/reiki_menu.html	taikei	enabled		
04213	https://krr173.legal-square.com/HAS-Shohin/page/SJSrbLogin.jsf	legal-square	enabled		
04214	https://www.city.higashimatsushima.miyagi.jp/reiki/reiki_menu.html	taikei	enabled		
04215	https://www.city.osaki.miyagi.jp/section/reiki/reiki_menu.html	taikei	enabled		
04216	https://www.tomiya-city.miyagi.jp/shisei/reiki/reiki_menu.html	taikei	enabled		
04301	https://www.town.zao.miyagi.jp/reiki_int/reiki_menu.html	taikei	enabled		
04302	https://town.shichikashuku.miyagi.jp/town/gyosei/reiki_int/reiki_menu.html	taikei	enabled		
04321	https://www.town.ogawara.miyagi.jp/reiki_int/reiki_menu.html	taikei	enabled		
04322	http://www.town.murata.miyagi.jp/cyosei/on-line/reiki_int/reiki_menu.html	taikei	enabled		
04323	https://www.town.shibata.miyagi.jp/reiki_int/reiki_menu.html	taikei	enabled		
04324	http://reiki-miyagi-kawasaki.jp/reiki_int/reiki_menu.html	taikei	enabled		
04341	http://www.town.marumori.miyagi.jp/reiki/reiki_menu.html	taikei	enabled		
04361	http://www.town.watari.miyagi.jp/reiki_int/reiki_menu.html	taikei	enabled		
04362	https://ops-jg.d1-law.com/opensearch/SrMjF01/init?jctcd=8A7A2113C4	d1-law	enabled		
04401	http://www.town.miyagi-matsushima.lg.jp/reiki_int/reiki_taikei/taikei_default.html	taikei	enabled		
04404	https://www.shichigahama.com/benricho/joho/reiki/reiki_menu.html	taikei	enabled		
04406	https://www.town.rifu.miyagi.jp/section/reiki/reiki_int/reiki_menu.html	taikei	enabled		
04421	https://www.town.taiwa.miyagi.jp/section/reiki_int/reiki_menu.html	taikei	enabled		
04422	https://www1.g-reiki.net/osato/reiki_menu.html	g-reiki	enabled		
04424	https://www1.g-reiki.net/village.ohira/reiki_menu.html	g-reiki	enabled		
04444	https://public.joureikun.jp/shikama_town/reiki/	joureikun	enabled		
04445	https://www.town.kami.miyagi.jp/section/reiki_int/reiki_menu.html	taikei	enabled		
04501	https://www.town.wakuya.miyagi.jp/reiki/reiki_menu.html	taikei	enabled		
04505	https://www1.g-reiki.net/town.misato.miyagi/reiki_menu.html	g-reiki	enabled		
04581	https://en3-jg.d1-law.com/onagawa/d1w_reiki/reiki.html	d1-law	enabled		
04606			enabled		
05000	https://www1.g-reiki.net/pref_akita/reiki_menu.html	g-reiki	enabled		
05201	https://www.city.akita.akita.jp/city/gn/dc/reiki/reiki_menu.html	taikei	enabled		
05202	https://www.city.noshiro.lg.jp/reiki/reiki_menu.html	taikei	enabled		
05203	https://www1.g-reiki.net/city.yokote/reiki_menu.html	g-reiki	enabled		
05204	https://en3-jg.d1-law.com/odate/d1w_reiki/reiki.html	d1-law	enabled		
05206	https://www1.g-reiki.net/city.oga.akita/reiki_menu.html	g-reiki	enabled		
05207	https://reiki.city-yuzawa.com/reiki_taikei/taikei_default.html	taikei	enabled		
05209	https://ops-jg.d1-law.com/opensearch/SrFeF01/init?jctcd=8A7A305353	d1-law	enabled		
05210	https://www.city.yurihonjo.lg.jp/reiki/reiki_menu.html	taikei	enabled		
05211	https://www.city.katagami.lg.jp/section/reiki_int/reiki_menu.html	taikei	enabled		
05212	https://www.city.daisen.lg.jp/reiki/reiki_taikei/taikei_default.html	taikei	enabled		
05213	https://www1.g-reiki.net/city.kitaakita/reiki_menu.html	g-reiki	enabled		
05214	https://www1.g-reiki.net/nikaho/reiki_menu.html	g-reiki	enabled		
05215	https://www.city.semboku.akita.jp/reiki/reiki.html	reiki.html	enabled		
05303	https://www.town.kosaka.akita.jp/section/reiki_int/reiki_menu.html	taikei	enabled		
05327	https://lg.joureikun.jp/kamikoani_vill/reiki/	joureikun	enabled		
05346	https://www1.g-reiki.net/town.fujisato.akita/reiki_menu.html	g-reiki	enabled		
05348	https://www1.g-reiki.net/town.mitane/reiki_menu.html	g-reiki	enabled		
05349	https://www1.g-reiki.net/town.happou/reiki_menu.html	g-reiki	enabled		
05361	https://www1.g-reiki.net/town.gojome.akita/reiki_menu.html	g-reiki	enabled		
05363	https://www.town.hachirogata.akita.jp/reiki_int/reiki_menu.html	taikei	enabled		
05366	https://www.town.ikawa.akita.jp/reiki/reiki_menu.html	taikei	enabled		
05368	https://www1.g-reiki.net/ogata/reiki_menu.html	g-reiki	enabled		
05434	https://www1.g-reiki.net/town.misato.akita/reiki_menu.html	g-reiki	enabled		
05463	https://www.town.ugo.lg.jp/reiki/reiki_menu.html	taikei	enabled		
05464	https://www1.g-reiki.net/higashinaruse/reiki_menu.html	g-reiki	enabled		
06000	https://en3-jg.d1-law.com/yamagata-ken/d1w_reiki/reiki.html	d1-law	enabled		
06201	https://en3-jg.d1-law.com/yamagata/reiki.html	d1-law	enabled		
06202	https://www1.g-reiki.net/yonezawa/reiki_kana/r_50_sa.html	g-reiki	enabled		
06203	https://www1.g-reiki.net/city.tsuruoka/reiki_menu.html	g-reiki	enabled		
06204	https://www1.g-reiki.net/city.sakata/reiki_menu.html	g-reiki	enabled		
06205	https://www1.g-reiki.net/shinjo/reiki_menu.html	g-reiki	enabled		
06206	https://en3-jg.d1-law.com/sagae/d1w_reiki/reiki.html	d1-law	enabled		
06207	https://www1.g-reiki.net/city.kaminoyama/reiki_menu.html	g-reiki	enabled		
06208	https://www1.g-reiki.net/city.murayama/reiki_menu.html	g-reiki	enabled		
06209	https://www.city.nagai.yamagata.jp/section/reiki/reiki_menu.html	taikei	enabled		
06210	https://krc411.legal-square.com/HAS-Shohin/page/SJSrbLogin.jsf	legal-square	enabled		
06211	https://city.higashine.netj.jp/reiki/reiki.html	reiki.html	enabled		
06212	https://city.obanazawa.netj.jp/reiki_taikei/taikei_default.html	taikei	enabled		
06213	https://www1.g-reiki.net/nanyo/reiki_menu.html	g-reiki	enabled		
06301	https://www.town.yamanobe.yamagata.jp/reiki/reiki.html	reiki.html	enabled		
06302	https://www.town.nakayama.yamagata.jp/section/reiki/reiki_menu.html	taikei	enabled		
06321	https://en3-jg.d1-law.com/kahoku/d1w_reiki/reiki.html	d1-law	enabled		
06322	https://www1.g-reiki.net/town.nishikawa.yamagata/reiki_menu.html	g-reiki	enabled		
06323	https://www.town.asahi.yamagata.jp/section/d1w_reiki/reiki.html	d1-law	enabled		
06324	https://www1.g-reiki.net/town.oe.yamagata/reiki_menu.html	g-reiki	enabled		
06341	https://www1.g-reiki.net/town.oishida.yamagata/reiki_menu.html	g-reiki	enabled		
06361	https://www.town.kaneyama.yamagata.jp/section/reiki_int/reiki_menu.html	taikei	enabled		
06362	https://town.mogami.lg.jp/data/reiki/reiki_taikei/taikei_default.html	taikei	enabled		
06363	https://www1.g-reiki.net/funagata/reiki_menu.html	g-reiki	enabled		
06364	https://www1.g-reiki.net/mamurogawa/reiki_menu.html	g-reiki	enabled		
06365	https://www.vill.ohkura.yamagata.jp/section/reiki_int/reiki_menu.html	taikei	enabled		
06366	http://sakegawa-vill.netj.jp/sakegawa-reiki/reiki_taikei/taikei_default.html	taikei	enabled		
06367	https://www.vill.tozawa.yamagata.jp/reiki_int/reiki_taikei/taikei_default.html	taikei	enabled		
06381	https://www.town.takahata.yamagata.jp/reiki/index.html	reiki.html	enabled		
06382	https://www.town.kawanishi.yamagata.jp/reiki_int/reiki_menu.html	taikei	enabled		
06401	https://www.town.oguni.yamagata.jp/reiki_int/reiki_menu.html	taikei	enabled		
06402	https://www.town.shirataka.lg.jp/sreiki/	taikei	enabled		
06403	https://www.town.iide.yamagata.jp/reiki_int/reiki_taikei/taikei_default.html	taikei	enabled		
06426	https://www.town.mikawa.yamagata.jp/reiki_int/reiki_menu.html	taikei	enabled		
06428	https://www.town.shonai.lg.jp/reiki_int/reiki_taikei/taikei_default.html	taikei	enabled		
06461	https://www.town.yuza.yamagata.jp/reiki/	taikei	enabled		
07000	https://krk400.legal-square.com/HAS-Shohin/page/SJSrbLogin.jsf	legal-square	enabled		
07201	https://en3-jg.d1-law.com/fukushima/d1w_reiki/reiki.html	d1-law	enabled		
07202	https://www.city.aizuwakamatsu.fukushima.jp/j/reiki_int/reiki_menu.html	taikei	enabled		
07203	https://www1.g-reiki.net/koriyama/reiki_menu.html	g-reiki	enabled		
07204	https://en3-jg.d1-law.com/iwaki-shi/d1w_reiki/reiki.html	d1-law	enabled		
07205	https://www.city.shirakawa.fukushima.jp/shirakawa/contents/reiki/reiki.html	reiki.html	enabled		
07207	https://en3-jg.d1-law.com/sukagawa/d1w_reiki/reiki.html	d1-law	enabled		
07208	https://ops-jg.d1-law.com/opensearch/SrMjF01/init?jctcd=8A7A4F25F2	d1-law	enabled		
07209	https://www1.g-reiki.net/city.soma/reiki_menu.html	g-reiki	enabled		
07210	https://en3-jg.d1-law.com/nihonmatsu/d1w_reiki/reiki.html	d1-law	enabled		
07211	https://ops-jg.d1-law.com/opensearch/SrFeF01/init?jctcd=8A7A4F2650	d1-law	enabled		
07212	https://www1.g-reiki.net/city.minamisoma/reiki_menu.html	g-reiki	enabled		
07213	https://en3-jg.d1-law.com/date/d1w_reiki/reiki.html	d1-law	enabled		
07214	https://www.city.motomiya.lg.jp/reiki_int/reiki_menu.html	taikei	enabled		
07301	https://en3-jg.d1-law.com/koori/d1w_reiki/reiki.html	d1-law	enabled		
07303	https://www1.g-reiki.net/town.kunimi.fukushima/reiki_menu.html	g-reiki	enabled		
07308	https://www1.g-reiki.net/kawamata/reiki_menu.html	g-reiki	enabled		
07322	https://www.vill.otama.fukushima.jp/reiki_int/reiki_menu.html	taikei	enabled		
07342	https://en3-jg.d1-law.com/kagamiishi/d1w_reiki/reiki.html	d1-law	enabled		
07344	https://en3-jg.d1-law.com/tenei-vill/d1w_reiki/reiki.html	d1-law	enabled		
07362	https://www.town.shimogo.fukushima.jp/section/reiki/reiki.html	reiki.html	enabled		
07364			enabled		
07367	https://www1.g-reiki.net/town.tadami/reiki_menu.html	g-reiki	enabled		
07368	https://www1.g-reiki.net/minamiaizu/reiki_menu.html	g-reiki	enabled		
07402	https://en3-jg.d1-law.com/kitashiobara/d1w_reiki/reiki.html	d1-law	enabled		
07405	https://www.town.nishiaizu.fukushima.jp/reiki/reiki_menu.html	taikei	enabled		
07407	https://www.town.bandai.fukushima.jp/data/reiki_int/reiki_menu.html	taikei	enabled		
07408	http://www.town.inawashiro.fukushima.jp/reiki/reiki_menu.html	taikei	enabled		
07421	https://www1.g-reiki.net/town.aizubange/reiki_menu.html	g-reiki	enabled		
07422	https://en3-jg.d1-law.com/yugawa/d1w_reiki/reiki.html	d1-law	enabled		
07423	https://en3-jg.d1-law.com/yanaizu/d1w_reiki/reiki.html	d1-law	enabled		
07444	https://en3-jg.d1-law.com/mishima/d1w_reiki/reiki.html	d1-law	enabled		
07445	https://www.town.kaneyama.fukushima.jp/reikishu/reiki_menu.html	taikei	enabled		
07446	https://www.vill.showa.fukushima.jp/reiki_int/reiki_menu.html	taikei	enabled		
07447	https://krc592.legal-square.com/HAS-Shohin/page/SJSrbLogin.jsf	legal-square	enabled		
07461	https://www1.g-reiki.net/vill.nishigo/reiki_menu.html	g-reiki	enabled		
07464	https://ops-jg.d1-law.com/opensearch/SrFeF01/init?jctcd=8A7A4F772A	d1-law	enabled		
07465	https://en3-jg.d1-law.com/nakajima/d1w_reiki/reiki.html	d1-law	enabled		
07466	https://en3-jg.d1-law.com/yabuki/d1w_reiki/reiki.html	d1-law	enabled		
07481	https://www.town.tanagura.fukushima.jp/reiki/reiki_taikei/r_taikei_06_03.html	taikei	enabled		
07482	https://www1.g-reiki.net/town.yamatsuri.fukushima/reiki_menu.html	g-reiki	enabled		
07483	https://www1.g-reiki.net/town.hanawa.fukushima/reiki_menu.html	g-reiki	enabled		
07484	https://en3-jg.d1-law.com/samegawa/d1w_reiki/reiki.html	d1-law	enabled		
07501	https://www.town.ishikawa.fukushima.jp/reiki_int/reiki_menu.html	taikei	enabled		
07502	https://www.vill.tamakawa.fukushima.jp/reiki_int/reiki_menu.html	taikei	enabled		
07503	https://www1.g-reiki.net/vill.hirata.fukushima/reiki_menu.html	g-reiki	enabled		
07504	http://www.town.asakawa.fukushima.jp/reiki/reiki_menu.html	taikei	enabled		
07505	https://www.town.furudono.fukushima.jp/reiki_int/reiki_menu.html	taikei	enabled		
07521	https://www1.g-reiki.net/town.miharu.fukushima/reiki_menu.html	g-reiki	enabled		
07522	https://public.joureikun.jp/ono_town/reiki/	joureikun	enabled		
07541	https://en3-jg.d1-law.com/hirono/d1w_reiki/reiki.html	d1-law	enabled		
07542	https://en3-jg.d1-law.com/naraha/d1w_reiki/reiki.html	d1-law	enabled		
07543	https://public.joureikun.jp/tomioka_town/reiki/	joureikun	enabled		
07544	https://en3-jg.d1-law.com/kawauchi/d1w_reiki/reiki.html	d1-law	enabled		
07545	https://www.town.okuma.fukushima.jp/reikishu/	taikei	enabled		
07546	https://www1.g-reiki.net/futaba/reiki_menu.html	g-reiki	enabled		
07547	https://www1.g-reiki.net/town.namie.fukushima/reiki_menu.html	g-reiki	enabled		
07548	https://en3-jg.d1-law.com/katsurao/d1w_reiki/reiki.html	d1-law	enabled		
07561	https://en3-jg.d1-law.com/shinchi/d1w_reiki/reiki.html	d1-law	enabled		
07564	https://www1.g-reiki.net/vill.iitate/reiki_menu.html	g-reiki	enabled		
08000	https://www.pref.ibaraki.jp/somu/somu/hosei/cont/reiki_int/reiki_menu.html	taikei	enabled		
08201	https://kre002.legal-square.com/HAS-Shohin/page/SJSrbLogin.jsf	legal-square	enabled		
08202	https://kre003.legal-square.com/HAS-Shohin/page/SJSrbLogin.jsf	legal-square	enabled		
08203	https://ops-jg.d1-law.com/opensearch/SrMjF01/init?jctcd=8A7A5E8F3D	d1-law	enabled		
08204	https://www1.g-reiki.net/koga/reiki_menu.html	g-reiki	enabled		
08205	https://www1.g-reiki.net/isioka.city/reiki_menu.html	g-reiki	enabled		
08207	https://www1.g-reiki.net/yuki/reiki_menu.html	g-reiki	enabled		
08208	https://www1.g-reiki.net/ryugasaki/reiki_menu.html	g-reiki	enabled		
08210	https://www.city.shimotsuma.lg.jp/reiki_int/reiki_menu.html	taikei	enabled		
08211	https://www1.g-reiki.net/joso/reiki_menu.html	g-reiki	enabled		
08212	http://www.city.hitachiota.ibaraki.jp/data/reiki/reiki_menu.html	taikei	enabled		
08214	https://en3-jg.d1-law.com/takahagi/d1w_reiki/reiki.html	d1-law	enabled		
08215	https://www.city.kitaibaraki.lg.jp/reiki_int/reiki_menu.html	taikei	enabled		
08216	https://www.city.kasama.lg.jp/reiki/	taikei	enabled		
08217	http://reiki.city.toride.ibaraki.jp/reiki_menu.html	taikei	enabled		
08219	https://www.city.ushiku.lg.jp/d1w_reiki/reiki_menu.html	d1-law	enabled		
08220	https://www1.g-reiki.net/tsukuba/reiki_menu.html	g-reiki	enabled		
08221	https://kre020.legal-square.com/HAS-Shohin/page/SJSrbLogin.jsf	legal-square	enabled		
08222	https://city.kashima.ibaraki.jp/13reiki/reiki_menu.html	taikei	enabled		
08223	https://www.city.itako.lg.jp/reiki_int/reiki_menu.html	taikei	enabled		
08224	https://www1.g-reiki.net/city.moriya/reiki_menu.html	g-reiki	enabled		
08225	https://www.city.hitachiomiya.lg.jp/reiki_int/reiki_menu.html	taikei	enabled		
08226	https://www1.g-reiki.net/naka/reiki_menu.html	g-reiki	enabled		
08227	https://www1.g-reiki.net/city.chikusei/reiki_menu.html	g-reiki	enabled		
08228	https://www.city.bando.lg.jp/data/reiki/reiki_menu.html	taikei	enabled		
08229	https://www.city.inashiki.lg.jp/reiki_int/reiki_menu.html	taikei	enabled		
08230	https://ops-jg.d1-law.com/opensearch/SrMjF01/init?jctcd=8A7A5E905F	d1-law	enabled		
08231	https://www.city.sakuragawa.lg.jp/gyousei/reiki_int/reiki_menu.html	taikei	enabled		
08232	https://www1.g-reiki.net/city.kamisu/reiki_menu.html	g-reiki	enabled		
08233	https://www.city.namegata.ibaraki.jp/gyousei/reiki/reiki_int/reiki_menu.html	taikei	enabled		
08234	https://www.city.hokota.lg.jp/reiki_int/reiki_menu.html	taikei	enabled		
08235	https://www.city.tsukubamirai.lg.jp/reiki_int/reiki_menu.html	taikei	enabled		
08236	https://www.city.omitama.lg.jp/reiki_int/reiki_menu.html	taikei	enabled		
08302	https://www.town.ibaraki.lg.jp/reiki_int/?idSubTop=1	taikei	enabled		
08309	https://www1.g-reiki.net/town.oarai/reiki_menu.html	g-reiki	enabled		
08310	http://www.town.shirosato.lg.jp/data/reiki_int/reiki_menu.html	taikei	enabled		
08341	https://www1.g-reiki.net/tokai/reiki_menu.html	g-reiki	enabled		
08364	https://www1.g-reiki.net/town.daigo.ibaraki/reiki_menu.html	g-reiki	enabled		
08442	https://www.vill.miho.lg.jp/reiki_int/reiki_menu.html	taikei	enabled		
08443	https://www1.g-reiki.net/town.ami/reiki_menu.html	g-reiki	enabled		
08447	https://www1.g-reiki.net/town.ibaraki-kawachi/reiki_menu.html	g-reiki	enabled		
08521	https://en3-jg.d1-law.com/yachiyo/d1w_reiki/reiki.html	d1-law	enabled		
08542	https://www1.g-reiki.net/goka/reiki_menu.html	g-reiki	enabled		
08546	https://en3-jg.d1-law.com/sakai/d1w_reiki/reiki.html	d1-law	enabled		
08564	https://www.town.tone.ibaraki.jp/gyousei/reiki_int/reiki_menu.html	taikei	enabled		
09000	https://www.pref.tochigi.lg.jp/reiki/reiki_taikei/taikei_default.html	taikei	enabled		
09201	https://kre102.legal-square.com/HAS-Shohin/page/SJSrbLogin.jsf	legal-square	enabled		
09202	https://en3-jg.d1-law.com/ashikaga/d1w_reiki/reiki.html	d1-law	enabled		
09203	https://krr390.legal-square.com/HAS-Shohin/page/SJSrbLogin.jsf	legal-square	enabled		
09204	https://ops-jg.d1-law.com/opensearch/SrFeF01/init?jctcd=8A7A6DF88E	d1-law	enabled		
09205	https://www.city.kanuma.tochigi.jp/reiki/reiki.html	reiki.html	enabled		
09206	https://www.city.nikko.lg.jp/section/reiki_int/reiki_menu.html	taikei	enabled		
09208	https://www1.g-reiki.net/oyama/reiki_taikei/r_taikei_01.html	g-reiki	enabled		
09209	https://www1.g-reiki.net/moka/reiki_menu.html	g-reiki	enabled		
09210	https://ops-jg.d1-law.com/opensearch/SrMjF01/init?jctcd=8A7A6DF8EF	d1-law	enabled		
09211	https://ops-jg.d1-law.com/opensearch/SrMjF01/init?jctcd=8A7A6DF8F0	d1-law	enabled		
09213	https://ops-jg.d1-law.com/opensearch/SrMjF01/init?jctcd=8A7A6DF8F2	d1-law	enabled		
09214	https://en3-jg.d1-law.com/sakura-tochigi/d1w_reiki/reiki.html	d1-law	enabled		
09215	https://ops-jg.d1-law.com/opensearch/SrMjF01/init?jctcd=8A7A6DF8F4	d1-law	enabled		
09216	https://www.city.shimotsuke.lg.jp/statics/reiki_int/reiki_menu.html	taikei	enabled		
09301	https://www.town.kaminokawa.lg.jp/reiki_int/reiki_menu.html	taikei	enabled		
09342	https://www.town.mashiko.lg.jp/reiki_int/reiki_menu.html	taikei	enabled		
09343	https://www1.g-reiki.net/town.motegi.tochigi/reiki_menu.html	g-reiki	enabled		
09344	http://www.town.ichikai.tochigi.jp/div/admin/htm/reiki/reiki_menu.html	taikei	enabled		
09345	https://en3-jg.d1-law.com/haga/d1w_reiki/reiki.html	d1-law	enabled		
09361	https://www.town.mibu.tochigi.jp/reiki_int/reiki_menu.html	taikei	enabled		
09364	https://en3-jg.d1-law.com/nogi/d1w_reiki/reiki.html	d1-law	enabled		
09384	https://www1.g-reiki.net/town.shioya/reiki_menu.html	g-reiki	enabled		
09386	https://www1.g-reiki.net/town.takanezawa/reiki_menu.html	g-reiki	enabled		
09407	https://www1.g-reiki.net/town.nasu/reiki_menu.html	g-reiki	enabled		
09411	https://www1.g-reiki.net/nakagawa/reiki_menu.html	g-reiki	enabled		
10000	https://ops-jg.d1-law.com/opensearch/SrMjF01/init?jctcd=8A7FE9A39A	d1-law	enabled		
10201	https://www1.g-reiki.net/maebashi/reiki_menu.html	g-reiki	enabled		
10202	https://www.city.takasaki.gunma.jp/reiki/reiki_menu.html	taikei	enabled		
10203	https://www1.g-reiki.net/city.kiryu/reiki_menu.html	g-reiki	enabled		
10204	https://www.city.isesaki.lg.jp/section/d1w_reiki/reiki.html	d1-law	enabled		
10205	https://krr125.legal-square.com/HAS-Shohin/page/SJSrbLogin.jsf	legal-square	enabled		
10206	https://www1.g-reiki.net/numata/reiki_menu.html	g-reiki	enabled		
10207	https://www.city.tatebayashi.gunma.jp/reiki/reiki.html	reiki.html	enabled		
10208	https://www1.g-reiki.net/shibukawa/reiki_menu.html	g-reiki	enabled		
10209	https://www1.g-reiki.net/fujioka/reiki_menu.html	g-reiki	enabled		
10210	https://en3-jg.d1-law.com/tomioka/d1w_reiki/reiki.html	d1-law	enabled		
10211	https://www1.g-reiki.net/annaka/reiki_menu.html	g-reiki	enabled		
10212	https://www1.g-reiki.net/midori/reiki_menu.html	g-reiki	enabled		
10344	https://www1.g-reiki.net/shinto/reiki_menu.html	g-reiki	enabled		
10345	https://www1.g-reiki.net/yoshioka/reiki_menu.html	g-reiki	enabled		
10366	https://www1.g-reiki.net/uenomura/reiki_menu.html	g-reiki	enabled		
10367	https://www1.g-reiki.net/kanna/reiki_menu.html	g-reiki	enabled		
10382	https://www.town.shimonita.lg.jp/html/reiki_int/reiki_menu.html	taikei	enabled		
10383	https://www1.g-reiki.net/nanmoku/reiki_kana/r_50_no.html	g-reiki	enabled		
10384	https://www1.g-reiki.net/kanra/reiki_menu.html	g-reiki	enabled		
10421	https://en3-jg.d1-law.com/nakanojo/d1w_reiki/reiki.html	d1-law	enabled		
10424	https://www1.g-reiki.net/naganohara/reiki_menu.html	g-reiki	enabled		
10425	https://www.vill.tsumagoi.gunma.jp/reiki_int/reiki_menu.html	taikei	enabled		
10426	https://www.town.kusatsu.gunma.jp/www/reiki/reiki_menu.html	taikei	enabled		
10428	https://www1.g-reiki.net/takayama/reiki_menu.html	g-reiki	enabled		
10429	https://www.town.higashiagatsuma.gunma.jp/www/reiki/reiki.html	reiki.html	enabled		
10443	http://www.vill.katashina.gunma.jp/reiki/reiki.html	reiki.html	enabled		
10444	https://www.vill.kawaba.gunma.jp/reiki_int/reiki_menu.html	taikei	enabled		
10448	https://www1.g-reiki.net/gunma-showa/reiki_menu.html	g-reiki	enabled		
10449	https://www1.g-reiki.net/minakami/reiki_menu.html	g-reiki	enabled		
10464	https://www1.g-reiki.net/tamamura/reiki_menu.html	g-reiki	enabled		
10521	https://www1.g-reiki.net/town.itakura.gunma/reiki_menu.html	g-reiki	enabled		
10522	https://www1.g-reiki.net/meiwa/reiki_menu.html	g-reiki	enabled		
10523	https://www.town.chiyoda.gunma.jp/reiki/reiki_menu.html	taikei	enabled		
10524	https://www1.g-reiki.net/oizumi/reiki_menu.html	g-reiki	enabled		
10525	https://www.town.ora.gunma.jp/chosei/jorei/index.html	taikei	enabled		
11000	https://ops-jg.d1-law.com/opensearch/SrMjF01/init?jctcd=8A7FF90CEA	d1-law	enabled		
11100	https://www1.g-reiki.net/saitamat/reiki_menu.html	g-reiki	enabled		
11201	https://www.city.kawagoe.saitama.jp/reiki_int/reiki_menu.html	taikei	enabled		
11202	https://en3-jg.d1-law.com/kumagaya/d1w_reiki/reiki.html	d1-law	enabled		
11203	https://ops-jg.d1-law.com/opensearch/SrFeF01/init?jctcd=8A7FF957ED	d1-law	enabled		
11206	https://ops-jg.d1-law.com/opensearch/SrMjF01/init?jctcd=8A7FF957F0	d1-law	enabled		
11207	https://www1.g-reiki.net/chichibu/reiki_menu.html	g-reiki	enabled		
11208	https://ops-jg.d1-law.com/opensearch/SrMjF01/init?jctcd=8A7FF957F2	d1-law	enabled		
11209	https://www1.g-reiki.net/city.hanno/reiki_menu.html	g-reiki	enabled		
11210	https://www1.g-reiki.net/city.kazo/reiki_menu.html	g-reiki	enabled		
11211	https://ops-jg.d1-law.com/opensearch/SrMjF01/init?jctcd=8A7FF95850	d1-law	enabled		
11212	https://www1.g-reiki.net/higashimatsuyama/reiki_menu.html	g-reiki	enabled		
11214	https://ops-jg.d1-law.com/opensearch/SrMjF01/init?jctcd=8A7FF95853	d1-law	enabled		
11215	https://kre316.legal-square.com/HAS-Shohin/page/SJSrbLogin.jsf	legal-square	enabled		
11216	https://ops-jg.d1-law.com/opensearch/SrMjF01/init?jctcd=8A7FF95855	d1-law	enabled		
11217	https://ops-jg.d1-law.com/opensearch/SrMjF01/init?jctcd=8A7FF95856	d1-law	enabled		
11218	https://en3-jg.d1-law.com/fukaya/d1w_reiki/reiki.html	d1-law	enabled		
11219	https://ops-jg.d1-law.com/opensearch/SrFeF01/init?jctcd=8A7FF95858	d1-law	enabled		
11221	https://www1.g-reiki.net/soka/reiki_menu.html	g-reiki	enabled		
11222	https://www1.g-reiki.net/koshigaya/reiki_menu.html	g-reiki	enabled		
11223	https://ops-jg.d1-law.com/opensearch/SrMjF01/init?jctcd=8A7FF958AD	d1-law	enabled		
11224	https://www1.g-reiki.net/toda/reiki_menu.html	g-reiki	enabled		
11225	https://www1.g-reiki.net/iruma/reiki_menu.html	g-reiki	enabled		
11227	https://www1.g-reiki.net/asaka/reiki_menu.html	g-reiki	enabled		
11228	https://ops-jg.d1-law.com/opensearch/SrMjF01/init?jctcd=8A7FF958B2	d1-law	enabled		
11229	https://www1.g-reiki.net/wako/reiki_menu.html	g-reiki	enabled		
11230	https://www1.g-reiki.net/niiza/reiki_menu.html	g-reiki	enabled		
11231	https://ops-jg.d1-law.com/opensearch/SrMjF01/init?jctcd=8A7FF95910	d1-law	enabled		
11232	https://krr387.legal-square.com/HAS-Shohin/page/SJSrbLogin.jsf	legal-square	enabled		
11233	https://en3-jg.d1-law.com/kitamoto/d1w_reiki/reiki.html	d1-law	enabled		
11234	https://www.city.yashio.lg.jp/reiki/reiki_menu.html	taikei	enabled		
11235	https://www1.g-reiki.net/fujimi/reiki_menu.html	g-reiki	enabled		
11237	https://www1.g-reiki.net/misato/reiki_menu.html	g-reiki	enabled		
11238	https://en3-jg.d1-law.com/hasuda/d1w_reiki/reiki.html	d1-law	enabled		
11239	https://en3-jg.d1-law.com/sakado/d1w_reiki/reiki.html	d1-law	enabled		
11240	https://www.city.satte.lg.jp/section/reikisyu/reiki_menu.html	taikei	enabled		
11241	https://en3-jg.d1-law.com/tsurugashima/d1w_reiki/reiki.html	d1-law	enabled		
11242	https://en3-jg.d1-law.com/hidaka/d1w_reiki/reiki.html	d1-law	enabled		
11243	https://ops-jg.d1-law.com/opensearch/SrFeF01/init?jctcd=8A7FF95977	d1-law	enabled		
11245	https://krr224.legal-square.com/HAS-Shohin/page/SJSrbLogin.jsf	legal-square	enabled		
11246	https://www1.g-reiki.net/shiraoka/reiki_menu.html	g-reiki	enabled		
11301	https://www1.g-reiki.net/town.ina/reiki_menu.html	g-reiki	enabled		
11324	https://www1.g-reiki.net/saitama-miyoshi/reiki_menu.html	g-reiki	enabled		
11326	https://www.town.moroyama.saitama.jp/section/reiki_int/reiki_taikei/taikei_default.html	taikei	enabled		
11327	https://en3-jg.d1-law.com/ogose/d1w_reiki/reiki.html	d1-law	enabled		
11341	https://en3-jg.d1-law.com/namegawa/d1w_reiki/reiki.html	d1-law	enabled		
11342	https://en3-jg.d1-law.com/ranzan/d1w_reiki/reiki.html	d1-law	enabled		
11343	https://www1.g-reiki.net/town.ogawa/reiki_menu.html	g-reiki	enabled		
11346	http://www.town.kawajima.saitama.jp/reiki_int/reiki_menu.html	taikei	enabled		
11347	https://www1.g-reiki.net/town.yoshimi/reiki_menu.html	g-reiki	enabled		
11348	https://en3-jg.d1-law.com/hatoyama/d1w_reiki/reiki.html	d1-law	enabled		
11349	https://en3-jg.d1-law.com/tokigawa/d1w_reiki/reiki.html	d1-law	enabled		
11361	https://www1.g-reiki.net/yokoze/reiki_menu.html	g-reiki	enabled		
11362	http://www.town.minano.saitama.jp/reiki_int/reiki_menu.html	taikei	enabled		
11363	http://www.town.nagatoro.saitama.jp/reiki_int/reiki_menu.html	taikei	enabled		
11365	https://www.town.ogano.lg.jp/reiki_int/reiki_menu.html	taikei	enabled		
11369	https://www.vill.higashichichibu.saitama.jp/reiki/reiki_menu.html	taikei	enabled		
11381	https://en3-jg.d1-law.com/misato/d1w_reiki/reiki.html	d1-law	enabled		
11383	https://en3-jg.d1-law.com/kamikawa/d1w_reiki/reiki.html	d1-law	enabled		
11385	http://www.town.kamisato.saitama.jp/d1w_reiki/reiki.html	d1-law	enabled		
11408	https://www1.g-reiki.net/yorii/reiki_menu.html	g-reiki	enabled		
11442	https://www1.g-reiki.net/miyashiro/reiki_menu.html	g-reiki	enabled		
11464	https://www1.g-reiki.net/sugito/reiki_menu.html	g-reiki	enabled		
11465	https://www1.g-reiki.net/matsubushi/reiki_menu.html	g-reiki	enabled		
12000	https://ops-jg.d1-law.com/opensearch/SrMjF01/init?jctcd=8A8006EF9A	d1-law	enabled		
12100	https://www1.g-reiki.net/chiba/reiki_menu.html	g-reiki	enabled		
12202	https://www1.g-reiki.net/city.choshi/reiki_menu.html	g-reiki	enabled		
12203	https://ops-jg.d1-law.com/opensearch/SrMjF01/init?jctcd=8A80073A9D	d1-law	enabled		
12204	https://krg005.legal-square.com/HAS-Shohin/page/SJSrbLogin.jsf	legal-square	enabled		
12205	https://en3-jg.d1-law.com/tateyama/d1w_reiki/reiki.html	d1-law	enabled		
12206	https://www1.g-reiki.net/city.kisarazu/reiki_menu.html	g-reiki	enabled		
12207	https://krg008.legal-square.com/HAS-Shohin/page/SJSrbLogin.jsf	legal-square	enabled		
12208	http://www2.city.noda.chiba.jp/reiki_int/reiki_menu.html	taikei	enabled		
12210	https://www1.g-reiki.net/city.mobara.chiba/reiki_menu.html	g-reiki	enabled		
12211	https://www1.g-reiki.net/narita/reiki_menu.html	g-reiki	enabled		
12212	https://ops-jg.d1-law.com/opensearch/SrMjF01/init?jctcd=8A80073B01	d1-law	enabled		
12213	https://www.city.togane.chiba.jp/reiki/d1w_reiki/reiki.html	d1-law	enabled		
12215	https://www1.g-reiki.net/city.asahi/reiki_menu.html	g-reiki	enabled		
12216	https://www1.g-reiki.net/narashino/reiki_menu.html	g-reiki	enabled		
12217	https://krg018.legal-square.com/HAS-Shohin/page/SJSrbLogin.jsf	legal-square	enabled		
12218	https://www.city.katsuura.lg.jp/reiki/reiki_int/reiki_taikei/taikei_default.html	taikei	enabled		
12219	https://www1.g-reiki.net/city.ichihara.chiba/reiki_menu.html	g-reiki	enabled		
12220	https://www1.g-reiki.net/city.nagareyama.chiba/reiki_menu.html	g-reiki	enabled		
12221	https://www1.g-reiki.net/yachiyo-city/reiki_menu.html	g-reiki	enabled		
12222	https://www1.g-reiki.net/city.abiko.chiba/reiki_menu.html	g-reiki	enabled		
12223	https://www.city.kamogawa.lg.jp/reiki/reiki_menu.html	taikei	enabled		
12224	https://www1.g-reiki.net/city.kamagaya/reiki_menu.html	g-reiki	enabled		
12225	https://krg026.legal-square.com/HAS-Shohin/page/SJSrbLogin.jsf	legal-square	enabled		
12226	https://krg027.legal-square.com/HAS-Shohin/page/SJSrbLogin.jsf	legal-square	enabled		
12227	https://krg028.legal-square.com/HAS-Shohin/page/SJSrbLogin.jsf	legal-square	enabled		
12228	https://www1.g-reiki.net/yotsukaido/reiki_menu.html	g-reiki	enabled		
12229	https://ops-jg.d1-law.com/opensearch/SrFeF01/init?jctcd=8A80073B63	d1-law	enabled		
12230	https://www1.g-reiki.net/city.yachimata/reiki_menu.html	g-reiki	enabled		
12231	https://ops-jg.d1-law.com/opensearch/SrMjF01/init?jctcd=8A80073BC0	d1-law	enabled		
12232	https://www1.g-reiki.net/shiroi/reiki_menu.html	g-reiki	enabled		
12233	https://www1.g-reiki.net/city.tomisato/reiki_menu.html	g-reiki	enabled		
12234	https://www1.g-reiki.net/minamiboso/reiki_menu.html	g-reiki	enabled		
12235	https://www1.g-reiki.net/sosa/reiki_menu.html	g-reiki	enabled		
12236	https://www1.g-reiki.net/city.katori/reiki_menu.html	g-reiki	enabled		
12237	https://www1.g-reiki.net/city.sammu/reiki_menu.html	g-reiki	enabled		
12238	https://ops-jg.d1-law.com/opensearch/SrFeF01/init?jctcd=8A80073BC7	d1-law	enabled		
12239	https://ops-jg.d1-law.com/opensearch/SrMjF01/init?jctcd=8A80078984	d1-law	enabled		
12322	https://www1.g-reiki.net/shisui/reiki_menu.html	g-reiki	enabled		
12329	https://www.town.sakae.chiba.jp/reiki/reiki_menu.html	taikei	enabled		
12342	https://www1.g-reiki.net/kozaki/reiki_menu.html	g-reiki	enabled		
12347	https://www1.g-reiki.net/town.tako.chiba/reiki_menu.html	g-reiki	enabled		
12349	https://www1.g-reiki.net/tohnosho/reiki_menu.html	g-reiki	enabled		
12403	https://www1.g-reiki.net/kujukuri/reiki_menu.html	g-reiki	enabled		
12409	https://www1.g-reiki.net/town.shibayama/reiki_menu.html	g-reiki	enabled		
12410	https://www1.g-reiki.net/yokoshibahikari/reiki_menu.html	g-reiki	enabled		
12421	https://www1.g-reiki.net/ichinomiya/reiki_menu.html	g-reiki	enabled		
12422	https://www.town.mutsuzawa.chiba.jp/reiki/reiki_menu.html	taikei	enabled		
12423	https://www1.g-reiki.net/chosei/reiki_menu.html	g-reiki	enabled		
12424	https://ops-jg.d1-law.com/opensearch/SrMjF01/init?jctcd=8A80078A46	d1-law	enabled		
12426	https://www1.g-reiki.net/nagara/reiki_menu.html	g-reiki	enabled		
12427	https://www1.g-reiki.net/town.chonan.chiba/reiki_menu.html	g-reiki	enabled		
12441	https://www1.g-reiki.net/otaki/reiki_menu.html	g-reiki	enabled		
12443	https://ops-jg.d1-law.com/opensearch/SrMjF01/init?jctcd=8A80078B0F	d1-law	enabled		
12463	https://en3-jg.d1-law.com/kyonan/d1w_reiki/reiki.html	d1-law	enabled		
13000	https://www.reiki.metro.tokyo.lg.jp/reiki/reiki_taikei/taikei_default.html	taikei	enabled		
13101	https://ops-jg.d1-law.com/opensearch/SrFeF01/init?jctcd=8A8016805F	d1-law	enabled		
13102	https://krg103.legal-square.com/HAS-Shohin/page/SJSrbLogin.jsf	legal-square	enabled		
13103	https://www1.g-reiki.net/city.minato.tokyo/reiki_menu.html	g-reiki	enabled		
13104	https://krg105.legal-square.com/HAS-Shohin/page/SJSrbLogin.jsf	legal-square	enabled		
13105	https://krg106.legal-square.com/HAS-Shohin/page/SJSrbLogin.jsf	legal-square	enabled		
13106	https://www1.g-reiki.net/taito/reiki_menu.html	g-reiki	enabled		
13107	https://www.city.sumida.lg.jp/wkg/reiki_int/reiki_menu.html	taikei	enabled		
13108	https://www.city.koto.lg.jp/reiki-koho/reiki_menu.html	taikei	enabled		
13109	https://www.city.shinagawa.tokyo.jp/reiki/reiki_menu.html	reiki_menu	enabled		
13110	https://www1.g-reiki.net/meguro/reiki_menu.html	g-reiki	enabled		
13111	https://www1.g-reiki.net/cityota.reiki/reiki_menu.html	g-reiki	enabled		
13112	https://ops-jg.d1-law.com/opensearch/SrFeF01/init?jctcd=8A801680C5	d1-law	enabled		
13113	https://krg114.legal-square.com/HAS-Shohin/page/SJSrbLogin.jsf	legal-square	enabled		
13114	http://www.city.tokyo-nakano.lg.jp/reiki/reiki_menu.html	taikei	enabled		
13115	https://ops-jg.d1-law.com/opensearch/SrMjF01/init?jctcd=8A801680C8	d1-law	enabled		
13116	https://krl600.legal-square.com/HAS-Shohin/page/SJSrbLogin.jsf	legal-square	enabled		
13117	https://ops-jg.d1-law.com/opensearch/SrMjF01/init?jctcd=8A801680CA	d1-law	enabled		
13118	https://d3nu0ovbfpktls.cloudfront.net/reiki_int/reiki_menu.html	taikei	enabled		
13119	https://ops-jg.d1-law.com/opensearch/SrFeF01/init?jctcd=8A801680CC	d1-law	enabled		
13120	https://www1.g-reiki.net/nerima/reiki_menu.html	g-reiki	enabled		
13121	https://en3-jg.d1-law.com/adachi/d1w_reiki/reiki.html	d1-law	enabled		
13122	https://www.city.katsushika.lg.jp/information/1000078/1005809/index.html	taikei	enabled		
13123	https://ops-jg.d1-law.com/opensearch/SrFeF01/init?jctcd=8A80168121	d1-law	enabled		
13201	https://www1.g-reiki.net/city.hachioji/reiki_menu.html	g-reiki	enabled		
13202	https://en3-jg.d1-law.com/tachikawa/d1w_reiki/reiki.html	d1-law	enabled		
13203	https://ops-jg.d1-law.com/opensearch/SrMjF01/init?jctcd=8A8016A3ED	d1-law	enabled		
13204	https://www1.g-reiki.net/city.mitaka/reiki_menu.html	g-reiki	enabled		
13205	https://ops-jg.d1-law.com/opensearch/SrMjF01/init?jctcd=8A8016A3EF	d1-law	enabled		
13206	https://www1.g-reiki.net/city.fuchu.tokyo/reiki_menu.html	g-reiki	enabled		
13207	https://www.city.akishima.lg.jp/reiki/reiki_taikei/taikei_default.html	taikei	enabled		
13208	https://ops-jg.d1-law.com/opensearch/SrFeF01/init?jctcd=8A8016A3F2	d1-law	enabled		
13209	https://krg133.legal-square.com/HAS-Shohin/page/SJSrbLogin.jsf	legal-square	enabled		
13210	https://ops-jg.d1-law.com/opensearch/SrMjF01/init?jctcd=8A8016A44F	d1-law	enabled		
13211	http://www.city.kodaira.tokyo.jp/reiki/reiki_menu.html	taikei	enabled		
13212	https://www1.g-reiki.net/hino/reiki_menu.html	g-reiki	enabled		
13213	https://www1.g-reiki.net/city.higashimurayama/reiki_menu.html	g-reiki	enabled		
13214	https://www.city.kokubunji.tokyo.jp/area/reiki_int/reiki_menu.html	taikei	enabled		
13215	https://ops-jg.d1-law.com/opensearch/SrFeF01/init?jctcd=8A8016A454	d1-law	enabled		
13218	https://ops-jg.d1-law.com/opensearch/SrMjF01/init?jctcd=8A8016A457	d1-law	enabled		
13219	https://ops-jg.d1-law.com/opensearch/SrMjF01/init?jctcd=8CDA186958	d1-law	enabled		
13220	https://www.city.higashiyamato.lg.jp/reiki/reiki_menu.html	taikei	enabled		
13221	https://en3-jg.d1-law.com/kiyose/d1w_reiki/reiki.html	d1-law	enabled		
13222	https://www2.city.higashikurume.lg.jp/reiki_int/reiki_menu.html	taikei	enabled		
13223	https://www2.city.musashimurayama.lg.jp/reiki/reiki.html	d1-law	enabled		
13224	https://ops-jg.d1-law.com/opensearch/SrFeF01/init?jctcd=8A8016A4AE	d1-law	enabled		
13225	https://www1.g-reiki.net/inagi/reiki_menu.html	g-reiki	enabled		
13227	https://ops-jg.d1-law.com/opensearch/SrMjF01/init?jctcd=8A8016A4B1	d1-law	enabled		
13228	https://www.city.akiruno.tokyo.jp/reiki/reiki_int/reiki_menu.html	taikei	enabled		
13229	https://krg140.legal-square.com/HAS-Shohin/page/SJSrbLogin.jsf	legal-square	enabled		
13303	https://www1.g-reiki.net/mizuho/reiki_menu.html	g-reiki	enabled		
13305	https://www1.g-reiki.net/town.hinode/reiki_menu.html	g-reiki	enabled		
13307	https://www1.g-reiki.net/hinohara/reiki_menu.html	g-reiki	enabled		
13308	https://ops-jg.d1-law.com/opensearch/SrMjF01/init?jctcd=8A8016CB66	d1-law	enabled		
13361	https://www.town.oshima.tokyo.jp/reiki_int/reiki_menu.html	taikei	enabled		
13362	https://www1.g-reiki.net/toshimamura/reiki_menu.html	g-reiki	enabled		
13363	http://www.niijima.com/reiki_int/reiki_menu.html	taikei	enabled		
13364	https://www.vill.kouzushima.tokyo.jp/reiki/	taikei	enabled		
13381	https://www.vill.miyake.tokyo.jp/gyousei/reiki/reiki_menu.html	taikei	enabled		
13382	https://www.vill.mikurasima.tokyo.jp/data/reiki_int/reiki_menu.html	taikei	enabled		
13401	https://www.town.hachijo.tokyo.jp/reiki_int/reiki_menu.html	taikei	enabled		
13402	https://www1.g-reiki.net/vill.aogashima.tokyo/reiki_menu.html	g-reiki	enabled		
13421	https://www.vill.ogasawara.tokyo.jp/reiki_int/reiki_menu.html	taikei	enabled		
14000	https://ops-jg.d1-law.com/opensearch/SrFeF01/init?jctcd=8A8025C23A	d1-law	enabled		
14100	https://cgi.city.yokohama.lg.jp/somu/reiki/reiki_menu.html	taikei	enabled		
14130	https://reiki.city.kawasaki.jp/kawasaki/d1w_reiki/reiki.html	d1-law	enabled		
14150	https://krg211.legal-square.com/HAS-Shohin/page/SJSrbLogin.jsf	legal-square	enabled		
14201	https://www.city.yokosuka.kanagawa.jp/shisei/reiki/index.html	taikei	enabled		
14203	https://krg205.legal-square.com/HAS-Shohin/page/SJSrbLogin.jsf	legal-square	enabled		
14204	https://ops-jg.d1-law.com/opensearch/SrFeF01/init?jctcd=8A80260D3E	d1-law	enabled		
14205	https://ops-jg.d1-law.com/opensearch/SrMjF01/init?jctcd=8A80260D3F	d1-law	enabled		
14206	https://ops-jg.d1-law.com/opensearch/SrFeF01/init?jctcd=8A80260D40	d1-law	enabled		
14207	https://krg209.legal-square.com/HAS-Shohin/page/SJSrbLogin.jsf	legal-square	enabled		
14208	https://www1.g-reiki.net/zushi/reiki_menu.html	g-reiki	enabled		
14210	https://en3-jg.d1-law.com/miura/d1w_reiki/reiki.html	d1-law	enabled		
14211	https://www1.g-reiki.net/city.hadano/reiki_menu.html	g-reiki	enabled		
14212	https://krg214.legal-square.com/HAS-Shohin/page/SJSrbLogin.jsf	legal-square	enabled		
14213	https://ops-jg.d1-law.com/opensearch/SrFeF01/init?jctcd=8A80260DA2	d1-law	enabled		
14214	https://www.city.isehara.kanagawa.jp/reiki_int/reiki_menu.html	taikei	enabled		
14215	https://www1.g-reiki.net/city.ebina/reiki_menu.html	g-reiki	enabled		
14216	https://en3-jg.d1-law.com/zama/d1w_reiki/reiki.html	d1-law	enabled		
14217	https://ops-jg.d1-law.com/opensearch/SrMjF01/init?jctcd=8A80260DA6	d1-law	enabled		
14218	https://www1.g-reiki.net/ayase/reiki_menu.html	g-reiki	enabled		
14301	https://ops-jg.d1-law.com/opensearch/SrFeF01/init?jctcd=8A802634AF	d1-law	enabled		
14321	https://ops-jg.d1-law.com/opensearch/SrFeF01/init?jctcd=8A8026356F	d1-law	enabled		
14341	https://en3-jg.d1-law.com/oiso/d1w_reiki/reiki.html	d1-law	enabled		
14342	https://www.town.ninomiya.kanagawa.jp/reiki/reiki.html	reiki.html	enabled		
14361	https://www1.g-reiki.net/nakai/reiki_menu.html	g-reiki	enabled		
14362	https://www.town.oi.kanagawa.jp/d1w_reiki/reiki.html	d1-law	enabled		
14363	https://www1.g-reiki.net/town.matsuda.kanagawa/reiki_menu.html	g-reiki	enabled		
14364	https://www.town.yamakita.kanagawa.jp/machidukuri/reiki/reiki_menu.html	taikei	enabled		
14366	https://www1.g-reiki.net/town.kaisei.kanagawa/reiki_menu.html	g-reiki	enabled		
14382	https://www.town.hakone.kanagawa.jp/www/contents/1100000000150/index.html	g-reiki	enabled		
14383	http://www.town.manazuru.kanagawa.jp/static/d1w_reiki/reiki.html	d1-law	enabled		
14384	https://www1.g-reiki.net/yugawara/reiki_menu.html	g-reiki	enabled		
14401	https://www.town.aikawa.kanagawa.jp/section/reiki_int/reiki_menu.html	taikei	enabled		
14402	http://www.town.kiyokawa.kanagawa.jp/section/d1w_reiki/reiki.html	d1-law	enabled		
15000	https://www1.g-reiki.net/pref.niigata/index.html	g-reiki	enabled		
15100	https://www1.g-reiki.net/city.niigata/reiki_menu.html	g-reiki	enabled		
15202	https://www.city.nagaoka.niigata.jp/shisei/cate03/jyourei/reiki/	taikei	enabled		
15204	https://krr182.legal-square.com/HAS-Shohin/page/SJSrbLogin.jsf	legal-square	enabled		
15205	https://ops-jg.d1-law.com/opensearch/SrMjF01/init?jctcd=8A8035768F	d1-law	enabled		
15206	https://krz200.legal-square.com/HAS-Shohin/page/SJSrbLogin.jsf	legal-square	enabled		
15208	https://www1.g-reiki.net/ojiya/reiki_menu.html	g-reiki	enabled		
15209	https://ops-jg.d1-law.com/opensearch/SrMjF01/init?jctcd=8A80357693	d1-law	enabled		
15210	https://www.city.tokamachi.lg.jp/section/reiki_int/reiki_menu.html	taikei	enabled		
15211	https://www2.city.mitsuke.niigata.jp/database/reiki_int/reiki_menu.html	taikei	enabled		
15212	https://www1.g-reiki.net/murakami/reiki_menu.html	g-reiki	enabled		
15213	https://www1.g-reiki.net/city.tsubame/reiki_menu.html	g-reiki	enabled		
15216	https://krr105.legal-square.com/HAS-Shohin/page/SJSrbLogin.jsf	legal-square	enabled		
15217	https://ops-jg.d1-law.com/opensearch/SrMjF01/init?jctcd=8A803576F6	d1-law	enabled		
15218	https://www.city.gosen.lg.jp/section/reiki_int/reiki_menu.html	taikei	enabled		
15222	https://krm900.legal-square.com/HAS-Shohin/page/SJSrbLogin.jsf	legal-square	enabled		
15223	https://www.city.agano.niigata.jp/section/reiki_int/reiki_menu.html	taikei	enabled		
15224	https://www.city.sado.niigata.jp/reiki_int/reiki_menu.html	taikei	enabled		
15225	https://www.city.uonuma.lg.jp/reiki/	taikei	enabled		
15226	http://www.city.minamiuonuma.niigata.jp/reiki/reiki_menu.html	taikei	enabled		
15227	https://www1.g-reiki.net/tainai/reiki_menu.html	g-reiki	enabled		
15307	https://www1.g-reiki.net/town.seiro/reiki_menu.html	g-reiki	enabled		
15342	https://www1.g-reiki.net/vill.yahiko/reiki_menu.html	g-reiki	enabled		
15361	https://www.town.tagami.niigata.jp/reiki/reiki_menu.html	taikei	enabled		
15385	https://www.town.aga.niigata.jp/section/reiki_int/reiki_menu.html	taikei	enabled		
15405	https://www.town.izumozaki.niigata.jp/reiki/reiki_menu.html	taikei	enabled		
15461	https://www1.g-reiki.net/town-yuzawa/reiki_menu.html	g-reiki	enabled		
15482	https://www.town.tsunan.niigata.jp/reiki/reiki_menu.html	taikei	enabled		
15504	http://www.vill.kariwa.niigata.jp/reiki_int/reiki_menu.html	taikei	enabled		
15581	http://www.vill.sekikawa.niigata.jp/reiki_int/reiki_menu.html	taikei	enabled		
15586	https://www.vill.awashimaura.lg.jp/reiki_int/reiki_menu.html	taikei	enabled		
16000	https://kri001.legal-square.com/HAS-Shohin/page/SJSrbLogin.jsf	legal-square	enabled		
16201	https://www1.g-reiki.net/toyama/reiki_menu.html	g-reiki	enabled		
16202	https://www1.g-reiki.net/takaoka/reiki_menu.html	g-reiki	enabled		
16204	https://www1.g-reiki.net/uozu/reiki_menu.html	g-reiki	enabled		
16205	https://www1.g-reiki.net/himi/reiki_menu.html	g-reiki	enabled		
16206	https://www1.g-reiki.net/city.namerikawa/reiki_menu.html	g-reiki	enabled		
16207	https://www1.g-reiki.net/kurobe/reiki_menu.html	g-reiki	enabled		
16208	https://www1.g-reiki.net/tonami/reiki_menu.html	g-reiki	enabled		
16209	https://en3-jg.d1-law.com/oyabe/d1w_reiki/reiki.html	d1-law	enabled		
16210	https://www1.g-reiki.net/nanto/reiki_menu.html	g-reiki	enabled		
16211	https://www1.g-reiki.net/imizu/reiki_menu.html	g-reiki	enabled		
16321	https://public2.legalcrud.com/funahashi_vill/reiki/	legalcrud	enabled		
16322	https://en3-jg.d1-law.com/kamiichi/d1w_reiki/reiki.html	d1-law	enabled		
16323	https://www1.g-reiki.net/tateyama/reiki_menu.html	g-reiki	enabled		
16342	https://www1.g-reiki.net/nyuzen/reiki_menu.html	g-reiki	enabled		
16343	https://www1.g-reiki.net/asahi.toyama/reiki_menu.html	g-reiki	enabled		
17000	https://kri101.legal-square.com/HAS-Shohin/page/SJSrbLogin.jsf	legal-square	enabled		
17201	http://www.city.kanazawa.ishikawa.jp/reiki/	taikei	enabled		
17202	https://www1.g-reiki.net/nanao/reiki_menu.html	g-reiki	enabled		
17203	https://www1.g-reiki.net/komatsu/reiki_menu.html	g-reiki	enabled		
17204	https://ops-jg.d1-law.com/opensearch/SrMjF01/init?jctcd=8A8054492E	d1-law	enabled		
17205	https://www1.g-reiki.net/suzu/reiki_menu.html	g-reiki	enabled		
17206	https://www1.g-reiki.net/kaga/reiki_menu.html	g-reiki	enabled		
17207	https://en3-jg.d1-law.com/hakui/d1w_reiki/reiki.html	d1-law	enabled		
17209	https://www1.g-reiki.net/kahoku/reiki_menu.html	g-reiki	enabled		
17210	https://www1.g-reiki.net/hakusan/reiki_menu.html	g-reiki	enabled		
17211	https://www1.g-reiki.net/nomi/reiki_menu.html	g-reiki	enabled		
17212	https://ops-jg.d1-law.com/opensearch/SrFeF01/init?jctcd=8A80544991	d1-law	enabled		
17324	https://www1.g-reiki.net/kawakita/reiki_menu.html	g-reiki	enabled		
17361	https://www1.g-reiki.net/tsubata/reiki_menu.html	g-reiki	enabled		
17365	https://www1.g-reiki.net/uchinada/reiki_menu.html	g-reiki	enabled		
17384	https://www1.g-reiki.net/shika/reiki_menu.html	g-reiki	enabled		
17386	https://www1.g-reiki.net/hodatsushimizu/reiki_menu.html	g-reiki	enabled		
17407	https://www1.g-reiki.net/nakanoto/reiki_menu.html	g-reiki	enabled		
17461	https://www1.g-reiki.net/anamizu/reiki_menu.html	g-reiki	enabled		
17463	https://ops-jg.d1-law.com/opensearch/SrMjF01/init?jctcd=8A80549A69	d1-law	enabled		
18000	https://kri201.legal-square.com/HAS-Shohin/page/SJSrbLogin.jsf	legal-square	enabled		
18201	https://www1.g-reiki.net/city.fukui/reiki_menu.html	g-reiki	enabled		
18202	https://ops-jg.d1-law.com/opensearch/SrMjF01/init?jctcd=8A8063B27C	d1-law	enabled		
18204	https://www1.g-reiki.net/obama/reiki_menu.html	g-reiki	enabled		
18205	https://kri206.legal-square.com/HAS-Shohin/page/SJSrbLogin.jsf	legal-square	enabled		
18206	https://www1.g-reiki.net/city.katsuyama/reiki_menu.html	g-reiki	enabled		
18207	https://www1.g-reiki.net/city.sabae/reiki_menu.html	g-reiki	enabled		
18208	https://www1.g-reiki.net/awara/reiki_menu.html	g-reiki	enabled		
18209	https://www1.g-reiki.net/echizen-city/reiki_menu.html	g-reiki	enabled		
18210	https://www1.g-reiki.net/sakai-city/reiki_menu.html	g-reiki	enabled		
18322	https://www1.g-reiki.net/eiheiji/reiki_menu.html	g-reiki	enabled		
18382	https://www.town.ikeda.fukui.jp/contents/reiki/reiki_menu.html	taikei	enabled		
18404	https://www1.g-reiki.net/town.minamiechizen/reiki_menu.html	g-reiki	enabled		
18423	https://www1.g-reiki.net/echizen/reiki_menu.html	g-reiki	enabled		
18442	https://www1.g-reiki.net/mihama/reiki_menu.html	g-reiki	enabled		
18481	http://www.town.takahama.fukui.jp/reiki/reiki_menu.html	taikei	enabled		
18483	https://www1.g-reiki.net/ohi/reiki_menu.html	g-reiki	enabled		
18501	https://www1.g-reiki.net/fukui-wakasa/reiki_menu.html	g-reiki	enabled		
19000	http://www.pref.yamanashi.jp/somu/shigaku/reiki/reiki_menu.html	taikei	enabled		
19201	https://www1.g-reiki.net/kofu/reiki_menu.html	g-reiki	enabled		
19202	https://www1.g-reiki.net/fujiyoshida/reiki_menu.html	g-reiki	enabled		
19204	https://www1.g-reiki.net/city.tsuru.yamanashi/reiki_menu.html	g-reiki	enabled		
19205	https://www1.g-reiki.net/city.yamanashi.yamanashi/reiki_menu.html	g-reiki	enabled		
19206	https://www.city.otsuki.yamanashi.jp/reiki/reiki_menu.html	taikei	enabled		
19207	https://ops-jg.d1-law.com/opensearch/SrMjF01/init?jctcd=8A80731BD1	d1-law	enabled		
19208	https://www1.g-reiki.net/minami-alps/reiki_menu.html	g-reiki	enabled		
19209	https://www1.g-reiki.net/city.hokuto.yamanashi/reiki_menu.html	g-reiki	enabled		
19210	https://www1.g-reiki.net/kai/reiki_menu.html	g-reiki	enabled		
19211	https://www1.g-reiki.net/fuefuki/reiki_menu.html	g-reiki	enabled		
19212	https://www1.g-reiki.net/uenohara/reiki_menu.html	g-reiki	enabled		
19213	https://www1.g-reiki.net/koshu/reiki_menu.html	g-reiki	enabled		
19214	https://www.city.chuo.yamanashi.jp/section/reiki_int/reiki_menu.html	taikei	enabled		
19346	https://www.town.ichikawamisato.yamanashi.jp/reiki_int/reiki_menu.html	taikei	enabled		
19364	https://www1.g-reiki.net/town.hayakawa.yamanashi/reiki_menu.html	g-reiki	enabled		
19365	https://public1.legalcrud.com/minobu_town/reiki/	legalcrud	enabled		
19366	https://www.town.nanbu.yamanashi.jp/reiki_int/reiki_menu.html	taikei	enabled		
19368	https://www.town.fujikawa.yamanashi.jp/reiki/reiki_int/reiki_menu.html	taikei	enabled		
19384	https://www1.g-reiki.net/town.showa.yamanashi/reiki_menu.html	g-reiki	enabled		
19422	https://www1.g-reiki.net/doshi/reiki_menu.html	g-reiki	enabled		
19423	https://www1.g-reiki.net/town.nishikatsura/reiki_menu.html	g-reiki	enabled		
19424	https://www1.g-reiki.net/oshino/reiki_menu.html	g-reiki	enabled		
19425	https://ops-jg.d1-law.com/opensearch/SrMjF01/init?jctcd=8A80736B77	d1-law	enabled		
19429	https://www1.g-reiki.net/vill.narusawa/reiki_menu.html	g-reiki	enabled		
19430	https://www1.g-reiki.net/fujikawaguchiko/reiki_menu.html	g-reiki	enabled		
19442	https://www1.g-reiki.net/vill.kosuge/reiki_menu.html	g-reiki	enabled		
19443	https://ops-jg.d1-law.com/opensearch/SrMjF01/init?jctcd=8A80736C3F	d1-law	enabled		
20000	https://ops-jg.d1-law.com/opensearch/SrMjF01/init?jctcd=8A8556305A	d1-law	enabled		
20201	https://en3-jg.d1-law.com/nagano-city/d1w_reiki/reiki.html	d1-law	enabled		
20202	https://www1.g-reiki.net/city.matsumoto/reiki_menu.html	g-reiki	enabled		
20203	https://www.city.ueda.nagano.jp/contents/reiki/reiki_int/reiki_taikei/taikei_default.html	taikei	enabled		
20204	https://www1.g-reiki.net/okaya/reiki_menu.html	g-reiki	enabled		
20205	https://www.city.iida.lg.jp/reiki_int/reiki_taikei/taikei_default.html	taikei	enabled		
20206	https://www.city.suwa.lg.jp/reiki/	taikei	enabled		
20207	https://ops-jg.d1-law.com/opensearch/SrFeF01/init?jctcd=8A85567B61	d1-law	enabled		
20208	https://www1.g-reiki.net/komoro/reiki_menu.html	g-reiki	enabled		
20209	https://www1.g-reiki.net/ina/reiki_menu.html	g-reiki	enabled		
20210	https://ops-jg.d1-law.com/opensearch/SrMjF01/init?jctcd=8A85567BBF	d1-law	enabled		
20211	https://en3-jg.d1-law.com/nakano/d1w_reiki/reiki.html	d1-law	enabled		
20212	https://kre713.legal-square.com/HAS-Shohin/page/SJSrbLogin.jsf	legal-square	enabled		
20213	https://www1.g-reiki.net/city.iiyama.nagano/reiki_menu.html	g-reiki	enabled		
20214	https://kre715.legal-square.com/HAS-Shohin/page/SJSrbLogin.jsf	legal-square	enabled		
20215	https://ops-jg.d1-law.com/opensearch/SrFeF01/init?jctcd=8A85567BC4	d1-law	enabled		
20217	https://en3-jg.d1-law.com/saku/d1w_reiki/reiki.html	d1-law	enabled		
20218	https://www1.g-reiki.net/chikuma/reiki_menu.html	g-reiki	enabled		
20219	https://www1.g-reiki.net/tomi/reiki_menu.html	g-reiki	enabled		
20220	https://www.city.azumino.nagano.jp/soshiki/7/reiki.html	d1-law	enabled		
20303	https://www1.g-reiki.net/koumi-town/reiki_kana/r_50_ro.html	g-reiki	enabled		
20304	https://en3-jg.d1-law.com/kawakami/d1w_reiki/reiki.html	d1-law	enabled		
20305	https://www.minamimakimura.jp/reiki_int/reiki_menu.html	taikei	enabled		
20306	https://en3-jg.d1-law.com/minamiaiki/d1w_reiki/reiki.html	d1-law	enabled		
20307	https://en3-jg.d1-law.com/kitaaiki/d1w_reiki/reiki.html	d1-law	enabled		
20309	https://en3-jg.d1-law.com/sakuho/d1w_reiki/reiki.html	d1-law	enabled		
20321	https://en3-jg.d1-law.com/karuizawa/d1w_reiki/reiki.html	d1-law	enabled		
20323	https://www1.g-reiki.net/town.miyota.nagano/reiki_menu.html	g-reiki	enabled		
20324	https://www.town.tateshina.nagano.jp/section/reiki_int/reiki_menu.html	taikei	enabled		
20349	http://www.vill.aoki.nagano.jp/reiki_int/reiki_menu.html	taikei	enabled		
20350	https://en3-jg.d1-law.com/nagawa/d1w_reiki/reiki.html	d1-law	enabled		
20361	https://www1.g-reiki.net/shimosuwa/reiki_menu.html	g-reiki	enabled		
20362	https://www1.g-reiki.net/town-fujimi/reiki_menu.html	g-reiki	enabled		
20363	https://www.vill.hara.lg.jp/reiki/reiki_int/reiki_menu.html	taikei	enabled		
20382	https://kre744.legal-square.com/HAS-Shohin/page/SJSrbLogin.jsf	legal-square	enabled		
20383	https://ops-jg.d1-law.com/opensearch/SrMjF01/init?jctcd=8A8556A5EF	d1-law	enabled		
20384	https://www1.g-reiki.net/iijima/reiki_menu.html	g-reiki	enabled		
20385	https://www1.g-reiki.net/vill.minamiminowa/reiki_menu.html	g-reiki	enabled		
20386	https://www1.g-reiki.net/vill.nakagawa.nagano/reiki_menu.html	g-reiki	enabled		
20388	https://www1.g-reiki.net/miyada/reiki_menu.html	g-reiki	enabled		
20402	https://www.town.matsukawa.lg.jp/section/reiki/reiki_menu.html	taikei	enabled		
20403	https://en3-jg.d1-law.com/takamori/d1w_reiki/reiki.html	d1-law	enabled		
20404	https://www1.g-reiki.net/town.anan.nagano/reiki_menu.html	g-reiki	enabled		
20407	https://www1.g-reiki.net/vill.achi/reiki_menu.html	g-reiki	enabled		
20409	https://www1.g-reiki.net/hirayamura/reiki_menu.html	g-reiki	enabled		
20410	https://www1.g-reiki.net/nebamura/reiki_menu.html	g-reiki	enabled		
20411	https://en3-jg.d1-law.com/shimojo/d1w_reiki/reiki.html	d1-law	enabled		
20412	https://www1.g-reiki.net/urugi/reiki_menu.html	g-reiki	enabled		
20413	https://www1.g-reiki.net/vill-tenryu/reiki_menu.html	g-reiki	enabled		
20414	https://www1.g-reiki.net/vill.yasuoka/reiki_menu.html	g-reiki	enabled		
20415	https://www1.g-reiki.net/takagi/reiki_menu.html	g-reiki	enabled		
20416	https://www.vill.nagano-toyooka.lg.jp/70reiki/reiki_menu.html	taikei	enabled		
20417	https://www1.g-reiki.net/vill.ooshika.nagano/reiki_menu.html	g-reiki	enabled		
20422	http://reiki.town.agematsu.nagano.jp/	taikei	enabled		
20423	https://en3-jg.d1-law.com/nagiso/d1w_reiki/reiki.html	d1-law	enabled		
20425	https://www1.g-reiki.net/vill.kiso.nagano/reiki_menu.html	g-reiki	enabled		
20429	https://en3-jg.d1-law.com/otaki/d1w_reiki/reiki.html	d1-law	enabled		
20430	https://www1.g-reiki.net/vill.okuwa/reiki_menu.html	g-reiki	enabled		
20432	https://ops-jg.d1-law.com/opensearch/SrMjF01/init?jctcd=8A8556CB69	d1-law	enabled		
20446	https://en3-jg.d1-law.com/omi/d1w_reiki/reiki.html	d1-law	enabled		
20448	https://en3-jg.d1-law.com/ikusaka/reiki.html	d1-law	enabled		
20450	https://www.vill.yamagata.nagano.jp/contents/reiki_int/reiki_menu.html	taikei	enabled		
20451	https://www1.g-reiki.net/vill.asahi.nagano/reiki_menu.html	g-reiki	enabled		
20452	https://www1.g-reiki.net/vill.chikuhoku/reiki_menu.html	g-reiki	enabled		
20481	https://en3-jg.d1-law.com/ikeda-town/d1w_reiki/reiki.html	d1-law	enabled		
20482	https://www1.g-reiki.net/vill-matsukawa/reiki_menu.html	g-reiki	enabled		
20485	https://www1.g-reiki.net/vill.hakuba/reiki_menu.html	g-reiki	enabled		
20486	https://www1.g-reiki.net/vill.otari/reiki_menu.html	g-reiki	enabled		
20521	https://en3-jg.d1-law.com/sakaki/d1w_reiki/reiki.html	d1-law	enabled		
20541	https://en3-jg.d1-law.com/obuse/d1w_reiki/reiki.html	d1-law	enabled		
20543	https://en3-jg.d1-law.com/takayama/d1w_reiki/reiki.html	d1-law	enabled		
20561	https://www1.g-reiki.net/town.yamanouchi.nagano/reiki_menu.html	g-reiki	enabled		
20562	http://www.vill.kijimadaira.lg.jp/d1w_reiki/reiki.html	d1-law	enabled		
20563	https://en3-jg.d1-law.com/nozawaonsen/d1w_reiki/reiki.html	d1-law	enabled		
20583	https://en3-jg.d1-law.com/shinano/d1w_reiki/reiki.html	d1-law	enabled		
20588	https://en3-jg.d1-law.com/ogawa/d1w_reiki/reiki.html	d1-law	enabled		
20590	https://ops-jg.d1-law.com/opensearch/SrMjF01/init?jctcd=8A8556F539	d1-law	enabled		
20602	https://en3-jg.d1-law.com/sakae/d1w_reiki/reiki.html	d1-law	enabled		
21000	https://ops-jg.d1-law.com/opensearch/SrFeF01/init?jctcd=8A856599AA	d1-law	enabled		
21201	https://www1.g-reiki.net/gifu/reiki_menu.html	g-reiki	enabled		
21202	https://www2.city.ogaki.lg.jp/reiki_int/reiki_menu.html	taikei	enabled		
21203	https://krq900.legal-square.com/HAS-Shohin/page/SJSrbLogin.jsf	legal-square	enabled		
21204	https://en3-jg.d1-law.com/tajimi/d1w_reiki/reiki.html	d1-law	enabled		
21205	https://en3-jg.d1-law.com/seki-shi/d1w_reiki/reiki.html	d1-law	enabled		
21206	https://en3-jg.d1-law.com/nakatsugawa/reiki.html	d1-law	enabled		
21207	https://www1.g-reiki.net/city.mino.gifu/reiki_menu.html	g-reiki	enabled		
21208	https://en3-jg.d1-law.com/mizunami/d1w_reiki/reiki.html	d1-law	enabled		
21209	https://www1.g-reiki.net/hashima/reiki_menu.html	g-reiki	enabled		
21210	https://en3-jg.d1-law.com/ena/d1w_reiki/reiki.html	d1-law	enabled		
21211	https://www1.g-reiki.net/minokamo/reiki_menu.html	g-reiki	enabled		
21212	https://www1.g-reiki.net/city.toki/reiki_menu.html	g-reiki	enabled		
21213	http://www2.city.kakamigahara.lg.jp/reiki_int/reiki_taikei/r_taikei_03_01_06.html	taikei	enabled		
21214	https://www1.g-reiki.net/kani/reiki_menu.html	g-reiki	enabled		
21215	https://www.city.yamagata.gifu.jp/reiki/reiki_menu.html	taikei	enabled		
21216	https://www.city.mizuho.lg.jp/reiki_int/reiki_menu.html	taikei	enabled		
21217	https://krr017.legal-square.com/HAS-Shohin/page/SJSrbLogin.jsf	legal-square	enabled		
21218	https://www1.g-reiki.net/city.motosu/reiki_menu.html	g-reiki	enabled		
21219	https://ops-jg.d1-law.com/opensearch/SrFeF01/init?jctcd=8A8565E518	d1-law	enabled		
21220	https://ops-jg.d1-law.com/opensearch/SrMjF01/init?jctcd=8A8565E56A	d1-law	enabled		
21221	https://www.city.kaizu.lg.jp/html/reiki/reiki_menu.html	taikei	enabled		
21302	https://www.town.ginan.lg.jp/reiki_int/reiki_menu.html	taikei	enabled		
21303	https://en3-jg.d1-law.com/kasamatsu/d1w_reiki/reiki.html	d1-law	enabled		
21341	http://reiki.town.yoro.gifu.jp/	taikei	enabled		
21361	https://www.town.tarui.lg.jp/reiki_int/reiki_menu.html	taikei	enabled		
21362	https://www1.g-reiki.net/town.sekigahara/reiki_menu.html	g-reiki	enabled		
21381	https://www1.g-reiki.net/godo/reiki_kana/r_50_to.html	g-reiki	enabled		
21382	https://www1.g-reiki.net/wanouchi/reiki_menu.html	g-reiki	enabled		
21383	https://www1.g-reiki.net/anpachi/reiki_menu.html	g-reiki	enabled		
21401	https://www.town.ibigawa.lg.jp/html/reiki/reiki_menu.html	taikei	enabled		
21403	https://www.town-ono.jp/reiki_int/reiki_menu.html	taikei	enabled		
21404	http://www.town.ikeda.gifu.jp/reiki_int/reiki_menu.html	taikei	enabled		
21421			enabled		
21501	https://reiki.town.sakahogi.gifu.jp/reiki_menu.html	taikei	enabled		
21502	https://www1.g-reiki.net/tomika/reiki_menu.html	g-reiki	enabled		
21503	https://www1.g-reiki.net/kawabe/reiki_menu.html	g-reiki	enabled		
21504	https://www.hichiso.jp/reiki_int/index.html	taikei	enabled		
21505	http://www.town.yaotsu.lg.jp/reiki_int/reiki_menu.html	taikei	enabled		
21506	https://www2.town.shirakawa.lg.jp/reiki_int/reiki_menu.html	taikei	enabled		
21507	https://www1.g-reiki.net/vill.higashishirakawa/reiki_menu.html	g-reiki	enabled		
21521	https://www.town.mitake.lg.jp/reiki_int/reiki_menu.html	taikei	enabled		
21604	https://www1.g-reiki.net/shirakawa-go/reiki_menu.html	g-reiki	enabled		
22000	https://kra900.legal-square.com/HAS-Shohin/page/SJSrbLogin.jsf	legal-square	enabled		
22100	https://krr001.legal-square.com/HAS-Shohin/page/SJSrbLogin.jsf	legal-square	enabled		
22130	https://www1.g-reiki.net/hamamatsu/reiki_menu.html	g-reiki	enabled		
22203	https://ops-jg.d1-law.com/opensearch/SrMjF01/init?jctcd=8A8573C75D	d1-law	enabled		
22205	https://krg306.legal-square.com/HAS-Shohin/page/SJSrbLogin.jsf	legal-square	enabled		
22206	https://krg307.legal-square.com/HAS-Shohin/page/SJSrbLogin.jsf	legal-square	enabled		
22207	https://krg308.legal-square.com/HAS-Shohin/page/SJSrbLogin.jsf	legal-square	enabled		
22208	https://krg309.legal-square.com/HAS-Shohin/page/SJSrbLogin.jsf	legal-square	enabled		
22209	https://www1.g-reiki.net/city.shimada/reiki_menu.html	g-reiki	enabled		
22210	https://krg311.legal-square.com/HAS-Shohin/page/SJSrbLogin.jsf	legal-square	enabled		
22211	https://ops-jg.d1-law.com/opensearch/SrFeF01/init?jctcd=8A8573C7C0	d1-law	enabled		
22212	https://www1.g-reiki.net/city.yaizu/reiki_menu.html	g-reiki	enabled		
22213	https://en3-jg.d1-law.com/kakegawa/d1w_reiki/reiki.html	d1-law	enabled		
22214	https://www.city.fujieda.shizuoka.jp/static/reiki_int/reiki_menu.html	taikei	enabled		
22215	https://krg316.legal-square.com/HAS-Shohin/page/SJSrbLogin.jsf	legal-square	enabled		
22216	https://krr179.legal-square.com/HAS-Shohin/page/SJSrbLogin.jsf	legal-square	enabled		
22219	https://ops-jg.d1-law.com/opensearch/SrMjF01/init?jctcd=8A8573C7C8	d1-law	enabled		
22220	https://krg321.legal-square.com/HAS-Shohin/page/SJSrbLogin.jsf	legal-square	enabled		
22221	https://www.city.kosai.shizuoka.jp/section/reiki/reiki_menu.html	taikei	enabled		
22222	https://ops-jg.d1-law.com/opensearch/SrMjF01/init?jctcd=8A8573C81C	d1-law	enabled		
22223	https://ops-jg.d1-law.com/opensearch/SrFeF01/init?jctcd=8A8573C81D	d1-law	enabled		
22224	https://www1.g-reiki.net/city.kikugawa/reiki_menu.html	g-reiki	enabled		
22225	https://www1.g-reiki.net/city.izunokuni/reiki_menu.html	g-reiki	enabled		
22226	https://www.city.makinohara.shizuoka.jp/reiki/reiki_menu.html	taikei	enabled		
22301	https://www1.g-reiki.net/town.higashiizu.shizuoka/reiki_menu.html	g-reiki	enabled		
22302	https://en3-jg.d1-law.com/kawazu/d1w_reiki/reiki.html	d1-law	enabled		
22304	https://ops-jg.d1-law.com/opensearch/SrMjF01/init?jctcd=8A8573EED2	d1-law	enabled		
22305	https://en3-jg.d1-law.com/matsuzaki/d1w_reiki/reiki.html	d1-law	enabled		
22306	https://www.town.nishiizu.shizuoka.jp/reiki/reiki_menu.html	taikei	enabled		
22325	https://www1.g-reiki.net/town.kannami.shizuoka/reiki_menu.html	g-reiki	enabled		
22341	https://ops-jg.d1-law.com/opensearch/SrMjF01/init?jctcd=8A8573F059	d1-law	enabled		
22342	https://krg339.legal-square.com/HAS-Shohin/page/SJSrbLogin.jsf	legal-square	enabled		
22344	https://www.fuji-oyama.jp/oyama/reiki/reiki_menu.html	taikei	enabled		
22424	http://www.town.yoshida.shizuoka.jp/yakuba/reiki/reiki_menu.html	taikei	enabled		
22429	https://www.town.kawanehon.shizuoka.jp/section/reiki_int/reiki_menu.html	taikei	enabled		
22461	https://en3-jg.d1-law.com/mori/d1w_reiki/reiki.html	d1-law	enabled		
23000	https://ops-jg.d1-law.com/opensearch/SrMjF01/init?jctcd=8A8582E5AA	d1-law	enabled		
23100	https://kri502.legal-square.com/HAS-Shohin/page/SJSrbLogin.jsf	legal-square	enabled		
23201	https://kri503.legal-square.com/HAS-Shohin/page/SJSrbLogin.jsf	legal-square	enabled		
23202			enabled		
23203	https://www2.city.ichinomiya.aichi.jp/reiki/reiki_menu.html	taikei	enabled		
23204	https://www1.g-reiki.net/seto/reiki_menu.html	g-reiki	enabled		
23205	https://www1.g-reiki.net/handa-fd/reiki_menu.html	g-reiki	enabled		
23206	https://www2.city.kasugai.lg.jp/somu/reiki/reiki-menu.html	taikei	enabled		
23207	https://en3-jg.d1-law.com/toyokawa/d1w_reiki/reiki.html	d1-law	enabled		
23208	https://ops-jg.d1-law.com/opensearch/SrFeF01/init?jctcd=8A858330B2	d1-law	enabled		
23209	https://ops-jg.d1-law.com/opensearch/SrFeF01/init?jctcd=8A858330B3	d1-law	enabled		
23210	https://en3-jg.d1-law.com/kariya/reikishu/reiki.html	d1-law	enabled		
23211	https://www2.city.toyota.aichi.jp/reiki_int/reiki_menu.html	taikei	enabled		
23212	https://en3-jg.d1-law.com/anjo/d1w_reiki/reiki.html	d1-law	enabled		
23213	https://ops-jg.d1-law.com/opensearch/SrMjF01/init?jctcd=8A85833112	d1-law	enabled		
23214	https://www1.g-reiki.net/gamagori/reiki_menu.html	g-reiki	enabled		
23215	https://ops-jg.d1-law.com/opensearch/SrFeF01/init?jctcd=8A85833114	d1-law	enabled		
23216	https://en3-jg.d1-law.com/tokoname/d1w_reiki/reiki.html	d1-law	enabled		
23217	https://www1.g-reiki.net/konan/reiki_menu.html	g-reiki	enabled		
23219	https://krt600.legal-square.com/HAS-Shohin/page/SJSrbLogin.jsf	legal-square	enabled		
23220	http://www3.city.inazawa.aichi.jp/city.inazawa.aichi/reiki_menu.html	taikei	enabled		
23221	https://www1.g-reiki.net/shinshiro/reiki_menu.html	g-reiki	enabled		
23222	https://www1.g-reiki.net/tokai-city/reiki_menu.html	g-reiki	enabled		
23223	https://ops-jg.d1-law.com/opensearch/SrFeF01/init?jctcd=8A8583316D	d1-law	enabled		
23224	https://www.city.chita.lg.jp/reiki_int/reiki_menu.html	taikei	enabled		
23225	https://en3-jg.d1-law.com/chiryu/d1w_reiki/reiki.html	d1-law	enabled		
23226	https://www1.g-reiki.net/owariasahi.city/reiki_menu.html	g-reiki	enabled		
23227	https://www1.g-reiki.net/takahama/reiki_menu.html	g-reiki	enabled		
23228	https://ops-jg.d1-law.com/opensearch/SrMjF01/init?jctcd=8A85833172	d1-law	enabled		
23229	https://www1.g-reiki.net/toyoake/reiki_menu.html	g-reiki	enabled		
23230	https://www.city.nisshin.lg.jp/section/reiki_int/reiki_menu.html	taikei	enabled		
23231	https://www1.g-reiki.net/city.tahara/reiki_menu.html	g-reiki	enabled		
23232	https://www1.g-reiki.net/aisai/reiki_menu.html	g-reiki	enabled		
23233	https://ops-jg.d1-law.com/opensearch/SrMjF01/init?jctcd=8A858331D2	d1-law	enabled		
23234	https://www2.city.kitanagoya.lg.jp/reiki_int/reiki_menu.html	taikei	enabled		
23235	https://www1.g-reiki.net/yatomi/reiki_menu.html	g-reiki	enabled		
23236	https://www1.g-reiki.net/aichi-miyoshi/reiki_menu.html	g-reiki	enabled		
23237	https://www1.g-reiki.net/ama/reiki_menu.html	g-reiki	enabled		
23238	https://www1.g-reiki.net/nagakute/reiki_menu.html	g-reiki	enabled		
23302	https://ops-jg.d1-law.com/opensearch/SrMjF01/init?jctcd=8A85835820	d1-law	enabled		
23342	https://www1.g-reiki.net/toyoyama/reiki_menu.html	g-reiki	enabled		
23361	https://www.town.oguchi.lg.jp/ftpdirect/reiki_int/reiki_menu.html	taikei	enabled		
23362	https://en3-jg.d1-law.com/fuso/d1w_reiki/reiki.html	d1-law	enabled		
23424	https://www1.g-reiki.net/oharu/reiki_menu.html	g-reiki	enabled		
23425	https://www1.g-reiki.net/kanie/reiki_menu.html	g-reiki	enabled		
23427	https://www1.g-reiki.net/tobishima/reiki_menu.html	g-reiki	enabled		
23441	https://www.town.agui.lg.jp/category2/reiki/reiki_menu.html	taikei	enabled		
23442	https://ops-jg.d1-law.com/opensearch/SrGoF01/init?jctcd=8A8583811E	d1-law	enabled		
23445	https://en3-jg.d1-law.com/minamichita/d1w_reiki/reiki.html	d1-law	enabled		
23446	https://www.town.aichi-mihama.lg.jp/section/reiki_int/reiki_menu.html	taikei	enabled		
23447	https://kri563.legal-square.com/HAS-Shohin/page/SJSrbLogin.jsf	legal-square	enabled		
23501	https://www1.g-reiki.net/kota/reiki_menu.html	g-reiki	enabled		
23561	https://www.town.shitara.lg.jp/online/reiki/reiki_menu.html	taikei	enabled		
23562	https://www1.g-reiki.net/town.toei/reiki_menu.html	g-reiki	enabled		
23563	https://www.vill.toyone.aichi.jp/section/reiki_int/reiki_menu.html	taikei	enabled		
24000	https://ops-jg.d1-law.com/opensearch/SrMjF01/init?jctcd=8A85924EFA	d1-law	enabled		
24201	https://en3-jg.d1-law.com/tsu/d1w_reiki/reiki.html	d1-law	enabled		
24202	http://www.city.yokkaichi.mie.jp/reiki/reiki.html	taikei	enabled		
24203	http://reikisyu.city.ise.mie.jp/ise/reiki_menu.html	taikei	enabled		
24204	https://ops-jg.d1-law.com/opensearch/SrMjF01/init?jctcd=8A859299FE	d1-law	enabled		
24205	https://www1.g-reiki.net/kuwana/reiki_menu.html	g-reiki	enabled		
24207	https://en3-jg.d1-law.com/suzuka/d1w_reiki/reiki.html	d1-law	enabled		
24208	https://en3-jg.d1-law.com/nabari/d1w_reiki/reiki.html	d1-law	enabled		
24209	https://www1.g-reiki.net/owase/reiki_menu.html	g-reiki	enabled		
24210	https://www1.g-reiki.net/kameyama/reiki_menu.html	g-reiki	enabled		
24211	https://en3-jg.d1-law.com/toba/d1w_reiki/reiki.html	d1-law	enabled		
24212	https://www.city.kumano.lg.jp/reiki_int/reiki_menu.html	taikei	enabled		
24214	https://www2.city.inabe.mie.jp/reiki/reiki_menu.html	taikei	enabled		
24215	https://www1.g-reiki.net/city.shima.mie/reiki_menu.html	g-reiki	enabled		
24216	https://en3-jg.d1-law.com/iga/d1w_reiki/reiki.html	d1-law	enabled		
24303	https://www.town.kisosaki.lg.jp/reiki/reiki_menu.html	taikei	enabled		
24324	https://www.town.toin.lg.jp/section/reiki/reiki_menu.html	taikei	enabled		
24341	https://en3-jg.d1-law.com/komono/d1w_reiki/reiki.html	d1-law	enabled		
24343	https://www2.town.asahi.mie.jp/reiki/reiki_menu.html	taikei	enabled		
24344	https://en3-jg.d1-law.com/kawagoe/d1w_reiki/reiki.html	d1-law	enabled		
24441	https://www.town.taki.mie.jp/section/reiki_int/reiki_menu.html	taikei	enabled		
24442	https://en3-jg.d1-law.com/meiwa/d1w_reiki/reiki.html	d1-law	enabled		
24443	https://en3-jg.d1-law.com/oodai/d1w_reiki/reiki.html	d1-law	enabled		
24461	https://kizuna.town.tamaki.mie.jp/reiki/index.html	taikei	enabled		
24470	https://www1.g-reiki.net/watarai/reiki_menu.html	g-reiki	enabled		
24471	https://en3-jg.d1-law.com/taiki/d1w_reiki/reiki.html	d1-law	enabled		
24472	https://www.town.minamiise.lg.jp/section/reiki_int/reiki_menu.html	taikei	enabled		
24543	https://en3-jg.d1-law.com/kihoku/d1w_reiki/reiki.html	d1-law	enabled		
24561	https://en3-jg.d1-law.com/mihama/d1w_reiki/reiki.html	d1-law	enabled		
24562	http://www.town.kiho.lg.jp/reiki_int/reiki_menu.html	taikei	enabled		
25000	https://www.pref.shiga.lg.jp/site/jourei/reiki_int/reiki_menu.html	taikei	enabled		
25201	https://www1.g-reiki.net/city.otsu/reiki_menu.html	g-reiki	enabled		
25202	https://www.city.hikone.lg.jp/section/reiki_int/	joureikun	enabled		
25203	https://www1.g-reiki.net/city.nagahama/reiki_menu.html	g-reiki	enabled		
25204	https://www1.g-reiki.net/city.omihachiman/reiki_menu.html	g-reiki	enabled		
25206	https://www1.g-reiki.net/kusatsu/reiki_menu.html	g-reiki	enabled		
25207	https://www2.city.moriyama.lg.jp/reiki_int/reiki_menu.html	taikei	enabled		
25208	http://www.city.ritto.lg.jp/reiki/reiki_menu.html	taikei	enabled		
25209	https://www.city.koka.lg.jp/reiki/	taikei	enabled		
25210	https://www.city.yasu.lg.jp/section/reiki_int/reiki_menu.html	taikei	enabled		
25211	https://www.city.shiga-konan.lg.jp/section/reiki_int/reiki_menu.html	taikei	enabled		
25212	https://www.city.takashima.lg.jp/section/reiki_int/reiki_menu.html	taikei	enabled		
25213	https://www2.city.higashiomi.shiga.jp/reiki_int/reiki_menu.html	taikei	enabled		
25214	https://www.city.maibara.lg.jp/reiki/reiki_taikei/taikei_default.html	taikei	enabled		
25383	https://www1.g-reiki.net/town.shiga-hino/reiki_taikei/taikei_default.html	g-reiki	enabled		
25384	https://ops-jg.d1-law.com/opensearch/SrMjF01/init?jctcd=8A85A22DE0	d1-law	enabled		
25425	https://www.town.aisho.shiga.jp/section/reiki_menu.html	taikei	enabled		
25441	https://www.town.toyosato.shiga.jp/reiki/	joureikun	enabled		
25442	https://www.kouratown.jp/section/reiki_int/reiki_kana/r_50_no.html	taikei	enabled		
25443	https://ops-jg.d1-law.com/opensearch/SrMjF01/init?jctcd=8A85A253BF	d1-law	enabled		
26000	https://www.pref.kyoto.jp/reiki/	taikei	enabled		
26100	https://en3-jg.d1-law.com/kyoto/d1w_reiki/reiki.html	d1-law	enabled		
26201	https://www.city.fukuchiyama.lg.jp/reiki/reiki_menu.html	taikei	enabled		
26202	https://www.city.maizuru.kyoto.jp/html/reiki_int/reiki_menu.html	taikei	enabled		
26203	https://en3-jg.d1-law.com/ayabe/d1w_reiki/reiki.html	d1-law	enabled		
26204	http://reiki-web.city.uji.kyoto.jp/reiki/	taikei	enabled		
26205	https://www.city.miyazu.kyoto.jp/reiki/reiki_int/reiki_menu.html	taikei	enabled		
26206	https://www.city.kameoka.kyoto.jp/reiki_int/reiki_menu.html	taikei	enabled		
26207	https://www.city.joyo.kyoto.jp/reiki_int/reiki_menu.html	taikei	enabled		
26208	https://www.city.muko.kyoto.jp/section/reiki_int/reiki_menu.html	taikei	enabled		
26209	https://www.city.nagaokakyo.lg.jp/html/reiki/reiki_menu.html	taikei	enabled		
26210	https://www.city.yawata.kyoto.jp/reiki/reiki.html	reiki.html	enabled		
26211	https://www.city.kyotanabe.lg.jp/reiki/reiki_menu.html	taikei	enabled		
26212	https://www1.g-reiki.net/city.kyotango/reiki_menu.html	g-reiki	enabled		
26213	https://www1.g-reiki.net/city.nantan/reiki_menu.html	g-reiki	enabled		
26214	https://en3-jg.d1-law.com/kizugawa/d1w_reiki/reiki.html	d1-law	enabled		
26303	http://www.town.oyamazaki.kyoto.jp/reiki/reiki_menu.html	taikei	enabled		
26322	https://www.town.kumiyama.lg.jp/selfcontents/reiki_int/reiki_menu.html	taikei	enabled		
26343	https://www.town.ide.kyoto.jp/section/reiki_int/reiki_menu.html	taikei	enabled		
26344	https://www.town.ujitawara.kyoto.jp/section/reiki_int/reiki_menu.html	taikei	enabled		
26364	http://www.town.kasagi.lg.jp/html/reiki_int/reiki_menu.html	taikei	enabled		
26365	https://www.town.wazuka.lg.jp/section/reiki/reiki_menu.html	taikei	enabled		
26366	http://reiki.town.seika.kyoto.jp/	taikei	enabled		
26367	https://www.vill.minamiyamashiro.lg.jp/reiki/reiki_menu.html	taikei	enabled		
26407	https://www1.g-reiki.net/town.kyotamba/reiki_menu.html	g-reiki	enabled		
26463	https://www.town.ine.kyoto.jp/section/reiki/reiki.html	reiki.html	enabled		
26465	https://www.town.yosano.lg.jp/reiki/reiki_menu.html	taikei	enabled		
27000	https://www.pref.osaka.lg.jp/houbun/reiki/reiki_menu.html	taikei	enabled		
27100	https://www1.g-reiki.net/reiki37e/reiki.html	g-reiki	excluded	login_required	例規集の閲覧にログインが必要（Super Reiki-Base）
27140	https://www.city.sakai.lg.jp/reiki/reiki_menu.html	taikei	enabled		
27202	https://en3-jg.d1-law.com/kishiwada/d1w_reiki/reiki.html	d1-law	enabled		
27203	https://www1.g-reiki.net/toyonaka/reiki_menu.html	g-reiki	enabled		
27204	https://en3-jg.d1-law.com/ikeda-city/d1w_reiki/reiki.html	d1-law	enabled		
27205	https://www2.city.suita.osaka.jp/reiki/d1w_reiki/reiki.html	d1-law	enabled		
27206	https://www.city.izumiotsu.lg.jp/section/reiki/reiki_menu.html	taikei	enabled		
27207	https://www.city.takatsuki.osaka.jp/bunsyo/reiki_int/reiki_menu.html	taikei	enabled		
27208	https://www1.g-reiki.net/city.kaizuka/reiki_menu.html	g-reiki	enabled		
27209	https://en3-jg.d1-law.com/moriguchi/d1w_reiki/reiki.html	d1-law	enabled		
27210	https://kro600.legal-square.com/HAS-Shohin/page/SJSrbLogin.jsf	legal-square	enabled		
27211	https://www.city.ibaraki.osaka.jp/office/hobun/reiki_int/reiki_menu.html	taikei	enabled		
27212	https://ops-jg.d1-law.com/opensearch/SrMjF01/init?jctcd=8A85C0D651	d1-law	enabled		
27213	https://www1.g-reiki.net/city.izumisano/reiki_menu.html	g-reiki	enabled		
27214	https://www1.g-reiki.net/tondabayashi/reiki_menu.html	g-reiki	enabled		
27215	http://www2.city.neyagawa.osaka.jp/reiki/reiki_menu.html	taikei	enabled		
27216	https://www.city.kawachinagano.lg.jp/static/reiki/reiki_menu.html	taikei	enabled		
27217	https://en3-jg.d1-law.com/matsubara/d1w_reiki/reiki.html	d1-law	enabled		
27218	https://www.city.daito.lg.jp/reiki_int/reiki_menu.html	taikei	enabled		
27219	https://www1.g-reiki.net/city.osaka-izumi/reiki_menu.html	g-reiki	enabled		
27220	https://www1.g-reiki.net/minoh/reiki_menu.html	g-reiki	enabled		
27221	https://www.city.kashiwara.lg.jp/reiki/reiki_menu.html	taikei	enabled		
27222	https://www1.g-reiki.net/city.habikino/reiki_menu.html	g-reiki	enabled		
27223	https://en3-jg.d1-law.com/kadoma/d1w_reiki/reiki.html	d1-law	enabled		
27224	https://www.city.settsu.osaka.jp/section/reiki/reiki_menu.html	taikei	enabled		
27225	https://www.city.takaishi.lg.jp/section/reiki_int/reiki_menu.html	taikei	enabled		
27226	https://en3-jg.d1-law.com/fujiidera/d1w_reiki/reiki.html	d1-law	enabled		
27227	https://ops-jg.d1-law.com/opensearch/SrMjF01/init?jctcd=8A85C0D6B1	d1-law	enabled		
27228	https://en3-jg.d1-law.com/sennan/d1w_reiki/reiki.html	d1-law	enabled		
27229	https://www1.g-reiki.net/shijonawate/reiki_menu.html	g-reiki	enabled		
27230	https://www.city.katano.osaka.jp/reiki_int/reiki_menu.html	taikei	enabled		
27231	https://www1.g-reiki.net/osakasayama/reiki_menu.html	g-reiki	enabled		
27232	https://www.city.hannan.lg.jp/section/reiki_int/reiki_menu.html	taikei	enabled		
27301	https://www1.g-reiki.net/shimamotocho/reiki_menu.html	g-reiki	enabled		
27321	https://www.town.toyono.osaka.jp/reiki_int/reiki_menu.html	taikei	enabled		
27322	https://en3-jg.d1-law.com/nose/d1w_reiki/reiki.html	d1-law	enabled		
27341	https://en3-jg.d1-law.com/tadaoka/d1w_reiki/reiki.html	d1-law	enabled		
27361	https://www.town.kumatori.lg.jp/section/reiki_int/reiki_menu.html	taikei	enabled		
27362	https://ops-jg.d1-law.com/opensearch/SrMjF01/init?jctcd=8A85C0FFB4	d1-law	enabled		
27366	https://www.town.misaki.osaka.jp/reiki_int/reiki_menu.html	taikei	enabled		
27381	https://www.town.taishi.osaka.jp/section/d1w_reiki/reiki.html	d1-law	enabled		
27382	https://en3-jg.d1-law.com/kanan/d1w_reiki/reiki.html	d1-law	enabled		
27383	https://www.vill.chihayaakasaka.osaka.jp/section/d1w_reiki/reiki.html	d1-law	enabled		
28000	https://ops-jg.d1-law.com/opensearch/SrMjF01/init?jctcd=8A85CFF43A	d1-law	enabled		
28100	https://www1.g-reiki.net/city.kobe/reiki_taikei/taikei_default.html	g-reiki	enabled		
28201	https://krl500.legal-square.com/HAS-Shohin/page/SJSrbLogin.jsf	legal-square	enabled		
28202	https://www1.g-reiki.net/reiki4af/reiki.html	g-reiki	excluded	login_required	例規集の閲覧にログインが必要
28203	https://ops-jg.d1-law.com/opensearch/SrMjF01/init?jctcd=8A85D03F3D	d1-law	enabled		
28204	https://regulations.bk2reiki.net/	独自	excluded	login_required	西宮市例規集検索システム（東京法令）はユーザーIDとパスワードが要る
28205	https://www.city.sumoto.lg.jp/reiki/reiki.html	reiki.html	enabled		
28206	https://www1.g-reiki.net/ashiya/reiki_menu.html	g-reiki	enabled		
28207	https://en3-jg.d1-law.com/itami/d1w_reiki/reiki.html	d1-law	enabled		
28208	https://www.city.aioi.lg.jp/reiki/reiki_int/reiki_menu.html	taikei	enabled		
28209	https://www3.city.toyooka.lg.jp/reiki/reiki_menu.html	taikei	enabled		
28210	https://www.city.kakogawa.lg.jp/section/reiki_int/reiki_menu.html	taikei	enabled		
28212	http://www.city.ako.lg.jp/reiki/reiki_menu.html	taikei	enabled		
28213	https://en3-jg.d1-law.com/nishiwaki/d1w_reiki/reiki.html	d1-law	enabled		
28214	https://www2.city.takarazuka.hyogo.jp/reiki_int/reiki_menu.html	taikei	enabled		
28215	https://www.city.miki.lg.jp/reiki_int/reiki_menu.html	taikei	enabled		
28216	https://www.city.takasago.lg.jp/section/info_reiki/reiki.html	reiki.html	enabled		
28217	https://www2.city.kawanishi.hyogo.jp/reiki/reiki_kana/r_50_to.html	taikei	enabled		
28218	https://www.city.ono.hyogo.jp/section/~somu/reiki/reiki_menu.html	taikei	enabled		
28219	https://krb500.legal-square.com/HAS-Shohin/page/SJSrbLogin.jsf	legal-square	enabled		
28220	https://www.city.kasai.hyogo.jp/d1w_reiki/reiki.html	d1-law	enabled		
28221	https://www.city.tambasasayama.lg.jp/section/reiki_int/reiki_menu.html	taikei	enabled		
28222	https://www.city.yabu.hyogo.jp/section/reiki_int/reiki_menu.html	taikei	enabled		
28223	https://www.city.tamba.lg.jp/section/reiki/reiki_menu.html	taikei	enabled		
28224	https://www1.g-reiki.net/city.minamiawaji/reiki_menu.html	g-reiki	enabled		
28225	https://www.city.asago.hyogo.jp/reiki/reiki_menu.html	taikei	enabled		
28226	https://www.city.awaji.lg.jp/reiki/reiki.html	reiki.html	enabled		
28227	https://www1.g-reiki.net/city.shiso/reiki_menu.html	g-reiki	enabled		
28228	https://www.city.kato.lg.jp/section/reiki/reiki_menu.html	taikei	enabled		
28229	https://www1.g-reiki.net/city.tatsuno/reiki_menu.html	g-reiki	enabled		
28301	https://www1.g-reiki.net/inagawa/reiki_menu.html	g-reiki	enabled		
28365	https://en3-jg.d1-law.com/taka/d1w_reiki/reiki.html	d1-law	enabled		
28381	https://www.town.hyogo-inami.lg.jp/reiki/reiki_menu.html	taikei	enabled		
28382	http://www.town.harima.lg.jp/d1w_reiki/reiki.html	d1-law	enabled		
28442	https://www.town.ichikawa.lg.jp/div/soumu/htm/reiki/reiki.html	reiki.html	enabled		
28443	https://en3-jg.d1-law.com/fukusaki/d1w_reiki/reiki.html	d1-law	enabled		
28446	http://www.town.kamikawa.hyogo.jp/html/reiki/reiki_menu.html	taikei	enabled		
28464	https://www.town.hyogo-taishi.lg.jp/section/reiki/reiki.html	reiki.html	enabled		
28481	https://www.town.kamigori.hyogo.jp/section/reiki_int/reiki_menu.html	taikei	enabled		
28501	https://www.town.sayo.lg.jp/reikisyuu/reiki.html	reiki.html	enabled		
28585	https://www1.g-reiki.net/town.mikata-kami/reiki_menu.html	g-reiki	enabled		
28586	https://www1.g-reiki.net/town.shinonsen.hyogo/reiki_menu.html	g-reiki	enabled		
29000	https://krk401.legal-square.com/HAS-Shohin/page/SJSrbLogin.jsf	legal-square	enabled		
29201	https://ops-jg.d1-law.com/opensearch/SrMjF01/init?jctcd=8A85DFA88B	d1-law	enabled		
29202	https://www.city.yamatotakada.nara.jp/section/d1w_reiki/reiki.html	d1-law	enabled		
29203	https://www.city.yamatokoriyama.lg.jp/section/reiki_int/reiki_menu.html	taikei	enabled		
29204	https://en3-jg.d1-law.com/tenri/d1w_reiki/reiki.html	d1-law	enabled		
29205	https://www.city.kashihara.nara.jp/section/reiki/reiki.html	reiki.html	enabled		
29206	https://en3-jg.d1-law.com/sakurai/d1w_reiki/reiki.html	d1-law	enabled		
29207	https://www.city.gojo.lg.jp/section/reiki_int/reiki_menu.html	taikei	enabled		
29208	https://www.city.gose.nara.jp/html/reiki_int/reiki_menu.html	taikei	enabled		
29209	https://www.city.ikoma.lg.jp/html/reiki_int/reiki_menu.html	taikei	enabled		
29210	https://krk411.legal-square.com/HAS-Shohin/page/SJSrbLogin.jsf	legal-square	enabled		
29211	https://www1.g-reiki.net/city.katsuragi/reiki_menu.html	g-reiki	enabled		
29212	https://ops-jg.d1-law.com/opensearch/SrMjF01/init?jctcd=8A85DFA8F1	d1-law	enabled		
29322	https://www.vill.yamazoe.nara.jp/reiki_int/reiki_menu.html	taikei	enabled		
29342	https://www1.g-reiki.net/town.heguri.nara/reiki_menu.html	g-reiki	enabled		
29343	https://www1.g-reiki.net/town.sango/reiki_menu.html	g-reiki	enabled		
29344	https://www.town.ikaruga.nara.jp/reiki_int/reiki_menu.html	taikei	enabled		
29345	https://www.town.ando.nara.jp/html/reiki_menu.html	taikei	enabled		
29361	https://www.town.nara-kawanishi.lg.jp/html/reiki_int/reiki_menu.html	taikei	enabled		
29362	https://www1.g-reiki.net/town.miyake/reiki_menu.html	g-reiki	enabled		
29363	https://www.town.tawaramoto.nara.jp/section/05_others/reiki_int/reiki_menu.html	taikei	enabled		
29385	https://www.vill.soni.nara.jp/div/soumu/htm/reiki_int/reiki_menu.html	taikei	enabled		
29386	https://lg.joureikun.jp/mitsue_vill/reiki/	joureikun	enabled		
29401	https://www.town.takatori.nara.jp/reiki/reiki_int/reiki_menu.html	taikei	enabled		
29402	https://www.asukamura.jp/reiki/reiki_menu.html	taikei	enabled		
29424	https://krk432.legal-square.com/HAS-Shohin/page/SJSrbLogin.jsf	legal-square	enabled		
29425	https://www.town.oji.nara.jp/reiki_int/reiki_menu.html	taikei	enabled		
29426	https://www.town.koryo.nara.jp/html/reiki_int/reiki_menu.html	taikei	enabled		
29427	https://www.town.kawai.nara.jp/section/reiki/reiki_menu.html	taikei	enabled		
29441			enabled		
29442	http://www.town.oyodo.lg.jp/reiki/reiki_menu.html	taikei	enabled		
29443	https://www.town.shimoichi.lg.jp/kids/reiki/reiki_menu.html	taikei	enabled		
29444	https://ops-jg.d1-law.com/opensearch/SrFeF01/init?jctcd=8A85DFF900	d1-law	enabled		
29446			enabled		
29447			enabled		
29449			enabled		
29450			enabled		
29451			enabled		
29452		d1-law	unresolved	wrong_municipality_url	長野県川上村(20304)の例規集URLが登録されていた。奈良県川上村の例規集は未特定
29453			enabled		
30000	https://www.pref.wakayama.lg.jp/prefg/010100/reiki/reiki_menu.html	taikei	enabled		
30201	https://krt800.legal-square.com/HAS-Shohin/page/SJSrbLogin.jsf	legal-square	enabled		
30202	https://www.city.kainan.lg.jp/section/reiki/reiki_menu.html	taikei	enabled		
30203	https://www.city.hashimoto.lg.jp/section/reiki_menu.html	taikei	enabled		
30204	http://www2.city.arida.lg.jp/e_reiki/reiki.html	reiki.html	enabled		
30205	https://www.city.gobo.lg.jp/section/reiki_int/reiki_menu.html	taikei	enabled		
30206	https://www.city.tanabe.lg.jp/section/reiki/reiki.html	reiki.html	enabled		
30207	http://www.city.shingu.lg.jp/div/soumu-1/htm/d1w_reiki/reiki.html	d1-law	enabled		
30208	https://www1.g-reiki.net/kinokawa/reiki_menu.html	g-reiki	enabled		
30209	https://www1.g-reiki.net/city.iwade/reiki_menu.html	g-reiki	enabled		
30304	https://www.town.kimino.wakayama.jp/section/reiki/reiki_menu.html	taikei	enabled		
30341	https://www.town.katsuragi.wakayama.jp/reiki/reiki_menu.html	taikei	enabled		
30343	https://en3-jg.d1-law.com/kudoyama/d1w_reiki/reiki.html	d1-law	enabled		
30344	http://www.town.koya.wakayama.jp/reiki_int/reiki_menu.html	taikei	enabled		
30361	https://en3-jg.d1-law.com/yuasa/d1w_reiki/reiki.html	d1-law	enabled		
30362	https://www.town.hirogawa.wakayama.jp/reiki/reiki_menu.html	taikei	enabled		
30366	https://www.town.aridagawa.lg.jp/section/reiki/reiki_menu.html	taikei	enabled		
30381	http://www.town.mihama.wakayama.jp/other-contents/reiki_int/reiki_menu.html	taikei	enabled		
30382	http://www.town.wakayama-hidaka.lg.jp/other-contents/reiki_int/reiki_menu.html	taikei	enabled		
30383	http://www.town.yura.wakayama.jp/other-contents/reiki_int/reiki_menu.html	taikei	enabled		
30390	https://www.town.wakayama-inami.lg.jp/reiki/reiki_menu.html	taikei	enabled		
30391	https://en3-jg.d1-law.com/minabe/d1w_reiki/reiki.html	d1-law	enabled		
30392	http://reiki.town.hidakagawa.lg.jp/reiki_int/reiki_menu.html	taikei	enabled		
30401	https://krr324.legal-square.com/HAS-Shohin/page/SJSrbLogin.jsf	legal-square	enabled		
30404	http://www.town.kamitonda.lg.jp/section/reiki/reiki_menu.html	taikei	enabled		
30406	https://www.town.susami.lg.jp/other-contents/reiki_int/reiki_menu.html	taikei	enabled		
30421	http://www.town.nachikatsuura.wakayama.jp/div/somu/htm/reiki/reiki.html	reiki.html	enabled		
30422			enabled		
30424			enabled		
30427			enabled		
30428	https://www.town.kushimoto.wakayama.jp/reiki_int/reiki_menu.html	taikei	enabled		
31000	https://www1.g-reiki.net/tottori/reiki_menu.html	g-reiki	enabled		
31201	https://www.city.tottori.lg.jp/reiki/reiki_menu.html	taikei	enabled		
31202	http://reiki.city.yonago.lg.jp/reiki/reiki.html	reiki.html	enabled		
31203	https://www.city.kurayoshi.lg.jp/d1w_reiki/reiki.html	d1-law	enabled		
31204	https://www.city.sakaiminato.lg.jp/d1w_reiki/reiki.html	d1-law	enabled		
31302	http://www.iwami.gr.jp/reiki_int/reiki_menu.html	taikei	enabled		
31325	https://www.town.wakasa.tottori.jp/section/reiki_int/reiki_menu.html	taikei	enabled		
31328	https://www.chizutown.jp/contents/reiki_202412/reiki_menu.html	taikei	enabled		
31329	https://public.joureikun.jp/yazu_town/reiki/	joureikun	enabled		
31364	http://www.town.misasa.tottori.jp/~misasa01/NewReiki/reiki_menu.html	taikei	enabled		
31370	https://www.yurihama.jp/reiki/reiki_menu.html	taikei	enabled		
31371	https://www1.g-reiki.net/kotoura/reiki_menu.html	g-reiki	enabled		
31372	https://www.e-hokuei.net/chosei/reiki/reiki_menu.html	taikei	enabled		
31384	https://www.hiezu.jp/reiki/	独自	excluded	unsupported_system	WordPress 製の独自例規集（1 例規 1 ページ、目次は reiki_tag のカテゴリ）
31386	https://www.daisen.jp/reiki/reiki_menu.html	taikei	enabled		
31389	https://www.town.nanbu.tottori.jp/reiki/	taikei	enabled		
31390	https://www1.g-reiki.net/houki/reiki_menu.html	g-reiki	enabled		
31401	https://lg.joureikun.jp/nichinan_town/	joureikun	enabled		
31402	http://www.town.hino.tottori.jp/reiki/reiki_menu.html	taikei	enabled		
31403	https://www.town-kofu.jp/reiki/reiki_menu.html	taikei	enabled		
32000	https://krm101.legal-square.com/HAS-Shohin/page/SJSrbLogin.jsf	legal-square	enabled		
32201	https://krr130.legal-square.com/HAS-Shohin/page/SJSrbLogin.jsf	legal-square	enabled		
32202	https://ops-jg.d1-law.com/opensearch/SrFeF01/init?jctcd=8A8B78EA9C	d1-law	enabled		
32203	https://public2.legalcrud.com/izumo_city/reiki/	legalcrud	enabled		
32204	https://www1.g-reiki.net/masuda/reiki_menu.html	g-reiki	enabled		
32205	http://www.iwamigin.jp/ohda/reiki/index.html	taikei	enabled		
32206	https://www1.g-reiki.net/city.yasugi/reiki_menu.html	g-reiki	enabled		
32207	https://www1.g-reiki.net/city.gotsu/reiki_menu.html	g-reiki	enabled		
32209	https://www1.g-reiki.net/unnan/reiki_menu.html	g-reiki	enabled		
32343	https://www.town.okuizumo.shimane.jp/reiki/reiki_int/	taikei	enabled		
32386	https://www.iinan.jp/reiki/reiki_int/reiki_menu.html	taikei	enabled		
32441	https://www.town.shimane-kawamoto.lg.jp/reiki/reiki_menu.html	taikei	enabled		
32448	https://gov.town.shimane-misato.lg.jp/reiki_int/reiki_menu.html	taikei	enabled		
32449	https://www1.g-reiki.net/town.ohnan/reiki_menu.html	g-reiki	enabled		
32501	https://www1.g-reiki.net/tsuwano/reiki_menu.html	g-reiki	enabled		
32505	https://www1.g-reiki.net/yoshika/reiki_menu.html	g-reiki	enabled		
32525	https://www.town.ama.shimane.jp/chousei/jourei	独自	excluded	pdf_only	例規集全体を 1 本の PDF で公開（海士町例規集R07年12月31日.pdf）
32526	https://www1.g-reiki.net/nishinoshima.shimane/reiki_menu.html	g-reiki	enabled		
32527	http://www.vill.chibu.lg.jp/gyosei/reiki/153	独自	excluded	pdf_only	例規集全体を 1 本の PDF（9.6MB）で公開
32528			enabled		
33000	http://210.236.99.57/HAS-Shohin/page/SJSrbLogin.jsf	legal-square	enabled		
33100	https://krq800.legal-square.com/HAS-Shohin/page/SJSrbLogin.jsf	legal-square	enabled		
33202	https://krm203.legal-square.com/HAS-Shohin/page/SJSrbLogin.jsf	legal-square	enabled		
33203	https://www1.g-reiki.net/tsuyama/reiki_menu.html	g-reiki	enabled		
33204	https://www1.g-reiki.net/city.tamano/reiki_menu.html	g-reiki	enabled		
33205	https://www.city.kasaoka.okayama.jp/reiki_int/reiki_menu.html	taikei	enabled		
33207	https://www1.g-reiki.net/city.ibara.okayama/reiki_menu.html	g-reiki	enabled		
33208	https://www1.g-reiki.net/soja/reiki_menu.html	g-reiki	enabled		
33209	https://www.city.takahashi.lg.jp/reiki_int/reiki_menu.html	taikei	enabled		
33210	https://krr139.legal-square.com/HAS-Shohin/page/SJSrbLogin.jsf	legal-square	enabled		
33211	https://krr138.legal-square.com/HAS-Shohin/page/SJSrbLogin.jsf	legal-square	enabled		
33212	https://www1.g-reiki.net/setouchi/reiki_menu.html	g-reiki	enabled		
33213	https://www1.g-reiki.net/akaiwa_reiki/reiki_menu.html	g-reiki	enabled		
33214	https://www.city.maniwa.lg.jp/reiki/reiki_menu.html	taikei	enabled		
33215	https://www.city.mimasaka.lg.jp/section/reiki/reiki_menu.html	taikei	enabled		
33216	https://www1.g-reiki.net/city.asakuchi/reiki_menu.html	g-reiki	enabled		
33346	https://www.town.wake.lg.jp/section/reiki/reiki_menu.html	taikei	enabled		
33423	https://www1.g-reiki.net/town.hayashima/reiki_menu.html	g-reiki	enabled		
33445	https://en3-jg.d1-law.com/satosho/d1w_reiki/reiki.html	d1-law	enabled		
33461	https://en3-jg.d1-law.com/yakage/d1w_reiki/reiki.html	d1-law	enabled		
33586	http://www.vill.shinjo.okayama.jp/reiki_int/reiki_menu.html	taikei	enabled		
33606	https://www1.g-reiki.net/town.kagamino/reiki_menu.html	g-reiki	enabled		
33622	https://www1.g-reiki.net/town.shoo/reiki_menu.html	g-reiki	enabled		
33623	https://www.town.nagi.okayama.jp/reiki_int/reiki_menu.html	taikei	enabled		
33643	https://www.vill.nishiawakura.okayama.jp/inc/d1w_reiki/reiki.html	d1-law	enabled		
33663	https://reiki.town.kumenan.lg.jp/reiki_menu.html	taikei	enabled		
33666	https://www.town.okayama-misaki.lg.jp/section/reiki_int/reiki_menu.html	taikei	enabled		
33681	https://www.town.kibichuo.lg.jp/reiki/reiki_menu.html	taikei	enabled		
34000	https://ops-jg.d1-law.com/opensearch/SrMjF01/init?jctcd=8A8B97723A	d1-law	enabled		
34100	http://reiki.city.hiroshima.jp/HAS-Shohin/page/SJSrbLogin.jsf	legal-square	enabled		
34202	https://www.city.kure.lg.jp/~reiki/reiki.html	reiki.html	enabled		
34203	https://www.city.takehara.lg.jp/section/d1w_reiki/reiki.html	d1-law	enabled		
34204	https://www.city.mihara.hiroshima.jp/reiki_int/reiki_menu.html	taikei	enabled		
34205	https://krm306.legal-square.com/HAS-Shohin/page/SJSrbLogin.jsf	legal-square	enabled		
34207	https://www.city.fukuyama.hiroshima.jp/soumu/reiki_int/reiki_menu.html	taikei	enabled		
34208	https://en3-jg.d1-law.com/fuchu-shi/d1w_reiki/reiki.html	d1-law	enabled		
34209	https://en3-jg.d1-law.com/miyoshi/d1w_reiki/reiki.html	d1-law	enabled		
34210	https://www.city.shobara.hiroshima.jp/d1w_reiki/reiki.html	d1-law	enabled		
34211	https://www1.g-reiki.net/city.otake.hiroshima/reiki_menu.html	g-reiki	enabled		
34212	https://www.city.higashihiroshima.lg.jp/section/reiki_int/reiki_menu.html	taikei	enabled		
34213	https://www1.g-reiki.net/city.hatsukaichi.hiroshima/reiki_menu.html	g-reiki	enabled		
34214	https://www1.g-reiki.net/akitakata/reiki_menu.html	g-reiki	enabled		
34215	https://krr068.legal-square.com/HAS-Shohin/page/SJSrbLogin.jsf	legal-square	enabled		
34302	https://en3-jg.d1-law.com/fuchu/d1w_reiki/reiki.html	d1-law	enabled		
34304	https://www1.g-reiki.net/town.kaita/reiki_menu.html	g-reiki	enabled		
34307	https://www.town.kumano.lg.jp/section/reiki/reiki_int/reiki_menu.html	taikei	enabled		
34309	https://en3-jg.d1-law.com/saka/d1w_reiki/reiki.html	d1-law	enabled		
34368	https://www.akiota.jp/reiki/reiki.html	reiki.html	enabled		
34369	https://www.town.kitahiroshima.lg.jp/rw-data/reiki_int/reiki_menu.html	taikei	enabled		
34431	https://www1.g-reiki.net/osakikamijima/reiki_menu.html	g-reiki	enabled		
34462	https://en3-jg.d1-law.com/sera/d1w_reiki/reiki.html	d1-law	enabled		
34545	http://www.jinsekigun.jp/site/reiki/reiki_int/reiki_menu.html	taikei	enabled		
35000	https://krm401.legal-square.com/HAS-Shohin/page/SJSrbLogin.jsf	legal-square	enabled		
35201	https://www1.g-reiki.net/city.shimonoseki/reiki_menu.html	g-reiki	enabled		
35202	https://krm403.legal-square.com/HAS-Shohin/page/SJSrbLogin.jsf	legal-square	enabled		
35203	https://www1.g-reiki.net/yamaguchi/reiki_menu.html	g-reiki	enabled		
35204	https://www.city.hagi.lg.jp/reiki/reiki_menu.html	taikei	enabled		
35206	https://www.city.hofu.yamaguchi.jp/reiki1/reiki_menu.html	taikei	enabled		
35207	https://www.city.kudamatsu.lg.jp/kudahp/reiki/reiki_int/reiki_menu.html	taikei	enabled		
35208	https://ops-jg.d1-law.com/opensearch/SrMjF01/init?jctcd=8A8BA72692	d1-law	enabled		
35210	https://www.city.hikari.lg.jp/section/reiki_int/reiki_menu.html	taikei	enabled		
35211	https://www.city.nagato.yamaguchi.jp/reiki/	joureikun	enabled		
35212	https://en3-jg.d1-law.com/yanai/d1w_reiki/reiki.html	d1-law	enabled		
35213	https://www2.city.mine.lg.jp/section/reiki/reiki_menu.html	taikei	enabled		
35215	https://en3-jg.d1-law.com/shunan/d1w_reiki/reiki.html	d1-law	enabled		
35216	https://krr145.legal-square.com/HAS-Shohin/page/SJSrbLogin.jsf	legal-square	enabled		
35305	https://www1.g-reiki.net/town.suo-oshima/reiki_menu.html	g-reiki	enabled		
35321	https://www1.g-reiki.net/town.waki/reiki_menu.html	g-reiki	enabled		
35341			enabled		
35343	https://www1.g-reiki.net/tabuse/reiki_menu.html	g-reiki	enabled		
35344	https://www.town.hirao.lg.jp/section/reiki/reiki_menu.html	taikei	enabled		
35502	https://townabu2.sakura.ne.jp/wp/wp-content/themes/abucho_work/reiki_menu.html	taikei	enabled		
36000	https://reiki.pref.tokushima.lg.jp/reiki_menu.html	taikei	enabled		
36201	http://reiki.city.tokushima.tokushima.jp/	taikei	enabled		
36202	https://www.city.naruto.lg.jp/contents/reiki_int/reiki_menu.html	taikei	enabled		
36203	https://www2.city.komatsushima.lg.jp/reiki/reiki.html	taikei	enabled		
36204	https://www1.g-reiki.net/anan/reiki_menu.html	g-reiki	enabled		
36205	http://www2.city.yoshinogawa.lg.jp/reiki/	taikei	enabled		
36206	https://www.city.awa.lg.jp/jyorei/reiki_menu.html	taikei	enabled		
36207	https://www.city.mima.lg.jp/reiki_int/reiki_menu.html	taikei	enabled		
36208	https://www.miyoshi.i-tokushima.jp/reiki/reiki_int/reiki_menu.html	taikei	enabled		
36301	https://en3-jg.d1-law.com/katsuura/d1w_reiki/reiki.html	d1-law	enabled		
36302	http://www.kamikatsu.jp/reiki/reiki_menu.html	taikei	enabled		
36321	https://www.vill.sanagochi.lg.jp/reiki/reiki_taikei/taikei_default.html	taikei	enabled		
36341	https://www.town.ishii.lg.jp/reiki/reiki_menu.html	taikei	enabled		
36342	http://www3.town.kamiyama.lg.jp/reiki/reiki_kana/r_50_no.html	taikei	enabled		
36368	https://www1.g-reiki.net/town.tokushima-naka/reiki_menu.html	g-reiki	enabled		
36383	https://www.town.tokushima-mugi.lg.jp/reiki/reiki_menu.html	taikei	enabled		
36387	https://www.town.minami.lg.jp/reiki_int/reiki_menu.html	taikei	enabled		
36388	https://www.town.kaiyo.lg.jp/reiki_int/reiki_menu.html	taikei	enabled		
36401	https://www.town.matsushige.tokushima.jp/reiki_int/reiki_menu.html	taikei	enabled		
36402	https://www.town.kitajima.lg.jp/reiki/reiki_menu.html	taikei	enabled		
36403	https://www.town.aizumi.lg.jp/reiki_int/reiki_menu.html	taikei	enabled		
36404	http://ns.town.itano.tokushima.jp/reiki/reiki_menu.html	taikei	enabled		
36405	https://www.townkamiita.jp/reiki_int/reiki_menu.html	taikei	enabled		
36468	https://www.town.tokushima-tsurugi.lg.jp/reiki_int/reiki_menu.html	taikei	enabled		
36489	https://www.town.higashimiyoshi.lg.jp/reiki/reiki_menu.html	taikei	enabled		
37000	https://en3-jg.d1-law.com/kagawa-ken/index.htm	d1-law	enabled		
37201	https://www1.g-reiki.net/city.takamatsu/reiki_menu.html	g-reiki	enabled		
37202	https://lg.joureikun.jp/marugame_city/reiki/	joureikun	enabled		
37203	https://en3-jg.d1-law.com/sakaide/d1w_reiki/reiki.html	d1-law	enabled		
37204	https://ops-jg.d1-law.com/opensearch/SrMjF01/init?jctcd=8A8BC5F92E	d1-law	enabled		
37205	https://www.city.kanonji.kagawa.jp/d1w_reiki/reiki.html	d1-law	enabled		
37206	https://reiki-sanuki.com/	taikei	enabled		
37207	https://en3-jg.d1-law.com/higashikagawa/d1w_reiki/reiki.html	d1-law	enabled		
37208	https://krr260.legal-square.com/HAS-Shohin/page/SJSrbLogin.jsf	legal-square	enabled		
37322	https://www.town.tonosho.kagawa.jp/section/reiki_int/reiki_menu.html	taikei	enabled		
37324	https://www.town.shodoshima.lg.jp/section/reiki_int/reiki_menu.html	taikei	enabled		
37341	https://www.town.miki.lg.jp/reiki_int/reiki_menu.html	taikei	enabled		
37364	http://www.town.naoshima.lg.jp/reiki_int/reiki_menu.html	taikei	enabled		
37386	https://ops-jg.d1-law.com/opensearch/SrMjF01/init?jctcd=8A8BC623C2	d1-law	enabled		
37387	https://www.town.ayagawa.lg.jp/reiki02/reiki_menu.html	taikei	enabled		
37403	https://ops-jg.d1-law.com/opensearch/SrMjF01/init?jctcd=8A8BC64815	d1-law	enabled		
37404	https://www1.g-reiki.net/town.tadotsu/reiki_menu.html	g-reiki	enabled		
37406	https://www1.g-reiki.net/town.manno/reiki_menu.html	g-reiki	enabled		
38000	https://ops-jg.d1-law.com/opensearch/SrFeF01/init?jctcd=8A8BD5177A	d1-law	enabled		
38201	https://kro202.legal-square.com/HAS-Shohin/page/SJSrbLogin.jsf	legal-square	enabled		
38202	https://www.city.imabari.ehime.jp/reikishu/	taikei	enabled		
38203	https://www.city.uwajima.ehime.jp/reiki/reiki_menu.html	taikei	enabled		
38204	https://www.city.yawatahama.ehime.jp/reiki/reiki_menu.html	taikei	enabled		
38205	https://www.city.niihama.lg.jp/kouhou/reiki_int/reiki_menu.html	taikei	enabled		
38206	https://www1.g-reiki.net/city.saijo.ehime/reiki_menu.html	g-reiki	enabled		
38207	https://www.city.ozu.ehime.jp/reiki/reiki_menu.html	taikei	enabled		
38210	https://en3-jg.d1-law.com/iyo/d1w_reiki/reiki.html	d1-law	enabled		
38213	https://www1.g-reiki.net/shikokuchuo/reiki_kana/r_50_no.html	g-reiki	enabled		
38214	https://www1.g-reiki.net/city.seiyo/reiki_menu.html	g-reiki	enabled		
38215	https://www1.g-reiki.net/city.toon.ehime/reiki_menu.html	g-reiki	enabled		
38356	https://www.town.kamijima.lg.jp/reiki_int/reiki_menu.html	taikei	enabled		
38386	https://www1.g-reiki.net/kumakogen/reiki_menu.html	g-reiki	enabled		
38401	https://www.town.masaki.ehime.jp/reiki_int/reiki_menu.html	taikei	enabled		
38402	https://www.town.tobe.ehime.jp/section/reiki/reiki_menu.html	taikei	enabled		
38422	https://www1.g-reiki.net/town.uchiko/reiki_menu.html	g-reiki	enabled		
38442	https://www.town.ikata.ehime.jp/reiki_int/reiki_menu.html	taikei	enabled		
38484	https://www1.g-reiki.net/town.matsuno.ehime/reiki_menu.html	g-reiki	enabled		
38488	https://www.town.kihoku.ehime.jp/reiki_int/reiki_menu.html	taikei	enabled		
38506	https://en3-jg.d1-law.com/ainan/d1w_reiki/reiki.html	d1-law	enabled		
39000	https://ops-jg.d1-law.com/opensearch/SrMjF01/init?jctcd=8A8BE480CA	d1-law	enabled		
39201	https://www1.g-reiki.net/city.kochi/reiki_menu.html	g-reiki	enabled		
39202	https://www.city.muroto.kochi.jp/reiki_int/reiki_menu.html	taikei	enabled		
39203	https://www.city.aki.kochi.jp/reiki/reiki_menu.html	taikei	enabled		
39204	https://www.city.nankoku.lg.jp/reiki/reiki_menu.html	taikei	enabled		
39205	https://en3-jg.d1-law.com/tosa/d1w_reiki/reiki.html	d1-law	enabled		
39206	https://www.city.susaki.lg.jp/reiki/reiki_menu.html	taikei	enabled		
39208	https://www.city.sukumo.kochi.jp/reiki_int/reiki_menu.html	taikei	enabled		
39209	https://www.city.tosashimizu.kochi.jp/reiki/index.htm	reiki.html	enabled		
39210	http://www1.city.shimanto.lg.jp/reiki_int/reiki_menu.html	taikei	enabled		
39211	https://www.city.kochi-konan.lg.jp/section/reiki_int/reiki_menu.html	taikei	enabled		
39212	https://www1.g-reiki.net/kami/reiki_menu.html	g-reiki	enabled		
39301	http://web.town.toyo.kochi.jp/joho/reiki_int/reiki_menu.html	taikei	enabled		
39302	https://www.town.nahari.kochi.jp/reiki/reiki.html	reiki.html	enabled		
39303	https://en3-jg.d1-law.com/tano-town/d1w_reiki/reiki.html	d1-law	enabled		
39304	https://www.town.yasuda.kochi.jp/reiki/reiki.html	reiki.html	enabled		
39305	https://www.kitagawamura.jp/reiki/index.htm	jourei-v5	enabled		
39306	https://vill.umaji.lg.jp/reiki/	jourei-v5	enabled		
39307	https://www.vill.geisei.kochi.jp/reiki_int/reiki_menu.html	taikei	enabled		
39341	https://en3-jg.d1-law.com/motoyama/d1w_reiki/reiki.html	d1-law	enabled		
39344	https://en3-jg.d1-law.com/otoyo/d1w_reiki/reiki.htm	d1-law	enabled		
39363	https://www.town.tosa.kochi.jp/reiki/reiki.html	reiki.html	enabled		
39364			enabled		
39386	http://www2.town.ino.kochi.jp/reiki2/reiki_menu.html	taikei	enabled		
39387	https://www.town.niyodogawa.lg.jp/reiki/reiki_menu.html	taikei	enabled		
39401	https://www1.g-reiki.net/town.nakatosa/reiki_menu.html	g-reiki	enabled		
39402	https://www.town.sakawa.lg.jp/reiki/reiki_menu.html	taikei	enabled		
39403	https://en3-jg.d1-law.com/ochi/d1w_reiki/reiki.html	d1-law	enabled		
39405	https://www.town.yusuhara.lg.jp/reiki_int/reiki_menu.html	taikei	enabled		
39410	https://en3-jg.d1-law.com/hidaka-vill/d1w_reiki/reiki.html	d1-law	enabled		
39411	https://town.kochi-tsuno.lg.jp/reiki/reiki_menu.html	taikei	enabled		
39412	https://www.town.shimanto.lg.jp/reiki/reiki.html	reiki.html	enabled		
39424	https://ops-jg.d1-law.com/opensearch/SrMjF01/init?jctcd=8A8BE51B76	d1-law	enabled		
39427	https://www.vill.mihara.kochi.jp/reiki/reiki_menu.html	taikei	enabled		
39428	https://www.town.kuroshio.lg.jp/reiki_int/reiki_menu.html	taikei	enabled		
40000	https://krq001.legal-square.com/HAS-Shohin/page/SJSrbLogin.jsf	legal-square	enabled		
40100	https://krq002.legal-square.com/HAS-Shohin/page/SJSrbLogin.jsf	legal-square	enabled		
40130	http://www.city.fukuoka.lg.jp/d1w_reiki/reiki_taikei/taikei_default.html	taikei	enabled		
40202	https://en3-jg.d1-law.com/omuta/d1w_reiki/reiki.html	d1-law	enabled		
40203	https://www1.city.kurume.fukuoka.jp/reiki_int/reiki_menu.html	taikei	enabled		
40204	https://www1.g-reiki.net/city.nogata/reiki_menu.html	g-reiki	enabled		
40205	https://www1.g-reiki.net/city.iizuka/reiki_menu.html	g-reiki	enabled		
40206	https://krq008.legal-square.com/HAS-Shohin/page/SJSrbLogin.jsf	legal-square	enabled		
40207	https://www.city.yanagawa.fukuoka.jp/reiki_int/reiki_menu.html	taikei	enabled		
40210	https://www.city.yame.fukuoka.jp/section/reiki/reiki_menu.html	taikei	enabled		
40211	https://www.city.chikugo.lg.jp/reiki_int/reiki_kana/r_50_to.html	taikei	enabled		
40212	https://en3-jg.d1-law.com/okawa/d1w_reiki/reiki.html	d1-law	enabled		
40213	https://ops-jg.d1-law.com/opensearch/SrMjF01/init?jctcd=8A9160C242	d1-law	enabled		
40214	https://en3-jg.d1-law.com/buzen/d1w_reiki/reiki.html	d1-law	enabled		
40215	https://ops-jg.d1-law.com/opensearch/SrMjF01/init?jctcd=8F45644C44	d1-law	enabled		
40216	https://www1.g-reiki.net/ogori/reiki_menu.html	g-reiki	enabled		
40217	https://ops-jg.d1-law.com/opensearch/SrMjF01/init?jctcd=8A9160C246	d1-law	enabled		
40218	https://www1.g-reiki.net/city.kasuga.fukuoka/reiki_menu.html	g-reiki	enabled		
40219	https://en3-jg.d1-law.com/onojo/d1w_reiki/reiki.html	d1-law	enabled		
40220	https://www1.g-reiki.net/city.munakata/reiki_menu.html	g-reiki	enabled		
40221	https://www.city.dazaifu.lg.jp/soumu/reiki_int/reiki_menu.html	taikei	enabled		
40223	https://www.city.koga.fukuoka.jp/cityhall/reiki/reiki_menu.html	taikei	enabled		
40224	https://www1.g-reiki.net/city.fukutsu/reiki_menu.html	g-reiki	enabled		
40225	https://www1.g-reiki.net/city.ukiha.fukuoka/reiki_menu.html	g-reiki	enabled		
40226	https://www.city.miyawaka.lg.jp/reikisyu/reiki_menu.html	taikei	enabled		
40227	https://www1.g-reiki.net/city.kama/reiki_menu.html	g-reiki	enabled		
40228	https://www1.g-reiki.net/city.asakura/reiki_menu.html	g-reiki	enabled		
40229	https://www1.g-reiki.net/city.miyama/reiki_menu.html	g-reiki	enabled		
40230	https://www1.g-reiki.net/itoshima/reiki_menu.html	g-reiki	enabled		
40231	https://www1.g-reiki.net/city.nakagawa/reiki_menu.html	g-reiki	enabled		
40341	https://public.joureikun.jp/umi_town/reiki/	joureikun	enabled		
40342	https://www1.g-reiki.net/town.sasaguri/reiki_menu.html	g-reiki	enabled		
40343	https://ops-jg.d1-law.com/opensearch/SrMjF01/init?jctcd=8A9160EADB	d1-law	enabled		
40344	https://www1.g-reiki.net/sue/reiki_kana/r_50_su.html	g-reiki	enabled		
40345	https://www.town.shingu.fukuoka.jp/section/reiki_int/reiki_menu.html	taikei	enabled		
40348	https://www1.g-reiki.net/town.hisayama/reiki_menu.html	g-reiki	enabled		
40349	https://public1.legalcrud.com/kasuya_town/reiki/	legalcrud	enabled		
40381	https://ops-jg.d1-law.com/opensearch/SrMjF01/init?jctcd=8A9160EC6D	d1-law	enabled		
40382	https://ops-jg.d1-law.com/opensearch/SrMjF01/init?jctcd=8A9160EC6E	d1-law	enabled		
40383	https://ops-jg.d1-law.com/opensearch/SrMjF01/init?jctcd=8A9160EC6F	d1-law	enabled		
40384	https://ops-jg.d1-law.com/opensearch/SrMjF01/init?jctcd=8A9160EC70	d1-law	enabled		
40401	https://www1.g-reiki.net/town-kotake/reiki_menu.html	g-reiki	enabled		
40402	https://en3-jg.d1-law.com/kurate/d1w_reiki/reiki.html	d1-law	enabled		
40421	https://www1.g-reiki.net/keisen/reiki_menu.html	g-reiki	enabled		
40447	https://ops-jg.d1-law.com/opensearch/SrMjF01/init?jctcd=8A91611253	d1-law	enabled		
40448	https://www1.g-reiki.net/vill.toho/reiki_menu.html	g-reiki	enabled		
40503	https://www1.g-reiki.net/town.tachiarai.fukuoka/reiki_menu.html	g-reiki	enabled		
40522	https://www.town.ooki.lg.jp/reiki_int/reiki_menu.html	taikei	enabled		
40544	https://www1.g-reiki.net/town.hirokawa.fukuoka/reiki_menu.html	g-reiki	enabled		
40601	https://www1.g-reiki.net/kawara/reiki_menu.html	g-reiki	enabled		
40602	https://www.town.soeda.fukuoka.jp/reiki/reiki_menu.html	taikei	enabled		
40604	https://en3-jg.d1-law.com/itoda/d1w_reiki/reiki.html	d1-law	enabled		
40605	https://www.town-kawasaki.com/reiki_int/reiki_menu.html	taikei	enabled		
40608			enabled		
40609	https://www.akamura.net/reiki/reiki_menu.html	taikei	enabled		
40610	https://www1.g-reiki.net/fukuchi/reiki_menu.html	g-reiki	enabled		
40621	https://www1.g-reiki.net/town.kanda/reiki_menu.html	g-reiki	enabled		
40625	https://www1.g-reiki.net/town.miyako/reiki_menu.html	g-reiki	enabled		
40642	https://ops-jg.d1-law.com/opensearch/SrMjF01/init?jctcd=8A91616136	d1-law	enabled		
40646	https://ops-jg.d1-law.com/opensearch/SrMjF01/init?jctcd=8A9161613A	d1-law	enabled		
40647	https://en3-jg.d1-law.com/chikujo/d1w_reiki/reiki.html	d1-law	enabled		
41000	https://www1.g-reiki.net/pref.saga/reiki_menu.html	g-reiki	enabled		
41201	https://www1.g-reiki.net/city.saga/reiki_menu.html	g-reiki	enabled		
41202	https://www1.g-reiki.net/karatsu/reiki_menu.html	g-reiki	enabled		
41203	https://www1.g-reiki.net/city.tosu/reiki_menu.html	g-reiki	enabled		
41204	https://www1.g-reiki.net/city.taku/reiki_menu.html	g-reiki	enabled		
41205	https://www1.g-reiki.net/imari/reiki_menu.html	g-reiki	enabled		
41206	https://www.city.takeo.lg.jp/reiki/reiki_menu.html	taikei	enabled		
41207	https://www1.g-reiki.net/kashima/reiki_menu.html	g-reiki	enabled		
41208	https://www.city.ogi.lg.jp/reiki_int/reiki_menu.html	taikei	enabled		
41209	https://www1.g-reiki.net/city.ureshino/reiki_menu.html	g-reiki	enabled		
41210	http://www.city.kanzaki.saga.jp/reiki_int/reiki_menu.html	taikei	enabled		
41327	https://www.town.yoshinogari.lg.jp/section/reiki_int/	taikei	enabled		
41341	https://www.town.kiyama.lg.jp/static/reiki/reiki.html	reiki.html	enabled		
41345	https://www1.g-reiki.net/town.kamimine/reiki_menu.html	g-reiki	enabled		
41346	https://ops-jg.d1-law.com/opensearch/SrMjF01/init?jctcd=8A9170542E	d1-law	enabled		
41387	https://www1.g-reiki.net/genkai/reiki_menu.html	g-reiki	enabled		
41401	https://www.town.arita.lg.jp/reiki_int/reiki_menu.html	taikei	enabled		
41423	https://www.town.omachi.lg.jp/joureikun/	joureikun	enabled		
41424	https://en3-jg.d1-law.com/kouhoku/d1w_reiki/reiki.html	d1-law	enabled		
41425	http://reiki.town.shiroishi.lg.jp/	taikei	enabled		
41441	https://www1.g-reiki.net/town.tara/reiki_menu.html	g-reiki	enabled		
42000	https://krq301.legal-square.com/HAS-Shohin/page/SJSrbLogin.jsf	legal-square	enabled		
42201	https://www1.g-reiki.net/nagasaki/reiki_kana/r_50_ti.html	g-reiki	enabled		
42202	https://en3-jg.d1-law.com/sasebo/d1w_reiki/reiki.html	d1-law	enabled		
42203	https://www.city.shimabara.lg.jp/reiki/reiki.html	reiki.html	enabled		
42204	https://www1.g-reiki.net/city.isahaya.nagasaki/reiki_menu.html	g-reiki	enabled		
42205	https://www1.g-reiki.net/omura/reiki_menu.html	g-reiki	enabled		
42207	https://krq308.legal-square.com/HAS-Shohin/page/SJSrbLogin.jsf	legal-square	enabled		
42208	https://krr349.legal-square.com/HAS-Shohin/page/SJSrbLogin.jsf	legal-square	enabled		
42209	https://www.city.tsushima.nagasaki.jp/section/reiki_int/reiki_menu.html	taikei	enabled		
42210	https://www.city.iki.nagasaki.jp/section/reiki/reiki_menu.html	taikei	enabled		
42211	https://ops-jg.d1-law.com/opensearch/SrMjF01/init?jctcd=8A917E0E40	d1-law	enabled		
42212	https://en3-jg.d1-law.com/saikai/d1w_reiki/reiki.html	d1-law	enabled		
42213	https://www1.g-reiki.net/unzen/reiki_menu.html	g-reiki	enabled		
42214	https://www1.g-reiki.net/city.minamishimabara/reiki_menu.html	g-reiki	enabled		
42307	https://webtown.nagayo.jp/reiki/	taikei	enabled		
42308	https://www1.g-reiki.net/town.togitsu/reiki_menu.html	g-reiki	enabled		
42321	https://www.town.higashisonogi.lg.jp/section/reiki_int/reiki_menu.html	taikei	enabled		
42322	https://www1.g-reiki.net/kawatana/reiki_menu.html	g-reiki	enabled		
42323	https://en3-jg.d1-law.com/hasami/d1w_reiki/reiki.html	d1-law	enabled		
42383	https://en3-jg.d1-law.com/ojika/d1w_reiki/reiki.html	d1-law	enabled		
42391	https://www.sazacho-nagasaki.jp/reiki/reiki.html	reiki.html	enabled		
42411	https://ops-jg.d1-law.com/opensearch/SrMjF01/init?jctcd=8A917E5D28	d1-law	enabled		
43000	https://www1.g-reiki.net/pref.kumamoto/reiki_menu.html	g-reiki	enabled		
43100	https://krq402.legal-square.com/HAS-Shohin/page/SJSrbLogin.jsf	legal-square	enabled		
43202	http://www.city.yatsushiro.lg.jp/reiki/reiki_menu.html	taikei	enabled		
43203	https://www.city.hitoyoshi.lg.jp/reiki/reiki.html	taikei	enabled		
43204	https://en3-jg.d1-law.com/arao-shi/d1w_reiki/reiki.html	d1-law	enabled		
43205	https://ops-jg.d1-law.com/opensearch/SrMjF01/init?jctcd=8A918D772F	d1-law	enabled		
43206	https://www1.g-reiki.net/tamana/reiki_kana/r_50_ku.html	g-reiki	enabled		
43208	https://www1.g-reiki.net/yamaga/reiki_menu.html	g-reiki	enabled		
43210	https://www1.g-reiki.net/city.kikuchi/reiki_menu.html	g-reiki	enabled		
43211	https://www1.g-reiki.net/uto-city/reiki_menu.html	g-reiki	enabled		
43212	https://en3-jg.d1-law.com/kamiamakusa/d1w_reiki/reiki.html	d1-law	enabled		
43213	https://www1.g-reiki.net/uki/reiki_menu.html	g-reiki	enabled		
43214	https://ops-jg.d1-law.com/opensearch/SrFeF01/init?jctcd=8A918D7793	d1-law	enabled		
43215	http://www2.city.amakusa.kumamoto.jp/reiki/reiki_menu.html	taikei	enabled		
43216	https://krr308.legal-square.com/HAS-Shohin/page/SJSrbLogin.jsf	legal-square	enabled		
43348	https://www.town.kumamoto-misato.lg.jp/section/reiki_int/reiki_menu.html	taikei	enabled		
43364	https://www.town.gyokuto.kumamoto.jp/reiki/	taikei	enabled		
43367	https://www1.g-reiki.net/town.nankan/reiki_menu.html	g-reiki	enabled		
43368	https://public.joureikun.jp/nagasu_town/reiki/	joureikun	enabled		
43369	https://www.town.nagomi.lg.jp/nagomitown/reiki/reiki_menu.html	taikei	enabled		
43403	https://krq437.legal-square.com/HAS-Shohin/page/SJSrbLogin.jsf	legal-square	enabled		
43404	https://www1.g-reiki.net/kikuyo/reiki_menu.html	g-reiki	enabled		
43423	https://ops-jg.d1-law.com/opensearch/SrMjF01/init?jctcd=8A918DC6D5	d1-law	enabled		
43424	https://www1.g-reiki.net/town.kumamoto-oguni/reiki_menu.html	g-reiki	enabled		
43425	https://www.ubuyama-v.jp/section/JoureiV5HTMLContents/	jourei-v5	enabled		
43428	https://www1.g-reiki.net/takamori/reiki_menu.html	g-reiki	enabled		
43432	https://www.vill.nishihara.kumamoto.jp/reiki/reiki_menu.html	taikei	enabled		
43433	https://www.vill.minamiaso.lg.jp/reiki_int/reiki_menu.html	taikei	enabled		
43441	https://www1.g-reiki.net/mifune/reiki_menu.html	g-reiki	enabled		
43442	https://www.town.kumamoto-kashima.lg.jp/reiki/reiki_kana/r_50_to.html	taikei	enabled		
43443	https://ops-jg.d1-law.com/opensearch/SrMjF01/init?jctcd=8A918DC79F	d1-law	enabled		
43444	https://www.town.kosa.lg.jp/reiki_int/reiki_menu.html	taikei	enabled		
43447	https://www.town.kumamoto-yamato.lg.jp/reiki/reiki_menu.html	taikei	enabled		
43468	https://ops-jg.d1-law.com/opensearch/SrMjF01/init?jctcd=8A918DC86E	d1-law	enabled		
43482	https://www.town.ashikita.lg.jp/assets/reiki/reiki.html	taikei	enabled		
43484	https://www.town.tsunagi.lg.jp/reiki_int/reiki_menu.html	taikei	enabled		
43501	https://www.town.kumamoto-nishiki.lg.jp/reiki_menu/	taikei	enabled		
43505	https://en3-jg.d1-law.com/taragi/d1w_reiki/reiki.html	d1-law	enabled		
43506	https://www1.g-reiki.net/town.yunomae/reiki_menu.html	g-reiki	enabled		
43507	https://en3-jg.d1-law.com/mizukami/d1w_reiki/reiki.html	d1-law	enabled		
43510	http://www.vill.sagara.lg.jp/reiki/index.html	taikei	enabled		
43511	https://www.vill.itsuki.lg.jp/reiki/	taikei	enabled		
43512	https://www.vill.yamae.lg.jp/section/reiki_int/reiki_menu.html	taikei	enabled		
43513	https://en3-jg.d1-law.com/kuma/d1w_reiki/reiki.html	d1-law	enabled		
43514	https://www.town.asagiri.lg.jp/reiki/	taikei	enabled		
43531	https://en3-jg.d1-law.com/reihoku/d1w_reiki/reiki.html	d1-law	enabled		
44000	https://krq501.legal-square.com/HAS-Shohin/page/SJSrbLogin.jsf	legal-square	enabled		
44201	https://krq502.legal-square.com/HAS-Shohin/page/SJSrbLogin.jsf	legal-square	enabled		
44202	https://www1.g-reiki.net/city.beppu/reiki_menu.html	g-reiki	enabled		
44203	https://www.city-nakatsu.jp/d1w_reiki/reiki.html	d1-law	enabled		
44204	https://www1.g-reiki.net/hita/reiki_menu.html	g-reiki	enabled		
44205	https://www.city.saiki.oita.jp/reiki/reiki_menu.html	taikei	enabled		
44206	https://www1.g-reiki.net/city.usuki/reiki_menu.html	g-reiki	enabled		
44207	https://www1.g-reiki.net/city.tsukumi.oita/reiki_menu.html	g-reiki	enabled		
44208	https://www.city.taketa.oita.jp/section/reiki/reiki_menu.html	taikei	enabled		
44209	https://www1.g-reiki.net/city.bungotakada/reiki_menu.html	g-reiki	enabled		
44210	https://en3-jg.d1-law.com/kitsuki/d1w_reiki/reiki.html	d1-law	enabled		
44211	https://en3-jg.d1-law.com/usa/d1w_reiki/reiki.html	d1-law	enabled		
44212	https://www.bungo-ohno.jp/reiki/reiki_menu.html	taikei	enabled		
44213	https://www1.g-reiki.net/yufu/reiki_menu.html	g-reiki	enabled		
44214	https://www1.g-reiki.net/kunisaki/reiki_taikei/taikei_default.html	g-reiki	enabled		
44322			enabled		
44341	https://www.town.hiji.lg.jp/section/d1w_reiki/reiki.html	d1-law	enabled		
44461	https://www1.g-reiki.net/kokonoe/reiki_menu.html	g-reiki	enabled		
44462	https://ops-jg.d1-law.com/opensearch/SrMjF01/init?jctcd=8A919D31B8	d1-law	enabled		
45000	https://en3-jg.d1-law.com/miyazaki-ken/d1w_reiki/reiki.html	d1-law	enabled		
45201	https://ops-jg.d1-law.com/opensearch/SrFeF01/init?jctcd=8A91AC49CB	d1-law	enabled		
45202	https://www1.g-reiki.net/mkj/reiki/reiki_int/reiki_menu.html	g-reiki	enabled		
45203	https://ops-jg.d1-law.com/opensearch/SrMjF01/init?jctcd=8A91AC49CD	d1-law	enabled		
45204	https://ops-jg.d1-law.com/opensearch/SrMjF01/init?jctcd=8A91AC49CE	d1-law	enabled		
45205	http://toweb.city.kobayashi.lg.jp/reiki/	taikei	enabled		
45206	https://www.hyugacity.jp/reiki_new/reiki_taikei/taikei_default.html	taikei	enabled		
45207	https://ops-jg.d1-law.com/opensearch/SrMjF01/init?jctcd=8A91AC49D1	d1-law	enabled		
45208	https://www1.g-reiki.net/saito/reiki_menu.html	g-reiki	enabled		
45209	https://www.city.ebino.lg.jp/section/JoureiV5HTMLContents/index.htm	jourei-v5	enabled		
45341	https://public1.legalcrud.com/mimata_town/reiki/	legalcrud	enabled		
45361	https://www.town.takaharu.lg.jp/reikisyu/reiki_int/reiki_menu.html	taikei	enabled		
45382	http://www.town.kunitomi.miyazaki.jp/reiki_int/reiki_menu.html	taikei	enabled		
45383	https://ops-jg.d1-law.com/opensearch/SrMjF01/init?jctcd=8A91AC745F	d1-law	enabled		
45401	https://www.town.takanabe.lg.jp/section/reiki_int/reiki_menu.html	taikei	enabled		
45402	https://www1.g-reiki.net/shintomi/reiki_menu.html	g-reiki	enabled		
45403			enabled		
45404	https://www.town.kijo.lg.jp/section/reiki_int/reiki_menu.html	taikei	enabled		
45405	https://en3-jg.d1-law.com/kawaminami/d1w_reiki/reiki.html	d1-law	enabled		
45406	https://www.town.tsuno.lg.jp/reiki/reiki_menu.html	taikei	enabled		
45421	https://www.town.kadogawa.lg.jp/reiki_int/reiki_menu.html	taikei	enabled		
45429			enabled		
45430	https://public.joureikun.jp/shiiba_vill/reiki/	joureikun	enabled		
45431	https://en3-jg.d1-law.com/misato-miyazaki/d1w_reiki/reiki.html	d1-law	enabled		
45441	https://www.town-takachiho.jp/section/reiki_int/reiki_menu.html	taikei	enabled		
45442	https://en3-jg.d1-law.com/hinokage/d1w_reiki/reiki.html	d1-law	enabled		
45443	https://ops-jg.d1-law.com/opensearch/SrMjF01/init?jctcd=8A91AC9A3F	d1-law	enabled		
46000	http://g-reiki.pref.kagoshima.jp/pref.kagoshima2/reiki_menu.html	g-reiki	enabled		
46201	http://g-reiki.city.kagoshima.lg.jp/kagoshima2/reiki_menu.html	g-reiki	enabled		
46203	https://ops-jg.d1-law.com/opensearch/SrMjF01/init?jctcd=8A91BBB31D	d1-law	enabled		
46204	https://ops-jg.d1-law.com/opensearch/SrMjF01/init?jctcd=8A91BBB31E	d1-law	enabled		
46206	https://www.city.akune.lg.jp/section/reiki/reiki_menu.html	taikei	enabled		
46208	https://www.city.kagoshima-izumi.lg.jp/reiki_int/reiki_menu.html	taikei	enabled		
46210	https://www.city.ibusuki.lg.jp/reiki_int/reiki_menu.html	taikei	enabled		
46213	https://www1.g-reiki.net/city.nishinoomote/reiki_menu.html	g-reiki	enabled		
46214	https://www1.g-reiki.net/city.tarumizu/reiki_menu.html	g-reiki	enabled		
46215	https://www1.g-reiki.net/city.satsumasendai/reiki_menu.html	g-reiki	enabled		
46216	http://www.city.hioki.kagoshima.jp/reiki/reiki_menu.html	taikei	enabled		
46217	https://krr247.legal-square.com/HAS-Shohin/page/SJSrbLogin.jsf	legal-square	enabled		
46218	https://www1.g-reiki.net/city-kirishima/reiki_menu.html	g-reiki	enabled		
46219	http://www.city.ichikikushikino.lg.jp/reiki/reiki.html	reiki.html	enabled		
46220	https://www.city.minamisatsuma.lg.jp/reiki_int/reiki_menu.html	taikei	enabled		
46221	https://www1.g-reiki.net/city.shibushi/reiki_menu.html	g-reiki	enabled		
46222	https://www1.g-reiki.net/city.amami/reiki_menu.html	g-reiki	enabled		
46223	https://www1.g-reiki.net/city.minamikyushu/reiki_menu.html	g-reiki	enabled		
46224	https://www1.g-reiki.net/isa/reiki_menu.html	g-reiki	enabled		
46225	https://ops-jg.d1-law.com/opensearch/SrMjF01/init?jctcd=8A91BBB3DF	d1-law	enabled		
46303	https://mishimamura.com/reiki_int/reiki_menu.html	taikei	enabled		
46304	http://www.tokara.jp/reiki_int/reiki_menu.html	taikei	enabled		
46392	https://www1.g-reiki.net/satsuma/reiki_menu.html	g-reiki	enabled		
46404	https://ops-jg.d1-law.com/opensearch/SrMjF01/init?jctcd=8A91BC0206	d1-law	enabled		
46452	https://www.town.yusui.kagoshima.jp/reiki/reiki_int/reiki_menu.html	taikei	enabled		
46468	https://www1.g-reiki.net/town.kagoshima-osaki/reiki_menu.html	g-reiki	enabled		
46482	https://ops-jg.d1-law.com/opensearch/SrMjF01/init?jctcd=8A91BC0522	d1-law	enabled		
46490	http://www.town.kinko.lg.jp/d1w_reiki/reiki.html	d1-law	enabled		
46491	https://en3-jg.d1-law.com/minamiosumi/d1w_reiki/reiki.html	d1-law	enabled		
46492	https://ops-jg.d1-law.com/opensearch/SrMjF01/init?jctcd=8A91BC0587	d1-law	enabled		
46501	http://town.nakatane.kagoshima.jp/naka-reiki/reiki_menu.html	taikei	enabled		
46502	https://en3-jg.d1-law.com/minamitane/d1w_reiki/reiki.html	d1-law	enabled		
46505	https://www1.g-reiki.net/town.yakushima.kagoshima/reiki_menu.html	g-reiki	enabled		
46523	https://ops-jg.d1-law.com/opensearch/SrMjF01/init?jctcd=8A91BC2A39	d1-law	enabled		
46524	http://www.uken.net/kouhoutoukei/muranogaiyo/reki/index.html	独自	excluded	not_published	例規集は未公開。個別の条例 PDF が数件あるだけ
46525	https://www.town.setouchi.lg.jp/reiki/reiki_menu.html	taikei	enabled		
46527	https://ops-jg.d1-law.com/opensearch/SrMjF01/init?jctcd=8A91BC2A3D	d1-law	enabled		
46529	https://en3-jg.d1-law.com/kikai/d1w_reiki/reiki.html	d1-law	enabled		
46530	https://ops-jg.d1-law.com/opensearch/SrMjF01/init?jctcd=8A91BC2A9B	d1-law	enabled		
46531	https://ops-jg.d1-law.com/opensearch/SrMjF01/init?jctcd=8A91BC2A9C	d1-law	enabled		
46532	https://ops-jg.d1-law.com/opensearch/SrMjF01/init?jctcd=8A91BC2A9D	d1-law	enabled		
46533	https://www.town.wadomari.lg.jp/soumu/wadomaricho/reki.html	独自	excluded	not_published	「例規・条例」ページに本文も一覧も無い（問い合わせ先のみ）
46534	https://ops-jg.d1-law.com/opensearch/SrMjF01/init?jctcd=8A91BC2A9F	d1-law	enabled		
46535	https://www.yoron.jp/reiki/reiki.html	reiki.html	enabled		
47000	https://ops-jg.d1-law.com/opensearch/SrMjF01/init?jctcd=8A91CAD16A	d1-law	enabled		
47201	https://www1.g-reiki.net/naha/reiki_menu.html	g-reiki	enabled		
47205	https://krq905.legal-square.com/HAS-Shohin/page/SJSrbLogin.jsf	legal-square	enabled		
47207	https://krq907.legal-square.com/HAS-Shohin/page/SJSrbLogin.jsf	legal-square	enabled		
47208	https://www1.g-reiki.net/urasoe/reiki_menu.html	g-reiki	enabled		
47209	https://krq909.legal-square.com/HAS-Shohin/page/SJSrbLogin.jsf	legal-square	enabled		
47210	https://www1.g-reiki.net/itoman/reiki_menu.html	g-reiki	enabled		
47211	https://www.city.okinawa.okinawa.jp/zyoureikun/	joureikun	enabled		
47212	https://ops-jg.d1-law.com/opensearch/SrMjF01/init?jctcd=8A91CB1CD1	d1-law	enabled		
47213	https://www1.g-reiki.net/uruma/reiki_menu.html	g-reiki	enabled		
47214	https://krr230.legal-square.com/HAS-Shohin/page/SJSrbLogin.jsf	legal-square	enabled		
47215	https://krr374.legal-square.com/HAS-Shohin/page/SJSrbLogin.jsf	legal-square	enabled		
47301	https://lg.joureikun.jp/kunigami_vill/reiki/	joureikun	enabled		
47302	https://www.vill.ogimi.okinawa.jp/section/reiki_int/reiki_menu.html	taikei	enabled		
47303	https://ops-jg.d1-law.com/opensearch/SrMjF01/init?jctcd=8A91CB43E1	d1-law	enabled		
47306	https://www1.g-reiki.net/nakijin/reiki_menu.html	g-reiki	enabled		
47308	http://www.reiki.town.motobu.okinawa.jp/reiki_menu.html	taikei	enabled		
47311	https://www.vill.onna.okinawa.jp/reiki_int/reiki_menu.html	taikei	enabled		
47313	https://www1.g-reiki.net/vill.ginoza/reiki_menu.html	g-reiki	enabled		
47314	https://krq919.legal-square.com/HAS-Shohin/page/SJSrbLogin.jsf	legal-square	enabled		
47315	https://www.iejima.org/reikishu/reiki.html	reiki.html	enabled		
47324	https://en3-jg.d1-law.com/yomitan/d1w_reiki/reiki.html	d1-law	enabled		
47325	https://www1.g-reiki.net/kadena/reiki_menu.html	g-reiki	enabled		
47326	https://www.chatan.jp/reiki/reiki_menu.html	taikei	enabled		
47327	https://ops-jg.d1-law.com/opensearch/SrMjF01/init?jctcd=8A91CB44A5	d1-law	enabled		
47328	https://www1.g-reiki.net/vill.nakagusuku/reiki_menu.html	g-reiki	enabled		
47329	https://www1.g-reiki.net/nishihara/reiki_menu.html	g-reiki	enabled		
47348	https://www1.g-reiki.net/yonabaru/reiki_menu.html	g-reiki	enabled		
47350	https://ops-jg.d1-law.com/opensearch/SrMjF01/init?jctcd=8A91CB45CD	d1-law	enabled		
47353	https://www1.g-reiki.net/tokashiki/reiki_menu.html	g-reiki	enabled		
47354	https://www1.g-reiki.net/zamami/reiki_menu.html	g-reiki	enabled		
47355	https://ops-jg.d1-law.com/opensearch/SrMjF01/init?jctcd=8A91CB45D2	d1-law	enabled		
47356			enabled		
47357			enabled		
47358			enabled		
47359	https://www1.g-reiki.net/iheya/reiki_menu.html	g-reiki	enabled		
47360			enabled		
47361	https://krq938.legal-square.com/HAS-Shohin/page/SJSrbLogin.jsf	legal-square	enabled		
47362	https://ops-jg.d1-law.com/opensearch/SrMjF01/init?jctcd=8A91CB4634	d1-law	enabled		
47375	https://www1.g-reiki.net/tarama/reiki_menu.html	g-reiki	enabled		
47381	https://ops-jg.d1-law.com/opensearch/SrMjF01/init?jctcd=8A91CB46FD	d1-law	enabled		
47382	https://www.town.yonaguni.okinawa.jp/reiki_int/reiki_menu.html	taikei	enabled		
